{
  "format_version": "1.8.0",
  "animations": {
    "animation.item.avarice_scythe": {
      "animation_length": 5.0,
      "loop": false,
      "timeline": {
        "0.0": [
          "/tag @s add ds",
          "/playsound items.death_spin @a[r=30]",
          "/damage @e[tag=!ds,r=3,type=!armor_stand] 15 entity_attack",
          "/particle custom:death_spin ~ ~ ~",
          "/summon custom:knock ~ ~ ~"
        ],
        "0.2": [
          "/particle custom:death_spin ~ ~ ~",
          "/damage @e[tag=!ds,r=3,type=!armor_stand] 15 entity_attack"
        ],
        "0.4": [
          "/particle custom:death_spin ~ ~ ~",
          "/damage @e[tag=!ds,r=3,type=!armor_stand] 15 entity_attack"
        ],
        "0.6": [
          "/particle custom:death_spin ~ ~ ~",
          "/damage @e[tag=!ds,r=3,type=!armor_stand] 15 entity_attack"
        ],
        "0.8": [
          "/particle custom:death_spin ~ ~ ~",
          "/damage @e[tag=!ds,r=3,type=!armor_stand] 15 entity_attack"
        ],
        "1.0": [
          "/particle custom:death_spin ~ ~ ~",
          "/damage @e[tag=!ds,r=3,type=!armor_stand] 15 entity_attack",
          "/tag @s remove ds"
        ]
      }
    },
    "animation.item.avarice_scythe1": {
      "animation_length": 5.0,
      "loop": false,
      "timeline": {
        "0.0": [
          "/tag @s add rc",
          "/playsound items.summon_claw @a[r=30]",
          "/summon custom:reaping_claw ~ ~ ~",
          "/effect @s slowness 2 6 true"
        ],
        "1.0": [
          "/playsound items.claw_pull @a[r=30]",
          "/execute at @s positioned ^ ^ ^2.5 run effect @e[r=3,type=!armor_stand,tag=!rc] nausea 25 1 true",
          "/execute at @s positioned ^ ^ ^2.5 run effect @e[r=3,type=!armor_stand,tag=!rc] poison 25 1 true",
          "/execute at @s positioned ^ ^ ^2.5 run effect @e[r=3,type=!armor_stand,tag=!rc] slowness 8 6 true"
        ],
        "2.0": [
          "/tag @s remove rc"
        ]
      }
    },
    "animation.item.avarice_scythe2": {
      "animation_length": 5.0,
      "loop": false,
      "timeline": {
        "0.0": [
          "/tag @s add ss",
          "/playsound items.summon_scythe @a[r=30]",
          "/summon custom:soul_scythe ~ ~ ~"
        ],
        "0.5": [
          "/playsound items.soul_scythe_slash @a[r=30]",
          "/execute at @s positioned ^ ^ ^2.5 run damage @e[r=3,type=!armor_stand,tag=!ss] 20 entity_attack",
          "/effect @s instant_health 1 0 true"
        ]
      }
    },
    "animation.item.avarice_scythe3": {
      "animation_length": 5.0,
      "loop": false,
      "timeline": {
        "0.0": [
          "/tag @s add s",
          "/playsound mob.wither.ambient @a[r=30] ~ ~ ~ 1.5",
          "/summon custom:knock ~ ~ ~",
          "/effect @s invisibility 1 255 true"
        ],
        "0.2": [
          "/particle custom:surge ~ ~ ~"
        ],
        "0.4": [
          "/particle custom:surge ~ ~ ~"
        ],
        "0.6": [
          "/particle custom:surge ~ ~ ~"
        ],
        "0.8": [
          "/particle custom:surge ~ ~ ~",
          "/summon custom:surge ~ ~ ~",
          "/playsound items.cross_slash @a[r=30]",
          "/effect @e[r=3,type=!armor_stand,tag=!s] wither 15 2 true"
        ]
      }
    },
    "animation.item.doombringer_axe": {
      "animation_length": 5.0,
      "loop": false,
      "timeline": {
        "0.0": [
          "/tag @s add iw",
          "/execute at @e[r=4,type=!armor_stand,type=!item,tag=!iw] run summon custom:burn ~ ~ ~",
          "/playsound mob.blaze.shoot @a[r=30]",
          "/summon custom:inferno_wheel_1 ^ ^0.5 ^0.5",
          "/execute at @s positioned ^ ^ ^2.5 run particle custom:fire ~ ~ ~",
          "/tag @s remove iw"
        ]
      }
    },
    "animation.item.doombringer_axe1": {
      "animation_length": 5.0,
      "loop": false,
      "timeline": {
        "0.0": [
          "/summon custom:blazing_leap_1",
          "/playsound items.flamos_leap @a[r=30]",
          "/effect @s levitation 1 18 true",
          "/particle minecraft:lava_particle ~ ~ ~",
          "/particle minecraft:lava_particle ~ ~ ~",
          "/particle minecraft:lava_particle ~ ~ ~",
          "/particle minecraft:lava_particle ~ ~ ~",
          "/particle minecraft:lava_particle ~ ~ ~",
          "/particle minecraft:lava_particle ~0.5 ~ ~",
          "/particle minecraft:lava_particle ~0.5 ~ ~",
          "/particle minecraft:lava_particle ~0.5 ~ ~",
          "/particle minecraft:lava_particle ~0.5 ~ ~",
          "/particle minecraft:lava_particle ~0.5 ~ ~",
          "/particle minecraft:lava_particle ~ ~ ~0.5",
          "/particle minecraft:lava_particle ~ ~ ~0.5",
          "/particle minecraft:lava_particle ~ ~ ~0.5",
          "/particle minecraft:lava_particle ~ ~ ~0.5",
          "/particle minecraft:lava_particle ~ ~ ~0.5",
          "/particle minecraft:lava_particle ~1 ~ ~",
          "/particle minecraft:lava_particle ~1 ~ ~",
          "/particle minecraft:lava_particle ~1 ~ ~",
          "/particle minecraft:lava_particle ~1 ~ ~",
          "/particle minecraft:lava_particle ~1 ~ ~",
          "/particle minecraft:lava_particle ~ ~ ~1",
          "/particle minecraft:lava_particle ~ ~ ~1",
          "/particle minecraft:lava_particle ~ ~ ~1",
          "/particle minecraft:lava_particle ~ ~ ~1",
          "/particle minecraft:lava_particle ~ ~ ~1"
        ],
        "0.5": [
          "/effect @s levitation 0 0 true"
        ]
      }
    },
    "animation.item.doombringer_axe2": {
      "animation_length": 5.0,
      "loop": false,
      "timeline": {
        "0.0": [
          "/summon custom:blazing_leap_1",
          "/playsound items.flamos_leap @a[r=30]",
          "/effect @s levitation 1 18 true",
          "/particle minecraft:lava_particle ~ ~ ~",
          "/particle minecraft:lava_particle ~ ~ ~",
          "/particle minecraft:lava_particle ~ ~ ~",
          "/particle minecraft:lava_particle ~ ~ ~",
          "/particle minecraft:lava_particle ~ ~ ~",
          "/particle minecraft:lava_particle ~0.5 ~ ~",
          "/particle minecraft:lava_particle ~0.5 ~ ~",
          "/particle minecraft:lava_particle ~0.5 ~ ~",
          "/particle minecraft:lava_particle ~0.5 ~ ~",
          "/particle minecraft:lava_particle ~0.5 ~ ~",
          "/particle minecraft:lava_particle ~ ~ ~0.5",
          "/particle minecraft:lava_particle ~ ~ ~0.5",
          "/particle minecraft:lava_particle ~ ~ ~0.5",
          "/particle minecraft:lava_particle ~ ~ ~0.5",
          "/particle minecraft:lava_particle ~ ~ ~0.5",
          "/particle minecraft:lava_particle ~1 ~ ~",
          "/particle minecraft:lava_particle ~1 ~ ~",
          "/particle minecraft:lava_particle ~1 ~ ~",
          "/particle minecraft:lava_particle ~1 ~ ~",
          "/particle minecraft:lava_particle ~1 ~ ~",
          "/particle minecraft:lava_particle ~ ~ ~1",
          "/particle minecraft:lava_particle ~ ~ ~1",
          "/particle minecraft:lava_particle ~ ~ ~1",
          "/particle minecraft:lava_particle ~ ~ ~1",
          "/particle minecraft:lava_particle ~ ~ ~1"
        ],
        "0.3": [
          "/effect @s levitation 0 0 true"
        ],
        "0.7": [
          "/playsound items.flamos_leap_1 @a[r=30]",
          "/summon custom:inferno_wheel_1"
        ],
        "1.14": [
          "/summon custom:inferno_wheel_1"
        ],
        "1.23": [
          "/effect @s resistance 1 255 true",
          "/structure load fireball ~~~",
          "/event entity @e[type=fireball,r=5,c=1] minecraft:explode",
          "/playsound random.explode @a[r=20] ~ ~ ~ 1.0",
          "/damage @e[tag=!dm2,r=5] 40 projectile",
          "/particle minecraft:huge_explosion_emitter ~ ~ ~"

        ],
        "1.7": [ 
          "/playsound items.flamos_leap_1 @a[r=30]",
          "/summon custom:inferno_wheel_1"
        ],
        "1.72": [

          "/structure load fireball ~~~",
          "/event entity @e[type=fireball,r=5,c=1] minecraft:explode",
          "/playsound random.explode @a[r=20] ~ ~ ~ 1.0",
          "/damage @e[tag=!dm2,r=5] 40 projectile",
          "/particle minecraft:huge_explosion_emitter ~ ~ ~"
        ],
        "2.0": [
          "/effect @s resistance 0 0 true"
        ]
      }
    },
    "animation.item.doombringer_axe3": {
      "animation_length": 5.0,
      "loop": false,
      "timeline": {
        "0.0": [
          "/tag @s add wd",
          "/effect @s slowness 4 1 true",
          "/effect @s resistance 4 4 true",
          "/playsound items.whirlwind @a[r=15]",
          "/damage @e[tag=!wd,r=3,type=!armor_stand] 5 entity_attack",
          "/particle bl:brutal_whirlwind ~ ~ ~"
        ],
        "0.5": [
          "/particle bl:brutal_whirlwind ~ ~ ~",
          "/playsound items.whirlwind @a[r=15]",
          "/damage @e[tag=!wd,r=3,type=!armor_stand] 5 entity_attack"
        ],
        "1.0": [
          "/particle bl:brutal_whirlwind ~ ~ ~",
          "/playsound items.whirlwind @a[r=15]",
          "/damage @e[tag=!wd,r=3,type=!armor_stand] 5 entity_attack"
        ],
        "1.5": [
          "/particle bl:brutal_whirlwind ~ ~ ~",
          "/playsound items.whirlwind @a[r=15]",
          "/damage @e[tag=!wd,r=3,type=!armor_stand] 5 entity_attack"
        ],
        "2.0": [
          "/particle bl:brutal_whirlwind ~ ~ ~",
          "/playsound items.whirlwind @a[r=15]",
          "/damage @e[tag=!wd,r=3,type=!armor_stand] 5 entity_attack"
        ],
        "2.5": [
          "/particle bl:brutal_whirlwind ~ ~ ~",
          "/playsound items.whirlwind @a[r=15]",
          "/damage @e[tag=!wd,r=3,type=!armor_stand] 5 entity_attack"
        ],
        "3.0": [
          "/particle bl:brutal_whirlwind ~ ~ ~",
          "/playsound items.whirlwind @a[r=15]",
          "/damage @e[tag=!wd,r=3,type=!armor_stand] 5 entity_attack",
          "/tag @s remove wd"
        ]
      }
    },
    "animation.item.doombringer_axe5": {
      "animation_length": 5.0,
      "loop": false,
      "timeline": {
        "0.0": [
          "/summon custom:knock_1 ~ ~ ~",
          "/playsound items.warrior_charge @a[r=30]"
        ],
        "1.5": [
          "/tag @s add wd",
          "/effect @s slowness 4 1 true",
          "/effect @s resistance 4 4 true",
          "/playsound items.whirlwind @a[r=15]",
          "/damage @e[tag=!wd,r=3,type=!armor_stand] 5 entity_attack",
          "/particle bl:brutal_whirlwind ~ ~ ~"
        ],
        "2.0": [
          "/particle bl:brutal_whirlwind ~ ~ ~",
          "/playsound items.whirlwind @a[r=15]",
          "/damage @e[tag=!wd,r=3,type=!armor_stand] 5 entity_attack"
        ],
        "2.5": [
          "/particle bl:brutal_whirlwind ~ ~ ~",
          "/playsound items.whirlwind @a[r=15]",
          "/damage @e[tag=!wd,r=3,type=!armor_stand] 5 entity_attack"
        ],
        "3.0": [
          "/particle bl:brutal_whirlwind ~ ~ ~",
          "/playsound items.whirlwind @a[r=15]",
          "/damage @e[tag=!wd,r=3,type=!armor_stand] 5 entity_attack"
        ],
        "3.5": [
          "/particle bl:brutal_whirlwind ~ ~ ~",
          "/playsound items.whirlwind @a[r=15]",
          "/damage @e[tag=!wd,r=3,type=!armor_stand] 5 entity_attack"
        ],
        "4.0": [
          "/particle bl:brutal_whirlwind ~ ~ ~",
          "/playsound items.whirlwind @a[r=15]",
          "/damage @e[tag=!wd,r=3,type=!armor_stand] 5 entity_attack"
        ],
        "4.5": [
          "/particle bl:brutal_whirlwind ~ ~ ~",
          "/playsound items.whirlwind @a[r=15]",
          "/damage @e[tag=!wd,r=3,type=!armor_stand] 5 entity_attack",
          "/tag @s remove wd"
        ]
      }
    },
    "animation.item.doombringer_axe2": {
      "animation_length": 5.0,
      "loop": false,
      "timeline": {
        "0.0": [
          "/summon custom:blazing_leap_1",
          "/playsound items.flamos_leap @a[r=30]",
          "/effect @s levitation 1 18 true",
          "/particle minecraft:lava_particle ~ ~ ~",
          "/particle minecraft:lava_particle ~ ~ ~",
          "/particle minecraft:lava_particle ~ ~ ~",
          "/particle minecraft:lava_particle ~ ~ ~",
          "/particle minecraft:lava_particle ~ ~ ~",
          "/particle minecraft:lava_particle ~0.5 ~ ~",
          "/particle minecraft:lava_particle ~0.5 ~ ~",
          "/particle minecraft:lava_particle ~0.5 ~ ~",
          "/particle minecraft:lava_particle ~0.5 ~ ~",
          "/particle minecraft:lava_particle ~0.5 ~ ~",
          "/particle minecraft:lava_particle ~ ~ ~0.5",
          "/particle minecraft:lava_particle ~ ~ ~0.5",
          "/particle minecraft:lava_particle ~ ~ ~0.5",
          "/particle minecraft:lava_particle ~ ~ ~0.5",
          "/particle minecraft:lava_particle ~ ~ ~0.5",
          "/particle minecraft:lava_particle ~1 ~ ~",
          "/particle minecraft:lava_particle ~1 ~ ~",
          "/particle minecraft:lava_particle ~1 ~ ~",
          "/particle minecraft:lava_particle ~1 ~ ~",
          "/particle minecraft:lava_particle ~1 ~ ~",
          "/particle minecraft:lava_particle ~ ~ ~1",
          "/particle minecraft:lava_particle ~ ~ ~1",
          "/particle minecraft:lava_particle ~ ~ ~1",
          "/particle minecraft:lava_particle ~ ~ ~1",
          "/particle minecraft:lava_particle ~ ~ ~1"
        ],
        "0.3": [
      "/effect @s levitation 0 0 true"
        ],
        "0.7": [
          "/playsound items.flamos_leap_1 @a[r=30]",
          "/summon custom:inferno_wheel_1"
        ],
        "1.14": [
          "/summon custom:inferno_wheel_1"
        ],
        "1.23": [
          "/effect @s resistance 1 255 true",
          "/structure load fireball ~~~",
          "/event entity @e[type=fireball,r=5,c=1] minecraft:explode",
          "/playsound random.explode @a[r=20] ~ ~ ~ 1.0",
          "/damage @e[tag=!dm2,r=5] 40 projectile",
          "/particle minecraft:huge_explosion_emitter ~ ~ ~"

        ],
        "1.7": [ 
          "/playsound items.flamos_leap_1 @a[r=30]",
          "/summon custom:inferno_wheel_1"
        ],
        "1.72": [

          "/structure load fireball ~~~",
          "/event entity @e[type=fireball,r=5,c=1] minecraft:explode",
          "/playsound random.explode @a[r=20] ~ ~ ~ 1.0",
          "/damage @e[tag=!dm2,r=5] 40 projectile",
          "/particle minecraft:huge_explosion_emitter ~ ~ ~"
        ],
        "2.0": [
          "/effect @s resistance 0 0 true"
        ]
      }
    },
    "animation.item.doombringer_axe7": {
      "animation_length": 5.0,
      "loop": false,
      "timeline": {
        "0.0": [
          "/summon custom:blazing_leap_1",
          "/playsound items.flamos_leap @a[r=30]",
          "/effect @s levitation 1 17 true"
        ],
        "0.3": [
          "/effect @s levitation 0 0 true"
        ],
        "0.9": [
          "/playsound items.flamos_leap_1 @a[r=30]",
          "/summon custom:inferno_wheel_1"
        ],
        "1.17": [
          "/summon custom:inferno_wheel_1"
        ],
        "1.26": [
          "/effect @s resistance 1 255 true",
          "/structure load fireball ~~~",
          "/event entity @e[type=fireball,r=5,c=1] minecraft:explode",
          "/playsound random.explode @a[r=20] ~ ~ ~ 1.0",
          "/damage @e[tag=!dm2,r=5] 15 projectile",
          "/particle minecraft:huge_explosion_emitter ~ ~ ~"
        ],
        "1.7": [ 
          "/playsound items.flamos_leap_1 @a[r=30]",
          "/summon custom:inferno_wheel_1"
        ],
        "1.72": [
          "/structure load fireball ~~~",
          "/event entity @e[type=fireball,r=5,c=1] minecraft:explode",
          "/playsound random.explode @a[r=20] ~ ~ ~ 1.0",
          "/damage @e[tag=!dm2,r=5] 40 projectile",
          "/particle minecraft:huge_explosion_emitter ~ ~ ~"
        ],
        "2.0": [
          "/effect @s resistance 0 0 true"
        ],
        "2.20": [
          "/tag @s add wd",
          "/effect @s slowness 4 1 true",
          "/effect @s resistance 4 4 true",
          "/playsound items.whirlwind @a[r=15]",
          "/damage @e[tag=!wd,r=3,type=!armor_stand] 5 entity_attack",
          "/particle bl:brutal_whirlwind ~ ~ ~"
        ],
        "2.30": [
          "/particle bl:brutal_whirlwind ~ ~ ~",
          "/playsound items.whirlwind @a[r=15]",
          "/damage @e[tag=!wd,r=3,type=!armor_stand] 25 entity_attack"
        ],
        "2.40": [
          "/particle bl:brutal_whirlwind ~ ~ ~",
          "/playsound items.whirlwind @a[r=15]",
          "/damage @e[tag=!wd,r=3,type=!armor_stand] 25 entity_attack"
        ],
        "2.50": [
          "/particle bl:brutal_whirlwind ~ ~ ~",
          "/playsound items.whirlwind @a[r=15]",
          "/damage @e[tag=!wd,r=3,type=!armor_stand] 25 entity_attack"
        ],
        "2.60": [
          "/particle bl:brutal_whirlwind ~ ~ ~",
          "/playsound items.whirlwind @a[r=15]",
          "/damage @e[tag=!wd,r=3,type=!armor_stand] 25 entity_attack"
        ],
        "2.70": [
          "/particle bl:brutal_whirlwind ~ ~ ~",
          "/playsound items.whirlwind @a[r=15]",
          "/damage @e[tag=!wd,r=3,type=!armor_stand] 25 entity_attack"
        ],
        "2.80": [
          "/particle bl:brutal_whirlwind ~ ~ ~",
          "/playsound items.whirlwind @a[r=15]",
          "/damage @e[tag=!wd,r=3,type=!armor_stand] 15 entity_attack",
          "/tag @s remove wd"
        ]
      }
    },
    "animation.item.doombringer_axe4": {
      "animation_length": 5.0,
      "loop": false,
      "timeline": {
        "0.0": [
          "/summon custom:knock_1 ~ ~ ~",
          "/playsound items.warrior_charge @a[r=30]"
        ],
        "0.5": [
          "/summon custom:blazing_leap_1",
          "/playsound items.flamos_leap @a[r=30]",
          "/effect @s levitation 1 18 true",
          "/particle minecraft:lava_particle ~ ~ ~",
          "/particle minecraft:lava_particle ~ ~ ~",
          "/particle minecraft:lava_particle ~ ~ ~",
          "/particle minecraft:lava_particle ~ ~ ~",
          "/particle minecraft:lava_particle ~ ~ ~",
          "/particle minecraft:lava_particle ~0.5 ~ ~",
          "/particle minecraft:lava_particle ~0.5 ~ ~",
          "/particle minecraft:lava_particle ~0.5 ~ ~",
          "/particle minecraft:lava_particle ~0.5 ~ ~",
          "/particle minecraft:lava_particle ~0.5 ~ ~",
          "/particle minecraft:lava_particle ~ ~ ~0.5",
          "/particle minecraft:lava_particle ~ ~ ~0.5",
          "/particle minecraft:lava_particle ~ ~ ~0.5",
          "/particle minecraft:lava_particle ~ ~ ~0.5",
          "/particle minecraft:lava_particle ~ ~ ~0.5",
          "/particle minecraft:lava_particle ~1 ~ ~",
          "/particle minecraft:lava_particle ~1 ~ ~",
          "/particle minecraft:lava_particle ~1 ~ ~",
          "/particle minecraft:lava_particle ~1 ~ ~",
          "/particle minecraft:lava_particle ~1 ~ ~",
          "/particle minecraft:lava_particle ~ ~ ~1",
          "/particle minecraft:lava_particle ~ ~ ~1",
          "/particle minecraft:lava_particle ~ ~ ~1",
          "/particle minecraft:lava_particle ~ ~ ~1",
          "/particle minecraft:lava_particle ~ ~ ~1"
        ],
        "0.7": [
          "/effect @s levitation 0 0 true"
        ],
        "1.0": [
          "/playsound items.flamos_leap_1 @a[r=30]",
          "/summon custom:inferno_wheel_1"
        ],
        "1.14": [
          "/summon custom:inferno_wheel_1"
        ],
        "1.23": [
          "/effect @s resistance 1 255 true",
          "/structure load fireball ~~~",
          "/event entity @e[type=fireball,r=5,c=1] minecraft:explode",
          "/playsound random.explode @a[r=20] ~ ~ ~ 1.0",
          "/damage @e[tag=!dm2,r=5] 40 projectile",
          "/particle minecraft:huge_explosion_emitter ~ ~ ~"

        ],
        "1.7": [ 
          "/playsound items.flamos_leap_1 @a[r=30]",
          "/summon custom:inferno_wheel_1"
        ],
        "1.72": [

          "/structure load fireball ~~~",
          "/event entity @e[type=fireball,r=5,c=1] minecraft:explode",
          "/playsound random.explode @a[r=20] ~ ~ ~ 1.0",
          "/damage @e[tag=!dm2,r=5] 40 projectile",
          "/particle minecraft:huge_explosion_emitter ~ ~ ~"
        ],
        "2.0": [
          "/effect @s resistance 0 0 true"
        ]
      }
    },
    "animation.item.avarice_scythe4": {
      "animation_length": 5.0,
      "loop": false,
      "timeline": {
        "0.0": [
          "/tag @s add ds",
          "/playsound items.death_spin @a[r=30]",
          "/damage @e[tag=!ds,r=3,type=!armor_stand] 15 entity_attack",
          "/particle bl:soul_circle_v2 ~ ~ ~",
          "/summon custom:knock ~ ~ ~"
        ],
        "0.2": [
          "/particle bl:soul_circle_v2 ~ ~ ~",
          "/damage @e[tag=!ds,r=3,type=!armor_stand] 15 entity_attack"
        ],
        "0.4": [
          "/particle bl:soul_circle_v2 ~ ~ ~",
          "/damage @e[tag=!ds,r=3,type=!armor_stand] 15 entity_attack"
        ],
        "0.6": [
          "/particle bl:soul_circle_v2 ~ ~ ~",
          "/damage @e[tag=!ds,r=3,type=!armor_stand] 15 entity_attack"
        ],
        "0.8": [
          "/particle bl:soul_circle_v2 ~ ~ ~",
          "/damage @e[tag=!ds,r=3,type=!armor_stand] 15 entity_attack"
        ],
        "1.0": [
          "/particle bl:soul_circle_v2 ~ ~ ~",
          "/damage @e[tag=!ds,r=3,type=!armor_stand] 15 entity_attack",
          "/tag @s remove ds"
        ]
      }
    },
    "animation.item.avarice_scythe5": {
      "animation_length": 5.0,
      "loop": false,
      "timeline": {
        "0.0": [
          "/tag @s add ds",
          "/playsound items.laceration @a[r=15]",
          "/summon custom:knock ~ ~ ~"
        ],
        "0.2": [
          "/tag @e[r=2,tag=!ds] add cut"
        ],
        "0.4": [
          "/tag @e[r=2,tag=!ds] add cut"
        ],
        "0.6": [
         "/tag @e[r=2,tag=!ds] add cut"
        ],
        "0.8": [
          "/tag @e[r=2,tag=!ds] add cut"
        ],
        "1.0": [
          "/playsound items.blood_cut @a[r=15]",
          "/particle bl:laceration_slash ~ ~ ~",
          "/damage @e[tag=!ds,r=3,type=!armor_stand] 15 entity_attack",
          "/tag @s remove ds"
        ],
        "1.5": [
          "/damage @e[tag=cut] 15 entity_attack",
          "/execute at @e[tag=cut] run playsound items.blood_slash_1 @e[r=15]",
          "/execute at @e[tag=cut] run particle bl:soul_cut ~~~"
        ],
        "2.0": [
          "/damage @e[tag=cut] 15 entity_attack",
          "/execute at @e[tag=cut] run playsound items.blood_slash_1 @e[r=15]",
          "/execute at @e[tag=cut] run particle bl:soul_cut ~~~"
        ],
        "2.5": [
          "/damage @e[tag=cut] 15 entity_attack",
          "/execute at @e[tag=cut] run playsound items.blood_slash_1 @e[r=15]",
          "/execute at @e[tag=cut] run particle bl:soul_cut ~~~"
        ],
        "3.0": [
          "/damage @e[tag=cut] 15 entity_attack",
          "/execute at @e[tag=cut] run playsound items.blood_slash_1 @e[r=15]",
          "/execute at @e[tag=cut] run particle bl:soul_cut ~~~",
          "/tag @e remove cut"
        ]
      }
    },
    "animation.item.avarice_scythe6": {
      "animation_length": 5.0,
      "loop": false,
      "timeline": {
        "0.0": [
          "/tag @s add fa",
          "/gamerule sendcommandfeedback false",
          "/playsound items.death_symbol @a[r=15]",
          "/particle bl:forbidden_art ~~~"
        ],
        "0.5": [
         "/playsound items.blood_slash_2 @a[r=15]",
         "/tag @e[r=3,tag=!fa] add up"
        ],
        "0.7": [
          "/playsound items.blood_slash_2 @a[r=15]",
          "/tag @e[r=3,tag=!fa] add up"
        ],
        "0.9": [
          "/playsound items.blood_slash_1 @a[r=15]",
          "/tag @e[r=3,tag=!fa] add up"
        ],
        "1.0": [
          "/tp @p ~~4~ true",
          "/tp @e[tag=up] @p true",
          "/particle bl:soul_circle_v2 ~ ~ ~",
          "/playsound items.blood_slash_1 @a[r=15]",
          "/damage @e[tag=up] 15 entity_attack",
          "/effect @e[tag=up] slowness 1 10 true"
        ],
        "1.1": [
          "/tp @p ~~~ true",
          "/tp @e[tag=up] @p true"
        ],
        "1.2": [
          "/tp @p ~~~ true",
          "/tp @e[tag=up] @p true",
          "/particle bl:soul_circle_v2 ~ ~ ~",
          "/playsound items.blood_slash_1 @a[r=15]",
          "/damage @e[tag=up] 15 entity_attack",
          "/effect @e[tag=up] slowness 1 10 true"
        ],
        "1.3": [
          "/tp @p ~~~ true",
          "/tp @e[tag=up] @p true"
        ],
        "1.4": [
          "/tp @p ~~~ true",
          "/tp @e[tag=up] @p true",
          "/particle bl:soul_circle_v2 ~ ~ ~",
          "/playsound items.blood_slash_1 @a[r=15]",
          "/damage @e[tag=up] 15 entity_attack",
          "/effect @e[tag=up] slowness 1 10 true"
        ],
        "1.5": [
          "/tp @p ~~~ true",
          "/tp @e[tag=up] @p true"
        ],
        "1.6": [
          "/tp @p ~~~ true",
          "/tp @e[tag=up] @p true",
          "/particle bl:soul_circle_v2 ~ ~ ~",
          "/playsound items.blood_slash_1 @a[r=15]",
          "/damage @e[tag=up] 15 entity_attack",
          "/effect @e[tag=up] slowness 1 10 true"
        ],
        "1.7": [
          "/tp @p ~~~ true",
          "/tp @e[tag=up] @p true"
        ],
        "1.8": [
          "/tp @p ~~~ true",
          "/tp @e[tag=up] @p true",
          "/particle bl:soul_slice_v2 ~ ~ ~",
          "/playsound items.soul_slice1 @a[r=15]",
          "/damage @e[tag=up] 15 entity_attack",
          "/effect @e[tag=up] slowness 1 10 true"
        ],
        "1.9": [
          "/tp @p ~~~ true",
          "/tp @e[tag=up] @p true"
        ],
        "2.0": [
          "/tp @p ~~~ true",
          "/tp @e[tag=up] @p true",
          "/particle bl:soul_slice_v2 ~ ~ ~",
          "/playsound items.soul_slice2 @a[r=15]",
          "/damage @e[tag=up] 15 entity_attack",
          "/effect @e[tag=up] slowness 1 10 true"
        ],
        "2.1": [
          "/tp @p ~~-4~ true",
          "/tp @e[tag=up] @p true",
          "/tag @e remove up",
          "/tag @s remove fa"
        ],
        "2.2": [
          "/particle bl:ground_poun ~~~"
        ]
      }
    },
    "animation.item.avarice_scythe7": {
      "animation_length": 5.0,
      "loop": false,
      "timeline": {
        "0.0": [
          "/tag @s add ds",
          "/playsound items.laceration @a[r=15]",
          "/summon custom:knock ~ ~ ~"
        ],
        "0.2": [
          "/tag @e[r=2,tag=!ds] add cut"
        ],
        "0.4": [
          "/tag @e[r=2,tag=!ds] add cut"
        ],
        "0.6": [
         "/tag @e[r=2,tag=!ds] add cut"
        ],
        "0.8": [
          "/tag @e[r=2,tag=!ds] add cut"
        ],
        "1.0": [
          "/playsound items.blood_cut @a[r=15]",
          "/particle bl:laceration_slash ~ ~ ~",
          "/damage @e[tag=!ds,r=3,type=!armor_stand] 15 entity_attack",
          "/tag @s remove ds"
        ],
        "1.5": [
          "/damage @e[tag=cut] 15 entity_attack",
          "/execute at @e[tag=cut] run playsound items.blood_slash_1 @e[r=15]",
          "/execute at @e[tag=cut] run particle bl:soul_cut ~~~"
        ],
        "2.0": [
          "/damage @e[tag=cut] 15 entity_attack",
          "/execute at @e[tag=cut] run playsound items.blood_slash_1 @e[r=15]",
          "/execute at @e[tag=cut] run particle bl:soul_cut ~~~",
          "/tag @s add ss",
          "/playsound items.summon_scythe @a[r=30]",
          "/summon custom:soul_scythe ~ ~ ~"
        ],
        "2.5": [
          "/damage @e[tag=cut] 15 entity_attack",
          "/execute at @e[tag=cut] run playsound items.blood_slash_1 @e[r=15]",
          "/execute at @e[tag=cut] run particle bl:soul_cut ~~~",
          "/playsound items.soul_scythe_slash @a[r=30]",
          "/execute at @s positioned ^ ^ ^2.5 run damage @e[r=3,type=!armor_stand,tag=!ss] 20 entity_attack",
          "/effect @s instant_health 1 0 true"
        ],
        "3.0": [
          "/damage @e[tag=cut] 15 entity_attack",
          "/execute at @e[tag=cut] run playsound items.blood_slash_1 @e[r=15]",
          "/execute at @e[tag=cut] run particle bl:soul_cut ~~~",
          "/tag @e remove cut"
        ]
      }
    },
    "animation.item.retreat": {
      "animation_length": 5.0,
      "loop": false,
      "timeline": {
        "0.0": [
          "/tag @p add rt",
          "/playsound void_arrow_shoot @a[r=10]",
          "/particle bl:void_portal ~~~"
        ],
        "0.2": [
          "/particle bl:void_portal ~~~"
        ],
        "0.5": [
          "/tp @p ^^^-10",
          "/effect @p speed 10 1 true",
          "/particle bl:void_portal ~~~",
          "/playsound void_teleport @a[r=10]",
          "/tag @p remove rt"
        ],
        "0.7": [
          "/particle bl:void_portal ~~~"
        ]
      }
    },
    "animation.item.crossbow_envious2": {
      "animation_length": 10.0,
      "loop": false,
      "timeline": {
        "0.0": [
          "/tag @s add be",
          "/summon custom:blackhole ^ ^0.5 ^10",
          "/playsound void_blackhole_summon @a[r=30]",
          "/execute at @e[type=custom:blackhole] run particle bl:hole_effect ~ ~ ~"
        ],
        "0.2": [
          "/execute at @e[type=custom:blackhole] run playsound void_blackhole @a[r=30]",
          "/execute at @e[type=custom:blackhole] run particle bl:hole_effect ~ ~ ~"
        ],
        "0.5": [
          "/execute at @e[type=custom:blackhole] run playsound void_blackhole @a[r=30]",
          "/execute at @e[type=custom:blackhole] run particle bl:hole_effect ~ ~ ~"
        ],
        "0.7": [
          "/execute at @e[type=custom:blackhole] run playsound void_blackhole @a[r=30]",
          "/execute at @e[type=custom:blackhole] run particle bl:hole_effect ~ ~ ~"
        ],
        "1.0": [
          "/execute at @e[type=custom:blackhole] run playsound void_blackhole @a[r=30]",
          "/execute at @e[type=custom:blackhole] run particle bl:hole_effect ~ ~ ~"
        ],
        "1.2": [
          "/execute at @e[type=custom:blackhole] run playsound void_blackhole @a[r=30]",
          "/execute at @e[type=custom:blackhole] run particle bl:hole_effect ~ ~ ~"
        ],
        "1.5": [
          "/execute at @e[type=custom:blackhole] run playsound void_blackhole @a[r=30]",
          "/execute at @e[type=custom:blackhole] run particle bl:hole_effect ~ ~ ~"
        ],
        "1.7": [
          "/execute at @e[type=custom:blackhole] run playsound void_blackhole @a[r=30]",
          "/execute at @e[type=custom:blackhole] run particle bl:hole_effect ~ ~ ~"
        ],
        "2.0": [
          "/execute at @e[type=custom:blackhole] run playsound void_blackhole @a[r=30]",
          "/execute at @e[type=custom:blackhole] run particle bl:hole_effect ~ ~ ~"
        ],
        "2.2": [
          "/execute at @e[type=custom:blackhole] run playsound void_blackhole @a[r=30]",
          "/execute at @e[type=custom:blackhole] run particle bl:hole_effect ~ ~ ~"
        ],
        "2.5": [
          "/execute at @e[type=custom:blackhole] run playsound void_blackhole @a[r=30]",
          "/execute at @e[type=custom:blackhole] run particle bl:hole_effect ~ ~ ~"
        ],
        "2.7": [
          "/execute at @e[type=custom:blackhole] run playsound void_blackhole @a[r=30]",
          "/execute at @e[type=custom:blackhole] run particle bl:hole_effect ~ ~ ~"
        ],
        "3.0": [
          "/execute at @e[type=custom:blackhole] run playsound void_blackhole @a[r=30]",
          "/execute at @e[type=custom:blackhole] run particle bl:hole_effect ~ ~ ~"
        ],
        "3.2": [
          "/tp @e[type=custom:blackhole] 0 -100 0",
          "/tag @s remove be"
        ],
        "3.4": [
          "/kill @e[type=custom:blackhole]"
        ]
      }
    },
    "animation.item.crossbow_envious3": {
      "animation_length": 10.0,
      "loop": false,
      "timeline": {
        "0.0": [
          "/tag @s add vr",
          "/summon custom:void_circle ^ ^0.2 ^8"
        ],
        "0.5": [
          "/execute at @e[type=custom:void_circle] run summon custom:void_arrow_down ~ ~8 ~-1.5",
          "/execute at @e[type=custom:void_arrow_down] run particle bl:purple_trail ~ ~ ~",
          "/execute at @e[type=custom:void_circle] run particle bl:purple_disc ~ ~ ~",
          "/execute at @e[type=custom:void_circle] run damage @e[tag=!vr,r=4] 3 entity_attack",
          "/playsound void_rain_arrow @a[r=30]"
        ],
        "0.8": [
          "/execute at @e[type=custom:void_circle] run summon custom:void_arrow_down ~ ~8 ~1.3",
          "/execute at @e[type=custom:void_arrow_down] run particle bl:purple_trail ~ ~ ~",
          "/execute at @e[type=custom:void_circle] run particle bl:purple_disc ~ ~ ~",
          "/execute at @e[type=custom:void_circle] run damage @e[tag=!vr,r=4] 3 entity_attack",
          "/playsound void_rain_arrow @a[r=30]"
        ],
        "1.0": [
          "/execute at @e[type=custom:void_circle] run summon custom:void_arrow_down ~ ~8 ~0.8",
          "/execute at @e[type=custom:void_arrow_down] run particle bl:purple_trail ~ ~ ~",
          "/execute at @e[type=custom:void_circle] run particle bl:purple_disc ~ ~ ~",
          "/execute at @e[type=custom:void_circle] run damage @e[tag=!vr,r=4] 3 entity_attack",
          "/playsound void_rain_arrow @a[r=30]"
        ],
        "1.4": [
          "/execute at @e[type=custom:void_circle] run summon custom:void_arrow_down ~ ~8 ~1",
          "/execute at @e[type=custom:void_arrow_down] run particle bl:purple_trail ~ ~ ~",
          "/execute at @e[type=custom:void_circle] run particle bl:purple_disc ~ ~ ~",
          "/execute at @e[type=custom:void_circle] run damage @e[tag=!vr,r=4] 3 entity_attack",
          "/playsound void_rain_arrow @a[r=30]"
        ],
        "1.8": [
          "/execute at @e[type=custom:void_circle] run summon custom:void_arrow_down ~1 ~8 ~0.5",
          "/execute at @e[type=custom:void_arrow_down] run particle bl:purple_trail ~ ~ ~",
          "/execute at @e[type=custom:void_circle] run particle bl:purple_disc ~ ~ ~",
          "/execute at @e[type=custom:void_circle] run damage @e[tag=!vr,r=4] 3 entity_attack",
          "/playsound void_rain_arrow @a[r=30]"
        ],
        "2.2": [
          "/execute at @e[type=custom:void_circle] run summon custom:void_arrow_down ~-1 ~8 ~-0.2",
          "/execute at @e[type=custom:void_arrow_down] run particle bl:purple_trail ~ ~ ~",
          "/execute at @e[type=custom:void_circle] run particle bl:purple_disc ~ ~ ~",
          "/execute at @e[type=custom:void_circle] run damage @e[tag=!vr,r=4] 3 entity_attack",
          "/playsound void_rain_arrow @a[r=30]"
        ],
        "2.6": [
          "/execute at @e[type=custom:void_circle] run summon custom:void_arrow_down ~1.4 ~8 ~-0.3",
          "/execute at @e[type=custom:void_arrow_down] run particle bl:purple_trail ~ ~ ~",
          "/execute at @e[type=custom:void_circle] run particle bl:purple_disc ~ ~ ~",
          "/execute at @e[type=custom:void_circle] run damage @e[tag=!vr,r=4] 3 entity_attack",
          "/playsound void_rain_arrow @a[r=30]"
        ],
        "3.0": [
          "/execute at @e[type=custom:void_circle] run summon custom:void_arrow_down ~1.3 ~8 ~-1",
          "/execute at @e[type=custom:void_arrow_down] run particle bl:purple_trail ~ ~ ~",
          "/execute at @e[type=custom:void_circle] run particle bl:purple_disc ~ ~ ~",
          "/execute at @e[type=custom:void_circle] run damage @e[tag=!vr,r=4] 3 entity_attack",
          "/playsound void_rain_arrow @a[r=30]"
        ],
        "3.4": [
          "/execute at @e[type=custom:void_circle] run summon custom:void_arrow_down ~-1.2 ~8 ~1.3",
          "/execute at @e[type=custom:void_arrow_down] run particle bl:purple_trail ~ ~ ~",
          "/execute at @e[type=custom:void_circle] run particle bl:purple_disc ~ ~ ~",
          "/execute at @e[type=custom:void_circle] run damage @e[tag=!vr,r=4] 3 entity_attack",
          "/playsound void_rain_arrow @a[r=30]"
        ],
        "3.8": [
          "/execute at @e[type=custom:void_circle] run summon custom:void_arrow_down ~ ~8 ~1.2",
          "/execute at @e[type=custom:void_arrow_down] run particle bl:purple_trail ~ ~ ~",
          "/execute at @e[type=custom:void_circle] run particle bl:purple_disc ~ ~ ~",
          "/execute at @e[type=custom:void_circle] run damage @e[tag=!vr,r=4] 3 entity_attack",
          "/playsound void_rain_arrow @a[r=30]"
        ],
        "4.2": [
          "/execute at @e[type=custom:void_circle] run summon custom:void_arrow_down ~ ~8 ~1",
          "/execute at @e[type=custom:void_arrow_down] run particle bl:purple_trail ~ ~ ~",
          "/execute at @e[type=custom:void_circle] run particle bl:purple_disc ~ ~ ~",
          "/execute at @e[type=custom:void_circle] run damage @e[tag=!vr,r=4] 3 entity_attack",
          "/playsound void_rain_arrow @a[r=30]"
        ],
        "4.6": [
          "/execute at @e[type=custom:void_circle] run summon custom:void_arrow_down ~0.8 ~8 ~",
          "/execute at @e[type=custom:void_arrow_down] run particle bl:purple_trail ~ ~ ~",
          "/execute at @e[type=custom:void_circle] run particle bl:purple_disc ~ ~ ~",
          "/execute at @e[type=custom:void_circle] run damage @e[tag=!vr,r=4] 3 entity_attack",
          "/playsound void_rain_arrow @a[r=30]"
        ],
        "5.0": [
          "/execute at @e[type=custom:void_circle] run summon custom:void_arrow_down ~1 ~8 ~",
          "/execute at @e[type=custom:void_arrow_down] run particle bl:purple_trail ~ ~ ~",
          "/execute at @e[type=custom:void_circle] run particle bl:purple_disc ~ ~ ~",
          "/execute at @e[type=custom:void_circle] run damage @e[tag=!vr,r=4] 3 entity_attack",
          "/playsound void_rain_arrow @a[r=30]"
        ],
        "5.4": [
          "/execute at @e[type=custom:void_circle] run summon custom:void_arrow_down ~0.4 ~8 ~",
          "/execute at @e[type=custom:void_arrow_down] run particle bl:purple_trail ~ ~ ~",
          "/execute at @e[type=custom:void_circle] run particle bl:purple_disc ~ ~ ~",
          "/execute at @e[type=custom:void_circle] run damage @e[tag=!vr,r=4] 3 entity_attack",
          "/playsound void_rain_arrow @a[r=30]"
        ],
        "5.8": [
          "/execute at @e[type=custom:void_circle] run summon custom:void_arrow_down ~-0.3 ~8 ~",
          "/execute at @e[type=custom:void_arrow_down] run particle bl:purple_trail ~ ~ ~",
          "/execute at @e[type=custom:void_circle] run particle bl:purple_disc ~ ~ ~",
          "/execute at @e[type=custom:void_circle] run damage @e[tag=!vr,r=4] 3 entity_attack",
          "/playsound void_rain_arrow @a[r=30]"
        ],
        "6.0": [
          "/execute at @e[type=custom:void_circle] run summon custom:void_arrow_down ~1 ~8 ~",
          "/execute at @e[type=custom:void_arrow_down] run particle bl:purple_trail ~ ~ ~",
          "/execute at @e[type=custom:void_circle] run particle bl:purple_disc ~ ~ ~",
          "/execute at @e[type=custom:void_circle] run damage @e[tag=!vr,r=4] 3 entity_attack",
          "/playsound void_rain_arrow @a[r=30]"
        ],
        "6.1": [
          "/tag @s remove vr",
          "/tp @e[type=custom:void_circle] ~~-100~",
          "/kill @e[type=custom:void_circle]"
        ]
      }
    },
    "animation.item.dragon_spear": {
      "animation_length": 5.0,
      "loop": false,
      "timeline": {
        "0.0": [
          "/tag @s add dd",
          "/playsound items.dragon_pierce @a[r=30]",
          "/effect @s speed 2 4 true",
          "/summon custom:knock ~ ~ ~"
        ],
        "0.30": [
          "/playsound items.dragon_leap_up @a[r=30]",
          "/summon custom:dragon_dash ~ ~ ~"
        ],
        "0.50":[    
          "/effect @s resistance 1 255 true",
          "/tag @s remove dd",
          "/structure load fireball ~~~",
          "/damage @e[tag=!dm2,r=5] 33 projectile",
          "/summon custom:dragon_dash ~ ~ ~" 
         ]
      }
    },
    "animation.item.dragon_spear1": {
      "animation_length": 5.0,
      "loop": false,
      "timeline": {
        "0.0": [
          "/tag @s add dd",
          "/playsound mob.blaze.shoot @a[r=30]",
          "/effect @s speed 2 4 true",
          "/summon custom:knock ~ ~ ~"
        ],
        "0.30": [
          "/playsound items.dragon_leap_up @a[r=30]",
          "/summon custom:dragon_dash ~ ~ ~"
        ],
        "0.50": [
          "/playsound items.dragon_pierce @a[r=30]",      
          "/effect @s resistance 3 255 true",
          "/tag @s remove dd",
          "/structure load fireball ~~~",
          "/damage @e[tag=!dm2,r=5] 30 projectile",
          "/summon custom:dragon_dash ~ ~ ~" 
       ],
       "1.5": [
         "/tag @s add dw",
            "/playsound items.dragon_wheel_aura @a[r=30]",
            "/damage @e[tag=!dw,r=3,type=!armor_stand] 15 entity_attack",
            "/particle custom:dragon_wheel ~ ~ ~",
             "/effect @p speed 4 4"
          ],
          "1.12": [
            "/particle custom:dragon_wheel ~ ~ ~",
            "/damage @e[tag=!ds,r=3,type=!armor_stand] 15 entity_attack"
          ],
          "1.14": [
            "/particle custom:dragon_wheel ~ ~ ~",
            "/damage @e[tag=!ds,r=3,type=!armor_stand] 15 entity_attack"
          ],
          "1.16": [
            "/particle custom:dragon_wheel ~ ~ ~",
            "/damage @e[tag=!ds,r=3,type=!armor_stand] 15 entity_attack"
          ],
          "1.18": [
            "/particle custom:dragon_wheel ~ ~ ~",
            "/damage @e[tag=!ds,r=3,type=!armor_stand] 15 entity_attack"
          ],
          "2.0": [
            "/particle custom:dragon_wheel ~ ~ ~",
            "/damage @e[tag=!ds,r=3,type=!armor_stand] 15 entity_attack",
            "/tag @s remove dw"
         ]
      }
    },
    "animation.item.dragon_spear2": {
      "animation_length": 5.0,
      "loop": false,
      "timeline": {
        "0.0": [
          "/tag @s add ws",
          "/gamerule sendcommandfeedback false",
          "/playsound items.spawn_naga @a[r=30]",
          "/effect @s speed 2 4 true",
          "/tag @e[r=8,tag=!ws] add up",
          "/summon custom:knock ~ ~ ~"
        ],
        "0.30": [
          "/playsound items.sayap @a[r=30]",
          "/replaceitem entity @p slot.weapon.offhand 0 custom:wings_sayap",
          "/tag @e[r=8,tag=!ws] add up",
          "/tp @e[tag=up] @p true",
          "/tp @e[tag=up] @p true"
        ],
        "1.10": [
          "/effect  @s levitation 1 18 true",
          "/tag @e[r=8,tag=!ws] add up",
          "/tp @e[tag=up] @p true"
        ],
        "1.15": [
          "/tp @e[tag=up] @p true"
        ],
        "1.20": [
          "/tp @e[tag=up] @p true"
        ],
        "1.25": [
          "/tp @e[tag=up] @p true"
        ],
        "1.30": [
          "/tp @e[tag=up] @p true"
        ],
        "1.40": [
          "/effect @p levitation 0 0 true"
        ],
        "1.60": [
          "/playsound items.rawr_1 @a[r=30]",
          "/tag @e[r=8,tag=!ws] add up",
          "/tp @e[tag=up] @p true",
          "/tp @e[tag=up] @p true",    
          "/effect @s resistance 1 255 true",
          "/tp @e[tag=up] @p true",
          "/tp @e[tag=up] @p true",
          "/structure load fireball ~~~",
          "/tp @e[tag=up] @p true",
          "/tp @e[tag=up] @p true",
          "/event entity @e[type=fireball,r=5,c=1] minecraft:explode",
          "/tp @e[tag=up] @p true",
          "/tp @e[tag=up] @p true",
          "/tp @e[tag=up] @p true",
          "/tp @e[tag=up] @p true",
          "/tp @e[tag=up] @p true",
          "/tp @e[tag=up] @p true",
          "/tp @e[tag=up] @p true",
          "/tp @e[tag=up] @p true",
          "/tp @e[tag=up] @p true",
          "/tp @e[tag=up] @p true"
        ],
        "2.30": [
          "/tp @e[tag=up] @p true",
          "/tp @e[tag=up] @p true",
          "/tp @e[tag=up] @p true",
          "/tp @e[tag=up] @p true",
          "/damage @e[tag=!dm2,r=10] 35 projectile"
        ],
        "2.40": [
          "/damage @e[tag=!dm2,r=10] 35 projectile"
        ],
        "2.40": [
           "/replaceitem entity @p slot.weapon.offhand 0 air",
           "/tag @s remove ws",
           "/tag @e remove up"
        ]
     }
   },
   "animation.item.ass_dash": {
      "animation_length": 2.0,
      "loop": false,
      "timeline": {
        "0.0": [
        "/particle bl:assasin_jump ~~~",
        "/tag @s add assd"
        ],
        "0.1": [
        "/particle bl:rednyerap ~~~",
        "/summon custom:impact_red ~~~",
        "/summon custom:knock_1 ~~~",
        "/particle bl:assasin_dash ~~~"
        ],
        "0.2": [
        "/playsound ass_dash @a[r=60]",
        "/particle bl:assasin_jump ~~~",
        "/particle bl:redkeluar ~~~",
        "/particle bl:rednyerap ^ ^ ^"
        ],
        "0.3": [
        "/effect @e[r=3,type=!npc,tag=!assd,type=!item,type=!armor_stand] wither 2 1 true",
        "/particle bl:redkeluar ~~~",
        "/particle bl:rednyerap ^ ^ ^-5"
        ],
        "0.4": [
        "/effect @e[r=3,type=!npc,tag=!assd,type=!item,type=!armor_stand] wither 2 1 true",
        "/particle bl:redkeluar ~~~",
        "/particle bl:rednyerap ^ ^ ^-5"
        ],
        "0.5": [
        "/effect @e[r=3,type=!npc,tag=!assd,type=!item,type=!armor_stand] wither 2 1 true",
        "/particle bl:redkeluar ~~~",
        "/particle bl:rednyerap ^ ^ ^-5"
        ],
        "0.6": [
        "/effect @e[r=3,type=!npc,tag=!assd,type=!item,type=!armor_stand] wither 2 1 true",
        "/particle bl:redkeluar ~~~",
        "/particle bl:rednyerap ^ ^ ^-5"
        ],
        "0.7": [
        "/effect @e[r=3,type=!npc,tag=!assd,type=!item,type=!armor_stand] wither 2 1 true",
        "/particle bl:redkeluar ~~~",
        "/particle bl:assasin_jump ~~~",
        "/particle bl:rednyerap ^ ^ ^-5"
        ],
        "0.8": [
        "/effect @e[r=3,type=!npc,tag=!assd,type=!item,type=!armor_stand] wither 2 1 true",
        "/particle bl:redkeluar ~~~",
        "/particle bl:rednyerap ^ ^ ^-5"
        ],
        "1.0": [
        "/effect @e[r=3,type=!npc,tag=!assd,type=!item,type=!armor_stand] wither 2 1 true",
        "/particle bl:redkeluar ~~~",
        "/particle bl:laceration_red ~~~",
        "/playsound ass_slash1 @a[r=60]",
        "/particle bl:rednyerap ^ ^ ^-5",
        "/tag @s remove assd"
        ]
       }
      },
      "animation.item.daggerthrow": {
      "animation_length": 5.0,
      "loop": false,
      "timeline": {
        "0.0": [
        "/playsound ass_throw @a[r=30]",
        "/ particle minecraft:totem_particle ~~~",
        "/ particle minecraft:totem_particle ~~~",
        "/ particle minecraft:totem_particle ~~~",
        "/particle bl:redkeluar ~~~"
        ],
        "0.10": [
          "/effect @s strength 5 1 true",
          "/effect @s resistance 5 4 true"
        ]
       }
      },
      "animation.item.shadowwalk": {
      "animation_length": 4.0,
      "loop": false,
      "timeline": {
        "0.0": [
        "/playsound shadow_walk @a[r=60]",
        "/effect @s invisibility 5 1 true",
        "/effect @s strength 5 1 true",
        "/effect @s speed 5 2 true",
        "/tag @s add shadowwalk",
        "/particle bl:rednyerap ~~~"
        ],
        "0.10": [
          "/tag @s remove shadowwalk"
        ]
       }
      },
      "animation.item.shadowkill": {
      "animation_length": 6.0,
      "loop": false,
      "timeline": {
        "0.0": [
        "/scoreboard players set @s sneaking 0",
        "/tag @s add shadowwalk",
        "/gamerule sendcommandfeedback false",
        "/tag @s add shadowkill",
        "/particle bl:rednyerap ~~~",
        "/effect @s invisibility 8778 1 true",
        "/effect @s resistance 5 255 true",
        "/playsound shadow_walk @a[r=60]"
        ],
        "0.1": [
        "/tp @s @e[type=!bl:shadowkill1,type=!bl:shadowkill2,type=!bl:shadowkill3,type=!bl:shadowkill4,type=!bl:shadowkill5,r=50,c=1,tag=!shadowkill,type=!item,type=!npc,type=!armor_stand]",
        "/particle bl:redkeluar ~~~",
        "/summon bl:shadowkill1 ~~~",
        "/playsound ass_tp @a[r=60]",
        "/playsound ass_crit @a[r=60]",
        "/damage @e[r=1,tag=!shadowkill] 15 entity_attack"
        ],
        "0.4": [
        "/tp @s @e[type=!bl:shadowkill1,type=!bl:shadowkill2,type=!bl:shadowkill3,type=!bl:shadowkill4,type=!bl:shadowkill5,rm=1,r=50,c=1,tag=!shadowkill,type=!item,type=!npc,type=!armor_stand]",
        "/particle bl:redkeluar ~~~",
        "/summon bl:shadowkill1 ~~~",
        "/playsound ass_tp @a[r=60]",
        "/playsound ass_crit @a[r=60]",
        "/damage @e[r=1,tag=!shadowkill] 15 entity_attack"
        ],
        "0.8": [
        "/tp @s @e[type=!bl:shadowkill1,type=!bl:shadowkill2,type=!bl:shadowkill3,type=!bl:shadowkill4,type=!bl:shadowkill5,rm=1,r=50,c=1,tag=!shadowkill,type=!item,type=!npc,type=!armor_stand]",
        "/particle bl:redkeluar ~~~",
        "/summon bl:shadowkill1 ~~~",
        "/playsound ass_tp @a[r=60]",
        "/playsound ass_crit @a[r=60]",
        "/damage @e[r=1,tag=!shadowkill] 15 entity_attack"
        ],
        "1.2": [
        "/tp @s @e[type=!bl:shadowkill1,type=!bl:shadowkill2,type=!bl:shadowkill3,type=!bl:shadowkill4,type=!bl:shadowkill5,rm=1,r=50,c=1,tag=!shadowkill,type=!item,type=!npc,type=!armor_stand]",
        "/particle bl:redkeluar ~~~",
        "/summon bl:shadowkill1 ~~~",
        "/playsound ass_tp @a[r=60]",
        "/playsound ass_crit @a[r=60]",
        "/damage @e[r=1,tag=!shadowkill] 15 entity_attack"
        ],
        "1.6": [
        "/tp @s @e[type=!bl:shadowkill1,type=!bl:shadowkill2,type=!bl:shadowkill3,type=!bl:shadowkill4,type=!bl:shadowkill5,rm=1,r=50,c=1,tag=!shadowkill,type=!item,type=!npc,type=!armor_stand]",
        "/particle bl:redkeluar ~~~",
        "/summon bl:shadowkill1 ~~~",
        "/playsound ass_tp @a[r=60]",
        "/playsound ass_crit @a[r=60]",
        "/damage @e[r=1,tag=!shadowkill] 15 entity_attack"
        ],
        "2.0": [
        "/tp @s @e[type=!bl:shadowkill1,type=!bl:shadowkill2,type=!bl:shadowkill3,type=!bl:shadowkill4,type=!bl:shadowkill5,rm=1,r=50,c=1,tag=!shadowkill,type=!item,type=!npc,type=!armor_stand]",
        "/particle bl:redkeluar ~~~",
        "/summon bl:shadowkill1 ~~~",
        "/playsound ass_tp @a[r=60]",
        "/playsound ass_crit @a[r=60]",
        "/damage @e[r=1,tag=!shadowkill] 15 entity_attack"
        ],
        "2.4": [
        "/tp @s @e[type=!bl:shadowkill1,type=!bl:shadowkill2,type=!bl:shadowkill3,type=!bl:shadowkill4,type=!bl:shadowkill5,rm=1,r=50,c=1,tag=!shadowkill,type=!item,type=!npc,type=!armor_stand]",
        "/particle bl:redkeluar ~~~",
        "/summon bl:shadowkill1 ~~~",
        "/playsound ass_tp @a[r=60]",
        "/playsound ass_crit @a[r=60]",
        "/damage @e[r=1,tag=!shadowkill] 15 entity_attack"
        ],
        "2.8": [
        "/tp @s @e[type=!bl:shadowkill1,type=!bl:shadowkill2,type=!bl:shadowkill3,type=!bl:shadowkill4,type=!bl:shadowkill5,rm=1,r=50,c=1,tag=!shadowkill,type=!item,type=!npc,type=!armor_stand]",
        "/particle bl:redkeluar ~~~",
        "/summon bl:shadowkill1 ~~~",
        "/playsound ass_tp @a[r=60]",
        "/playsound ass_crit @a[r=60]",
        "/damage @e[r=1,tag=!shadowkill] 15 entity_attack"
        ],
        "3.2": [
        "/tp @s @e[type=!bl:shadowkill1,type=!bl:shadowkill2,type=!bl:shadowkill3,type=!bl:shadowkill4,type=!bl:shadowkill5,rm=1,r=50,c=1,tag=!shadowkill,type=!item,type=!npc,type=!armor_stand]",
        "/particle bl:redkeluar ~~~",
        "/summon bl:shadowkill1 ~~~",
        "/playsound ass_tp @a[r=60]",
        "/playsound ass_crit @a[r=60]",
        "/damage @e[r=1,tag=!shadowkill] 15 entity_attack"
        ],
        "3.6": [
        "/tp @s @e[type=!bl:shadowkill1,type=!bl:shadowkill2,type=!bl:shadowkill3,type=!bl:shadowkill4,type=!bl:shadowkill5,rm=1,r=50,c=1,tag=!shadowkill,type=!item,type=!npc,type=!armor_stand]",
        "/particle bl:redkeluar ~~~",
        "/summon bl:shadowkill1 ~~~",
        "/playsound ass_tp @a[r=60]",
        "/playsound ass_crit @a[r=60]",
        "/damage @e[r=1,tag=!shadowkill] 15 entity_attack"
        ],
        "4.0": [
        "/tp @s @e[type=!bl:shadowkill1,type=!bl:shadowkill2,type=!bl:shadowkill3,type=!bl:shadowkill4,type=!bl:shadowkill5,rm=1,r=50,c=1,tag=!shadowkill,type=!item,type=!npc,type=!armor_stand]",
        "/particle bl:redkeluar ~~~",
        "/summon bl:shadowkill1 ~~~",
        "/playsound ass_tp @a[r=60]",
        "/playsound ass_crit @a[r=60]",
        "/damage @e[r=1,tag=!shadowkill] 15 entity_attack"
        ],
        "4.9": [
        "/effect @s invisibility 0 0 true",
        "/tag @s remove shadowwalk",
        "/tag @s remove shadowkill"
         ]
       }
     },
     "animation.item.player_sneaking": {
      "animation_length": 2.0,
      "loop": false,
      "timeline": {
        "0.0": [
          "/function skills/double_crouch"
        ],
        "1.5": [
          "/scoreboard players set @s sneaking 0"
        ]
      }
    }
  }
}