{
	"format_version": "1.8.0",
	"render_controllers": {
		"controller.render.animate_all15": {
			"arrays": {
				"textures": {
				  "array.frames": [
					"texture.frame_0",
					"texture.frame_1",
					"texture.frame_2",
					"texture.frame_3",
					"texture.frame_4",
					"texture.frame_5",
					"texture.frame_6",
					"texture.frame_7",
					"texture.frame_8",
					"texture.frame_9",
					"texture.frame_10",
					"texture.frame_11",
					"texture.frame_12",
					"texture.frame_13",
					"texture.frame_14"
				  ]
				}
			  },
			"geometry": "geometry.default",
			"materials": [
				{
					"*": "variable.is_enchanted ? material.enchanted : material.default"
				}
			],
			"textures": [ "temp.life_time = query.life_time * 8.0; return array.frames[temp.life_time];", "texture.enchanted" ]
	}
}
}
}	}
	}
}
}