{
  "format_version": "1.10.0",
  "minecraft:client_entity": {
    "description": {
      "identifier": "custom:void_arrow_down",
      "materials": {
        "default": "entity_alphatest"
      },
      "textures": {
        "default": "textures/entity/arrow/void_arrow"
      },
      "geometry": {
        "default": "geometry.void_arrow_down"
      },
      "scripts": {
        "pre_animation": [
          "variable.shake = query.shake_time - query.frame_alpha;",
          "variable.shake_power = variable.shake > 0.0 ? -Math.sin(variable.shake * 200.0) * variable.shake : 0.0;"
        ],
        "animate": [
          "move",
          {
              "move": "query.is_moving"
          }
        ]
      },
      "animations": {
        "move": "animation.void_arrow.move"
      },
      "render_controllers": [
        "controller.render.default"
      ]
    }
  }
}