{
  "pools": [
    {
      "rolls": 1,
      "entries": [
        {
          "type": "item",
          "weight": 1,
          "name": "custom:avarice_scythe_awaked",
          "functions": [
            {
              "function": "set_count",
              "count": {
                "min": 1,
                "max": 1
              }
            },
            {
              "function": "specific_enchants",
              "enchants": [
                {
                  "id": "knockback",
                  "level": 2
                }
              ]
            },
            {
              "function": "set_lore",
              "lore": [
                "§r§aSin Of Greed",
                "§r",
                "§rRequires §c50 §rIn Fighting",
                "§rRequires §c27 §rIn Agility",
                "§rRequires §c16 §rIn Sorcery",
                "§r",
                "§r§7⟩» §8Attack Damage: §r11",
                "§r§7⟩» §8Attack Speed: §r1.6",
                "§r",
                "§r§a››§2⟩ §8Skills §e| §8Soul Slice",
                "§r",
                "§r§a››§2⟩ §8Skills §e| §8Death Spin",
                "§r",
                "§r§a››§2⟩ §8Skills §e| §8Reaping Claw",
                "§r",
                "§r§a››§2⟩ §8Skills §e| §8Leration",
                "§r",
                "§r§a››§2⟩ §8Skills §e| §8Forbidden Art",
                "§r",
                "§r§a››§2⟩ §8Skills §e| §8Soul Scythe",
                "§r",
                "§rDosa ketamakan yang terkumpul",
                "§rMenjadi satu dan berubah",
                "§rBentuk menjadi salah satu",
                "§rSenjata kutukan",
                "§r",
                "§rSenjata yang tidak pernah",
                "§rMerasa puas dan keegoisan",
                "§rTinggi! §aSin Of Greed",
                "§r§8minecraft:diamond_hoe",
                "§r§8NBT: 22 tag(s)"
              ]
            }
          ]
        }
      ]
    }
  ]
}