{
  "pools": [
    {
      "rolls": 1,
      "entries": [
        {
          "type": "item",
          "weight": 1,
          "name": "custom:crossbow_envious",
          "functions": [
            {
              "function": "set_count",
              "count": {
                "min": 1,
                "max": 1
              }
            },
            {
              "function": "specific_enchants",
              "enchants": [
                {
                  "id": "mending",
                  "level": 2
                }
                }
              ]
            },
            {
              "function": "set_lore",
              "lore": [
                "§r§5Sin Of Envy",
                "§r",
                "§rRequires §c55 §rIn Archery",
                "§rRequires §c55 §rIn Endurance",
                "§rRequires §c48 §rIn Agility",
                "§r",
                "§r§7⟩» §8Attack Damage: §r5",
                "§r§7⟩» §8Attack Speed: §r1",
                "§r",
                "§r§a››§2⟩ §8Skills §e| §8Void Arrow",
                "§r§r§r§r§3⟩| §8Cooldown §r1",
                "§r",
                "§r§a››§2⟩ §8Skills §e| §8Retreat",
                "§r§r§r§r§3⟩| §8Cooldown §r2",
                "§r",
                "§r§a››§2⟩ §8Skills §e| §8Blackhole Shoot",
                "§r§r§r§r§3⟩| §8Cooldown §r5",
                "§r",
                "§r§a››§2⟩ §8Skills §e| §8Void Rain",
                "§r",
                "§rKutukan §5Sin Of Envy§r tidak hanya",
                "§rTerbatas pada efek fisik atau",
                "§rKekuatan magis. tetapi merasuki",
                "§rJiwa pemiliknya dengan cara yang",
                "§rLebih halus namun merusak.",
                "§r",
                "§rBegitu seseorang menyentuh",
                "§rSenjata ini. kecemburuan mulai",
                "§rMenyelinak ke dalam hati mereka",
                "§rSeperti angin malam yang tak",
                "§rTerlihat.",
                "§r§8minecraft:bow",
                "§r§8NBT: 22 tag(s)"
              ]
            }
          ]
        }
      ]
    }
  ]
}