{
  "pools": [
    {
      "rolls": 1,
      "entries": [
        {
          "type": "item",
          "weight": 1,
          "name": "custom:dagger_ravenous",
          "functions": [
            {
              "function": "set_count",
              "count": {
                "min": 1,
                "max": 1
              }
            },
            {
              "function": "specific_enchants",
              "enchants": [
                {
                  "id": "fire_aspect",
                  "level": 0
                }
              ]
            },
            {
              "function": "set_lore",
              "lore": [
              "§r§cDagger Of Ravenous",
                "§r§cSin Of Gluttony",
                "§r",
                "§r§7⟩» Attack Damage: 5",
                "§r§7⟩» Attack Speed: 1",
                "§r",
                "§r§2>§0: §7Left Click §6:§7 Blade Slash",
                "§r§3>§0: §7Damage: 3",
                "§r§3>§0: §7Cooldown: 0",
                "§r",
                "§r§2>§0: §7Right Click §6:§7 Dash",
                "§r§3>§0: §7Damage: 3",
                "§r§3>§0: §7Cooldown: 4",
                "§r",
                "§r§2>§0: §7Shift Right Click §6:§7 Dagger Throw",
                "§r§3>§0: §7Damage: 3",
                "§r§3>§0: §7Cooldown: 5",
                "§r",
                "§r§2>§0: §7Sneak §6:§7 Shadow Walk",
                "§r§3>§0: §7Duration §6:§7 §r8",
                "§r",
                "§r§2>§0: §7Shift Left Click §6:§7 Blade Dance",
                "§r§3>§0: §7Damage: 8",
                "§r§3>§0: §7Cooldown: 5",
                "§r",
                "§rSenjata yang memiliki kekuatan",
                "§rKerakusan dosa manusia",
                "§rYang terkumpul dan menjadi satu",
                "§rMembentuk senjata kutukan",
                "§rYang mewakili kekuatan dosa besar §cRakus",
                "§rThe Blade Of Assassin",
                "§r§8minecraft:diamond_axe",
                "§r§8NBT: 22 tag(s)"
              ]
            }
          ]
        }
      ]
    }
  ]
}