{
  "pools": [
    {
      "rolls": 1,
      "entries": [
        {
          "type": "item",
          "weight": 1,
          "name": "custom:doombringer_axe",
          "functions": [
            {
              "function": "set_count",
              "count": {
                "min": 1,
                "max": 1
              }
            },
            {
              "function": "specific_enchants",
              "enchants": [
                {
                  "id": "fire_aspect",
                  "level": 2
                },
                {
                  "id": "knockback",
                  "level": 2
                },
                {
                  "id": "sharpness",
                  "level": 5
                }
              ]
            },
            {
              "function": "set_lore",
              "lore": [
                "§r§cSin Of Wrath",
                "§r",
                "§rRequires §c45 §rIn Foraging",
                "§rRequires §c15 §rIn Defense",
                "§rRequires §c15 §rIn Fighting",
                "§r",
                "§r§7⟩» §8Attack Damage: §r13",
                "§r§7⟩» §8Attack Speed: §r1",
                "§r",
                "§r§a››§2⟩ §8Skills §e| §8Flame Slash",
                "§r",
                "§r§a››§2⟩ §8Skills §e| §8Inferno Wheel",
                "§r§r§r§r§3⟩| §8Cooldown §r15",
                "§r",
                "§r§a››§2⟩ §8Skills §e| §8Blazing Leap",
                "§r§r§r§r§3⟩| §8Cooldown §r20",
                "§r",
                "§r§a››§2⟩ §8Skills §e| §8Hellfire Wheel",
                "§r§r§r§r§3⟩| §8Cooldown §r90",
                "§r",
                "§rSenjata yang memiliki kekuatan",
                "§rKemarahan dan hasrat dosa manusia",
                "§rYang terkumpul dan menjadi satu",
                "§rMembentuk senjata kutukan",
                "§rYang mewakili kekuatan dosa besar §cAmarah",
                "§r§8minecraft:diamond_axe",
                "§r§8NBT: 22 tag(s)"
              ]
            }
          ]
        }
      ]
    }
  ]
}
