{
	"format_version": "1.12.0",
	"minecraft:geometry": [
		{
			"description": {
				"identifier": "geometry.gempita",
				"texture_width": 32,
				"texture_height": 32,
				"visible_bounds_width": 2,
				"visible_bounds_height": 3.5,
				"visible_bounds_offset": [0, 1.25, 0]
			},
			"bones": [
				{
					"name": "Head",
					"pivot": [0, 24, 0]
				},
				{
					"name": "group",
					"parent": "Head",
					"pivot": [0, 0, 0],
					"cubes": [
						{
							"origin": [-3, 28, -5],
							"size": [6, 3, 1],
							"uv": {
								"north": {"uv": [0, 0], "uv_size": [6, 3]},
								"east": {"uv": [15, 4], "uv_size": [1, 3]},
								"south": {"uv": [0, 3], "uv_size": [6, 3]},
								"west": {"uv": [16, 4], "uv_size": [1, 3]},
								"up": {"uv": [8, 8], "uv_size": [6, 1]},
								"down": {"uv": [0, 10], "uv_size": [6, -1]}
							}
						},
						{
							"origin": [1, 27, -4.5],
							"size": [2, 1, 0.5],
							"uv": {
								"north": {"uv": [16, 8], "uv_size": [2, 1]},
								"east": {"uv": [14, 5], "uv_size": [1, 1]},
								"south": {"uv": [16, 9], "uv_size": [2, 1]},
								"west": {"uv": [11, 18], "uv_size": [1, 1]},
								"up": {"uv": [16, 10], "uv_size": [2, 1]},
								"down": {"uv": [16, 12], "uv_size": [2, -1]}
							}
						},
						{
							"origin": [-3, 27, -4.5],
							"size": [2, 1, 0.5],
							"uv": {
								"north": {"uv": [16, 12], "uv_size": [2, 1]},
								"east": {"uv": [18, 17], "uv_size": [1, 1]},
								"south": {"uv": [16, 13], "uv_size": [2, 1]},
								"west": {"uv": [18, 18], "uv_size": [1, 1]},
								"up": {"uv": [14, 16], "uv_size": [2, 1]},
								"down": {"uv": [16, 15], "uv_size": [2, -1]}
							}
						},
						{
							"origin": [-0.89197, 26.93764, -4.99],
							"size": [1, 1.8, 0.98],
							"pivot": [-0.89197, 27.33764, -4.5],
							"rotation": [0, 0, -45],
							"uv": {
								"north": {"uv": [9, 16], "uv_size": [1, 2]},
								"east": {"uv": [16, 15], "uv_size": [1, 2]},
								"south": {"uv": [17, 0], "uv_size": [1, 2]},
								"west": {"uv": [17, 2], "uv_size": [1, 2]},
								"up": {"uv": [0, 19], "uv_size": [1, 1]},
								"down": {"uv": [1, 20], "uv_size": [1, -1]}
							}
						},
						{
							"origin": [-3.29197, 27.43764, -4.99],
							"size": [1, 1.8, 0.98],
							"pivot": [-0.89197, 27.33764, -4.5],
							"rotation": [0, 0, -45],
							"uv": {
								"north": {"uv": [17, 4], "uv_size": [1, 2]},
								"east": {"uv": [6, 17], "uv_size": [1, 2]},
								"south": {"uv": [7, 17], "uv_size": [1, 2]},
								"west": {"uv": [8, 17], "uv_size": [1, 2]},
								"up": {"uv": [2, 19], "uv_size": [1, 1]},
								"down": {"uv": [3, 20], "uv_size": [1, -1]}
							}
						},
						{
							"origin": [2.29197, 27.43764, -4.99],
							"size": [1, 1.8, 0.98],
							"pivot": [0.89197, 27.33764, -4.5],
							"rotation": [0, 0, 45],
							"uv": {
								"north": {"uv": [18, 4], "uv_size": [-1, 2]},
								"east": {"uv": [9, 17], "uv_size": [-1, 2]},
								"south": {"uv": [8, 17], "uv_size": [-1, 2]},
								"west": {"uv": [7, 17], "uv_size": [-1, 2]},
								"up": {"uv": [3, 19], "uv_size": [-1, 1]},
								"down": {"uv": [4, 20], "uv_size": [-1, -1]}
							}
						},
						{
							"origin": [-0.10803, 26.93764, -4.99],
							"size": [1, 1.8, 0.98],
							"pivot": [0.89197, 27.33764, -4.5],
							"rotation": [0, 0, 45],
							"uv": {
								"north": {"uv": [12, 17], "uv_size": [1, 2]},
								"east": {"uv": [13, 17], "uv_size": [1, 2]},
								"south": {"uv": [14, 17], "uv_size": [1, 2]},
								"west": {"uv": [15, 17], "uv_size": [1, 2]},
								"up": {"uv": [4, 19], "uv_size": [1, 1]},
								"down": {"uv": [5, 20], "uv_size": [1, -1]}
							}
						},
						{
							"origin": [-1, 27, -5],
							"size": [2, 1, 1],
							"uv": {
								"north": {"uv": [17, 6], "uv_size": [2, 1]},
								"east": {"uv": [6, 19], "uv_size": [1, 1]},
								"south": {"uv": [17, 15], "uv_size": [2, 1]},
								"west": {"uv": [19, 6], "uv_size": [1, 1]},
								"up": {"uv": [16, 17], "uv_size": [2, 1]},
								"down": {"uv": [17, 17], "uv_size": [2, -1]}
							}
						},
						{
							"origin": [-4, 26, -5],
							"size": [1, 5, 1],
							"uv": {
								"north": {"uv": [12, 12], "uv_size": [1, 5]},
								"east": {"uv": [0, 13], "uv_size": [1, 5]},
								"south": {"uv": [1, 13], "uv_size": [1, 5]},
								"west": {"uv": [2, 13], "uv_size": [1, 5]},
								"up": {"uv": [7, 19], "uv_size": [1, 1]},
								"down": {"uv": [19, 8], "uv_size": [1, -1]}
							}
						},
						{
							"origin": [3, 26, -5],
							"size": [1, 5, 1],
							"uv": {
								"north": {"uv": [3, 13], "uv_size": [1, 5]},
								"east": {"uv": [4, 13], "uv_size": [1, 5]},
								"south": {"uv": [5, 13], "uv_size": [1, 5]},
								"west": {"uv": [13, 12], "uv_size": [1, 5]},
								"up": {"uv": [8, 19], "uv_size": [1, 1]},
								"down": {"uv": [9, 20], "uv_size": [1, -1]}
							}
						},
						{
							"origin": [-4, 25, -5],
							"size": [8, 1, 1],
							"uv": {
								"north": {"uv": [6, 5], "uv_size": [8, 1]},
								"east": {"uv": [10, 19], "uv_size": [1, 1]},
								"south": {"uv": [0, 7], "uv_size": [8, 1]},
								"west": {"uv": [11, 19], "uv_size": [1, 1]},
								"up": {"uv": [0, 8], "uv_size": [8, 1]},
								"down": {"uv": [8, 8], "uv_size": [8, -1]}
							}
						},
						{
							"origin": [1.359, 24.445, -4.99],
							"size": [2, 1, 0.98],
							"pivot": [3, 25.5, -7.5],
							"rotation": [0, 0, -45],
							"uv": {
								"north": {"uv": [0, 18], "uv_size": [2, 1]},
								"east": {"uv": [12, 19], "uv_size": [1, 1]},
								"south": {"uv": [18, 0], "uv_size": [2, 1]},
								"west": {"uv": [13, 19], "uv_size": [1, 1]},
								"up": {"uv": [18, 1], "uv_size": [2, 1]},
								"down": {"uv": [2, 19], "uv_size": [2, -1]}
							}
						},
						{
							"origin": [1.815, 30.759, -4.99],
							"size": [2, 1, 0.98],
							"pivot": [3, 31.1543, -7.5],
							"rotation": [0, 0, 45],
							"uv": {
								"north": {"uv": [18, 2], "uv_size": [2, 1]},
								"east": {"uv": [14, 19], "uv_size": [1, 1]},
								"south": {"uv": [18, 3], "uv_size": [2, 1]},
								"west": {"uv": [15, 19], "uv_size": [1, 1]},
								"up": {"uv": [4, 18], "uv_size": [2, 1]},
								"down": {"uv": [18, 5], "uv_size": [2, -1]}
							}
						},
						{
							"origin": [-3.815, 30.759, -4.99],
							"size": [2, 1, 0.98],
							"pivot": [-3, 31.1543, -7.5],
							"rotation": [0, 0, -45],
							"uv": {
								"north": {"uv": [18, 5], "uv_size": [2, 1]},
								"east": {"uv": [19, 15], "uv_size": [1, 1]},
								"south": {"uv": [18, 8], "uv_size": [2, 1]},
								"west": {"uv": [16, 19], "uv_size": [1, 1]},
								"up": {"uv": [9, 18], "uv_size": [2, 1]},
								"down": {"uv": [18, 10], "uv_size": [2, -1]}
							}
						},
						{
							"origin": [-3.359, 24.445, -4.99],
							"size": [2, 1, 0.98],
							"pivot": [-3, 25.5, -7.5],
							"rotation": [0, 0, 45],
							"uv": {
								"north": {"uv": [18, 10], "uv_size": [2, 1]},
								"east": {"uv": [19, 16], "uv_size": [1, 1]},
								"south": {"uv": [18, 11], "uv_size": [2, 1]},
								"west": {"uv": [17, 19], "uv_size": [1, 1]},
								"up": {"uv": [18, 12], "uv_size": [2, 1]},
								"down": {"uv": [18, 14], "uv_size": [2, -1]}
							}
						},
						{
							"origin": [-4.7, 28, -4],
							"size": [0, 1, 8.3],
							"uv": {
								"north": {"uv": [0, 0], "uv_size": [0, 1]},
								"east": {"uv": [0, 6], "uv_size": [9, 1]},
								"south": {"uv": [0, 0], "uv_size": [0, 1]},
								"west": {"uv": [6, 0], "uv_size": [9, 1]},
								"up": {"uv": [0, 0], "uv_size": [0, 9]},
								"down": {"uv": [0, 9], "uv_size": [0, -9]}
							}
						},
						{
							"origin": [4.7, 28, -4],
							"size": [0, 1, 8.3],
							"uv": {
								"north": {"uv": [0, 0], "uv_size": [0, 1]},
								"east": {"uv": [6, 1], "uv_size": [9, 1]},
								"south": {"uv": [0, 0], "uv_size": [0, 1]},
								"west": {"uv": [6, 2], "uv_size": [9, 1]},
								"up": {"uv": [0, 0], "uv_size": [0, 9]},
								"down": {"uv": [0, 9], "uv_size": [0, -9]}
							}
						},
						{
							"origin": [-4.7, 28, 4.3],
							"size": [9.4, 1, 0],
							"uv": {
								"north": {"uv": [6, 3], "uv_size": [9, 1]},
								"east": {"uv": [0, 0], "uv_size": [0, 1]},
								"south": {"uv": [6, 4], "uv_size": [9, 1]},
								"west": {"uv": [0, 0], "uv_size": [0, 1]},
								"up": {"uv": [0, 0], "uv_size": [9, 0]},
								"down": {"uv": [0, 0], "uv_size": [9, 0]}
							}
						},
						{
							"origin": [-3, 26, -5],
							"size": [6, 1, 1],
							"uv": {
								"north": {"uv": [6, 9], "uv_size": [6, 1]},
								"east": {"uv": [19, 17], "uv_size": [1, 1]},
								"south": {"uv": [9, 6], "uv_size": [6, 1]},
								"west": {"uv": [18, 19], "uv_size": [1, 1]},
								"up": {"uv": [0, 10], "uv_size": [6, 1]},
								"down": {"uv": [6, 11], "uv_size": [6, -1]}
							}
						},
						{
							"origin": [-1, 26, -8],
							"size": [2, 2, 3],
							"uv": {
								"north": {"uv": [6, 14], "uv_size": [2, 2]},
								"east": {"uv": [0, 11], "uv_size": [3, 2]},
								"south": {"uv": [8, 14], "uv_size": [2, 2]},
								"west": {"uv": [3, 11], "uv_size": [3, 2]},
								"up": {"uv": [6, 11], "uv_size": [2, 3]},
								"down": {"uv": [8, 14], "uv_size": [2, -3]}
							}
						},
						{
							"origin": [-0.985, 26.32298, -10.59],
							"size": [1.97, 1, 3],
							"pivot": [0, 27.17298, -8.61397],
							"rotation": [45, 0, 0],
							"uv": {
								"north": {"uv": [18, 14], "uv_size": [2, 1]},
								"east": {"uv": [6, 16], "uv_size": [3, 1]},
								"south": {"uv": [16, 18], "uv_size": [2, 1]},
								"west": {"uv": [16, 7], "uv_size": [3, 1]},
								"up": {"uv": [10, 11], "uv_size": [2, 3]},
								"down": {"uv": [12, 12], "uv_size": [2, -3]}
							}
						},
						{
							"origin": [-5, 26, -5],
							"size": [1, 4, 1],
							"uv": {
								"north": {"uv": [14, 8], "uv_size": [1, 4]},
								"east": {"uv": [10, 14], "uv_size": [1, 4]},
								"south": {"uv": [11, 14], "uv_size": [1, 4]},
								"west": {"uv": [14, 12], "uv_size": [1, 4]},
								"up": {"uv": [19, 18], "uv_size": [1, 1]},
								"down": {"uv": [19, 20], "uv_size": [1, -1]}
							}
						},
						{
							"origin": [4, 26, -5],
							"size": [1, 4, 1],
							"uv": {
								"north": {"uv": [15, 0], "uv_size": [1, 4]},
								"east": {"uv": [15, 8], "uv_size": [1, 4]},
								"south": {"uv": [15, 12], "uv_size": [1, 4]},
								"west": {"uv": [16, 0], "uv_size": [1, 4]},
								"up": {"uv": [0, 20], "uv_size": [1, 1]},
								"down": {"uv": [20, 1], "uv_size": [1, -1]}
							}
						}
					]
				}
			]
		}
	]
}