{
	"format_version": "1.12.0",
	"minecraft:geometry": [
		{
			"description": {
				"identifier": "geometry.jerry",
				"texture_width": 32,
				"texture_height": 32,
				"visible_bounds_width": 2,
				"visible_bounds_height": 3.5,
				"visible_bounds_offset": [0, 1.25, 0]
			},
			"bones": [
				{
					"name": "Head",
					"pivot": [0, 24, 0]
				},
				{
					"name": "group",
					"parent": "Head",
					"pivot": [0, 0, 0],
					"cubes": [
						{
							"origin": [-3, 31, -5],
							"size": [6, 1, 1],
							"uv": {
								"north": {"uv": [10, 9], "uv_size": [6, 1]},
								"east": {"uv": [20, 20], "uv_size": [1, 1]},
								"south": {"uv": [10, 10], "uv_size": [6, 1]},
								"west": {"uv": [0, 21], "uv_size": [1, 1]},
								"up": {"uv": [11, 5], "uv_size": [6, 1]},
								"down": {"uv": [11, 7], "uv_size": [6, -1]}
							}
						},
						{
							"origin": [-3, 23, -5],
							"size": [6, 1, 1],
							"uv": {
								"north": {"uv": [11, 7], "uv_size": [6, 1]},
								"east": {"uv": [1, 21], "uv_size": [1, 1]},
								"south": {"uv": [10, 11], "uv_size": [6, 1]},
								"west": {"uv": [21, 1], "uv_size": [1, 1]},
								"up": {"uv": [2, 12], "uv_size": [6, 1]},
								"down": {"uv": [8, 13], "uv_size": [6, -1]}
							}
						},
						{
							"origin": [-3, 24, -5],
							"size": [1, 1, 1],
							"uv": {
								"north": {"uv": [2, 21], "uv_size": [1, 1]},
								"east": {"uv": [21, 2], "uv_size": [1, 1]},
								"south": {"uv": [3, 21], "uv_size": [1, 1]},
								"west": {"uv": [4, 21], "uv_size": [1, 1]},
								"up": {"uv": [21, 4], "uv_size": [1, 1]},
								"down": {"uv": [5, 22], "uv_size": [1, -1]}
							}
						},
						{
							"origin": [2, 24, -5],
							"size": [1, 1, 1],
							"uv": {
								"north": {"uv": [21, 5], "uv_size": [1, 1]},
								"east": {"uv": [6, 21], "uv_size": [1, 1]},
								"south": {"uv": [21, 6], "uv_size": [1, 1]},
								"west": {"uv": [7, 21], "uv_size": [1, 1]},
								"up": {"uv": [21, 7], "uv_size": [1, 1]},
								"down": {"uv": [9, 22], "uv_size": [1, -1]}
							}
						},
						{
							"origin": [2, 22.7, -5.25],
							"size": [1.975, 2, 1],
							"pivot": [6, 24, -8.5],
							"rotation": [22.5, 0, 0],
							"uv": {
								"north": {"uv": [14, 15], "uv_size": [2, 2]},
								"east": {"uv": [18, 0], "uv_size": [1, 2]},
								"south": {"uv": [0, 16], "uv_size": [2, 2]},
								"west": {"uv": [8, 18], "uv_size": [1, 2]},
								"up": {"uv": [17, 7], "uv_size": [2, 1]},
								"down": {"uv": [9, 19], "uv_size": [2, -1]}
							}
						},
						{
							"origin": [-3.975, 22.7, -5.25],
							"size": [1.975, 2, 1],
							"pivot": [-6, 24, -8.5],
							"rotation": [22.5, 0, 0],
							"uv": {
								"north": {"uv": [16, 0], "uv_size": [2, 2]},
								"east": {"uv": [18, 9], "uv_size": [1, 2]},
								"south": {"uv": [2, 16], "uv_size": [2, 2]},
								"west": {"uv": [11, 18], "uv_size": [1, 2]},
								"up": {"uv": [18, 11], "uv_size": [2, 1]},
								"down": {"uv": [12, 19], "uv_size": [2, -1]}
							}
						},
						{
							"origin": [3, 24.7, -5.25],
							"size": [0.975, 1, 1],
							"pivot": [6, 24, -8.5],
							"rotation": [22.5, 0, 0],
							"uv": {
								"north": {"uv": [10, 21], "uv_size": [1, 1]},
								"east": {"uv": [11, 21], "uv_size": [1, 1]},
								"south": {"uv": [12, 21], "uv_size": [1, 1]},
								"west": {"uv": [13, 21], "uv_size": [1, 1]},
								"up": {"uv": [14, 21], "uv_size": [1, 1]},
								"down": {"uv": [15, 22], "uv_size": [1, -1]}
							}
						},
						{
							"origin": [0.5, 22.65, -5.225],
							"size": [1, 1, 1],
							"pivot": [6, 24, -8.5],
							"rotation": [22.5, 0, 0],
							"uv": {
								"north": {"uv": [16, 21], "uv_size": [1, 1]},
								"east": {"uv": [17, 21], "uv_size": [1, 1]},
								"south": {"uv": [18, 21], "uv_size": [1, 1]},
								"west": {"uv": [19, 21], "uv_size": [1, 1]},
								"up": {"uv": [21, 19], "uv_size": [1, 1]},
								"down": {"uv": [20, 22], "uv_size": [1, -1]}
							}
						},
						{
							"origin": [-1.5, 22.65, -5.225],
							"size": [1, 1, 1],
							"pivot": [-6, 24, -8.5],
							"rotation": [22.5, 0, 0],
							"uv": {
								"north": {"uv": [21, 20], "uv_size": [1, 1]},
								"east": {"uv": [21, 21], "uv_size": [1, 1]},
								"south": {"uv": [0, 22], "uv_size": [1, 1]},
								"west": {"uv": [22, 0], "uv_size": [1, 1]},
								"up": {"uv": [1, 22], "uv_size": [1, 1]},
								"down": {"uv": [22, 2], "uv_size": [1, -1]}
							}
						},
						{
							"origin": [-3.975, 24.7, -5.25],
							"size": [0.975, 1, 1],
							"pivot": [-6, 24, -8.5],
							"rotation": [22.5, 0, 0],
							"uv": {
								"north": {"uv": [2, 22], "uv_size": [1, 1]},
								"east": {"uv": [22, 2], "uv_size": [1, 1]},
								"south": {"uv": [3, 22], "uv_size": [1, 1]},
								"west": {"uv": [22, 3], "uv_size": [1, 1]},
								"up": {"uv": [4, 22], "uv_size": [1, 1]},
								"down": {"uv": [22, 5], "uv_size": [1, -1]}
							}
						},
						{
							"origin": [2.2, 29.8, -5.65],
							"size": [2, 3, 2],
							"pivot": [3.2, 31.3, -4.65],
							"rotation": [22.5, 0, 0],
							"uv": {
								"north": {"uv": [9, 5], "uv_size": [2, 3]},
								"east": {"uv": [6, 9], "uv_size": [2, 3]},
								"south": {"uv": [8, 9], "uv_size": [2, 3]},
								"west": {"uv": [0, 10], "uv_size": [2, 3]},
								"up": {"uv": [2, 10], "uv_size": [2, 2]},
								"down": {"uv": [4, 12], "uv_size": [2, -2]}
							}
						},
						{
							"origin": [-4.2, 29.8, -5.65],
							"size": [2, 3, 2],
							"pivot": [-3.2, 31.3, -4.65],
							"rotation": [22.5, 0, 0],
							"uv": {
								"north": {"uv": [0, 13], "uv_size": [2, 3]},
								"east": {"uv": [2, 13], "uv_size": [2, 3]},
								"south": {"uv": [4, 13], "uv_size": [2, 3]},
								"west": {"uv": [6, 13], "uv_size": [2, 3]},
								"up": {"uv": [4, 16], "uv_size": [2, 2]},
								"down": {"uv": [6, 18], "uv_size": [2, -2]}
							}
						},
						{
							"origin": [2.7, 32.4, -5.75],
							"size": [1, 3, 1],
							"uv": {
								"north": {"uv": [14, 17], "uv_size": [1, 3]},
								"east": {"uv": [15, 17], "uv_size": [1, 3]},
								"south": {"uv": [16, 17], "uv_size": [1, 3]},
								"west": {"uv": [17, 17], "uv_size": [1, 3]},
								"up": {"uv": [5, 22], "uv_size": [1, 1]},
								"down": {"uv": [22, 6], "uv_size": [1, -1]}
							}
						},
						{
							"origin": [-3.7, 32.4, -5.75],
							"size": [1, 3, 1],
							"uv": {
								"north": {"uv": [0, 18], "uv_size": [1, 3]},
								"east": {"uv": [1, 18], "uv_size": [1, 3]},
								"south": {"uv": [2, 18], "uv_size": [1, 3]},
								"west": {"uv": [3, 18], "uv_size": [1, 3]},
								"up": {"uv": [6, 22], "uv_size": [1, 1]},
								"down": {"uv": [22, 7], "uv_size": [1, -1]}
							}
						},
						{
							"origin": [3, 24, -5],
							"size": [1, 2, 1],
							"uv": {
								"north": {"uv": [18, 17], "uv_size": [1, 2]},
								"east": {"uv": [19, 0], "uv_size": [1, 2]},
								"south": {"uv": [9, 19], "uv_size": [1, 2]},
								"west": {"uv": [19, 9], "uv_size": [1, 2]},
								"up": {"uv": [7, 22], "uv_size": [1, 1]},
								"down": {"uv": [22, 8], "uv_size": [1, -1]}
							}
						},
						{
							"origin": [-4, 24, -5],
							"size": [1, 2, 1],
							"uv": {
								"north": {"uv": [10, 19], "uv_size": [1, 2]},
								"east": {"uv": [12, 19], "uv_size": [1, 2]},
								"south": {"uv": [13, 19], "uv_size": [1, 2]},
								"west": {"uv": [19, 17], "uv_size": [1, 2]},
								"up": {"uv": [8, 22], "uv_size": [1, 1]},
								"down": {"uv": [22, 9], "uv_size": [1, -1]}
							}
						},
						{
							"origin": [-4, 29, -5],
							"size": [8, 2, 1],
							"uv": {
								"north": {"uv": [0, 0], "uv_size": [8, 2]},
								"east": {"uv": [18, 19], "uv_size": [1, 2]},
								"south": {"uv": [0, 2], "uv_size": [8, 2]},
								"west": {"uv": [19, 19], "uv_size": [1, 2]},
								"up": {"uv": [0, 8], "uv_size": [8, 1]},
								"down": {"uv": [8, 1], "uv_size": [8, -1]}
							}
						},
						{
							"origin": [-3, 28, -5],
							"size": [6, 1, 1],
							"uv": {
								"north": {"uv": [8, 13], "uv_size": [6, 1]},
								"east": {"uv": [9, 22], "uv_size": [1, 1]},
								"south": {"uv": [14, 3], "uv_size": [6, 1]},
								"west": {"uv": [22, 9], "uv_size": [1, 1]},
								"up": {"uv": [8, 14], "uv_size": [6, 1]},
								"down": {"uv": [14, 9], "uv_size": [6, -1]}
							}
						},
						{
							"origin": [-1, 27, -5],
							"size": [2, 1, 1],
							"uv": {
								"north": {"uv": [18, 12], "uv_size": [2, 1]},
								"east": {"uv": [10, 22], "uv_size": [1, 1]},
								"south": {"uv": [19, 4], "uv_size": [2, 1]},
								"west": {"uv": [22, 10], "uv_size": [1, 1]},
								"up": {"uv": [19, 7], "uv_size": [2, 1]},
								"down": {"uv": [20, 1], "uv_size": [2, -1]}
							}
						},
						{
							"origin": [-1, 25.90552, -5.41518],
							"size": [2, 2, 1],
							"pivot": [0, 26.90552, -4.94018],
							"rotation": [-22.5, 0, 0],
							"uv": {
								"north": {"uv": [16, 9], "uv_size": [2, 2]},
								"east": {"uv": [20, 1], "uv_size": [1, 2]},
								"south": {"uv": [16, 11], "uv_size": [2, 2]},
								"west": {"uv": [8, 20], "uv_size": [1, 2]},
								"up": {"uv": [20, 3], "uv_size": [2, 1]},
								"down": {"uv": [20, 9], "uv_size": [2, -1]}
							}
						},
						{
							"origin": [-3, 26, -5],
							"size": [6, 1, 1],
							"uv": {
								"north": {"uv": [8, 3], "uv_size": [6, 1]},
								"east": {"uv": [11, 20], "uv_size": [1, 1]},
								"south": {"uv": [8, 8], "uv_size": [6, 1]},
								"west": {"uv": [20, 19], "uv_size": [1, 1]},
								"up": {"uv": [0, 9], "uv_size": [6, 1]},
								"down": {"uv": [9, 5], "uv_size": [6, -1]}
							}
						},
						{
							"origin": [-2, 25, -5],
							"size": [4, 1, 1],
							"uv": {
								"north": {"uv": [15, 4], "uv_size": [4, 1]},
								"east": {"uv": [11, 22], "uv_size": [1, 1]},
								"south": {"uv": [16, 2], "uv_size": [4, 1]},
								"west": {"uv": [22, 11], "uv_size": [1, 1]},
								"up": {"uv": [16, 13], "uv_size": [4, 1]},
								"down": {"uv": [16, 15], "uv_size": [4, -1]}
							}
						},
						{
							"origin": [-2, 24, -4.95],
							"size": [4, 1, 0.95],
							"uv": {
								"north": {"uv": [16, 15], "uv_size": [4, 1]},
								"east": {"uv": [12, 22], "uv_size": [1, 1]},
								"south": {"uv": [16, 16], "uv_size": [4, 1]},
								"west": {"uv": [22, 12], "uv_size": [1, 1]},
								"up": {"uv": [17, 5], "uv_size": [4, 1]},
								"down": {"uv": [17, 7], "uv_size": [4, -1]}
							}
						},
						{
							"origin": [-3, 27, -4.95],
							"size": [2, 1, 0.95],
							"uv": {
								"north": {"uv": [20, 9], "uv_size": [2, 1]},
								"east": {"uv": [13, 22], "uv_size": [1, 1]},
								"south": {"uv": [20, 10], "uv_size": [2, 1]},
								"west": {"uv": [22, 13], "uv_size": [1, 1]},
								"up": {"uv": [20, 11], "uv_size": [2, 1]},
								"down": {"uv": [20, 13], "uv_size": [2, -1]}
							}
						},
						{
							"origin": [1, 27, -4.95],
							"size": [2, 1, 0.95],
							"uv": {
								"north": {"uv": [20, 13], "uv_size": [2, 1]},
								"east": {"uv": [14, 22], "uv_size": [1, 1]},
								"south": {"uv": [14, 20], "uv_size": [2, 1]},
								"west": {"uv": [22, 14], "uv_size": [1, 1]},
								"up": {"uv": [20, 14], "uv_size": [2, 1]},
								"down": {"uv": [20, 16], "uv_size": [2, -1]}
							}
						},
						{
							"origin": [2, 25, -4.95],
							"size": [1, 1, 0.95],
							"uv": {
								"north": {"uv": [18, 22], "uv_size": [1, 1]},
								"east": {"uv": [22, 18], "uv_size": [1, 1]},
								"south": {"uv": [19, 22], "uv_size": [1, 1]},
								"west": {"uv": [22, 19], "uv_size": [1, 1]},
								"up": {"uv": [20, 22], "uv_size": [1, 1]},
								"down": {"uv": [22, 21], "uv_size": [1, -1]}
							}
						},
						{
							"origin": [-3, 25, -4.95],
							"size": [1, 1, 0.95],
							"uv": {
								"north": {"uv": [21, 22], "uv_size": [1, 1]},
								"east": {"uv": [22, 21], "uv_size": [1, 1]},
								"south": {"uv": [22, 22], "uv_size": [1, 1]},
								"west": {"uv": [0, 23], "uv_size": [1, 1]},
								"up": {"uv": [23, 0], "uv_size": [1, 1]},
								"down": {"uv": [1, 24], "uv_size": [1, -1]}
							}
						},
						{
							"origin": [-5, 26, -5],
							"size": [2, 3, 1],
							"uv": {
								"north": {"uv": [14, 12], "uv_size": [2, 3]},
								"east": {"uv": [4, 18], "uv_size": [1, 3]},
								"south": {"uv": [8, 15], "uv_size": [2, 3]},
								"west": {"uv": [5, 18], "uv_size": [1, 3]},
								"up": {"uv": [16, 20], "uv_size": [2, 1]},
								"down": {"uv": [20, 17], "uv_size": [2, -1]}
							}
						},
						{
							"origin": [3, 26, -5],
							"size": [2, 3, 1],
							"uv": {
								"north": {"uv": [10, 15], "uv_size": [2, 3]},
								"east": {"uv": [6, 18], "uv_size": [1, 3]},
								"south": {"uv": [12, 15], "uv_size": [2, 3]},
								"west": {"uv": [7, 18], "uv_size": [1, 3]},
								"up": {"uv": [20, 17], "uv_size": [2, 1]},
								"down": {"uv": [20, 19], "uv_size": [2, -1]}
							}
						},
						{
							"origin": [4.1, 27, -4],
							"size": [0, 1, 8.1],
							"uv": {
								"north": {"uv": [0, 0], "uv_size": [0, 1]},
								"east": {"uv": [0, 4], "uv_size": [9, 1]},
								"south": {"uv": [0, 0], "uv_size": [0, 1]},
								"west": {"uv": [0, 5], "uv_size": [9, 1]},
								"up": {"uv": [0, 0], "uv_size": [0, 9]},
								"down": {"uv": [0, 9], "uv_size": [0, -9]}
							}
						},
						{
							"origin": [-4.1, 27, 4.1],
							"size": [8.2, 1, 0],
							"uv": {
								"north": {"uv": [8, 1], "uv_size": [8, 1]},
								"east": {"uv": [0, 0], "uv_size": [0, 1]},
								"south": {"uv": [8, 2], "uv_size": [8, 1]},
								"west": {"uv": [0, 0], "uv_size": [0, 1]},
								"up": {"uv": [0, 0], "uv_size": [8, 0]},
								"down": {"uv": [0, 0], "uv_size": [8, 0]}
							}
						},
						{
							"origin": [-4.1, 27, -4],
							"size": [0, 1, 8.1],
							"uv": {
								"north": {"uv": [0, 0], "uv_size": [0, 1]},
								"east": {"uv": [0, 6], "uv_size": [9, 1]},
								"south": {"uv": [0, 0], "uv_size": [0, 1]},
								"west": {"uv": [0, 7], "uv_size": [9, 1]},
								"up": {"uv": [0, 0], "uv_size": [0, 9]},
								"down": {"uv": [0, 9], "uv_size": [0, -9]}
							}
						}
					]
				}
			]
		}
	]
}