{
	"format_version": "1.12.0",
	"minecraft:geometry": [
		{
			"description": {
				"identifier": "geometry.maji",
				"texture_width": 32,
				"texture_height": 32,
				"visible_bounds_width": 2,
				"visible_bounds_height": 3.5,
				"visible_bounds_offset": [0, 1.25, 0]
			},
			"bones": [
				{
					"name": "Head",
					"pivot": [0, 24, 0]
				},
				{
					"name": "group",
					"parent": "Head",
					"pivot": [-8, 8, 7],
					"cubes": [
						{
							"origin": [-3, 23, -5],
							"size": [6, 1, 1],
							"uv": {
								"north": {"uv": [8, 3], "uv_size": [6, 1]},
								"east": {"uv": [19, 8], "uv_size": [1, 1]},
								"south": {"uv": [0, 9], "uv_size": [6, 1]},
								"west": {"uv": [21, 14], "uv_size": [1, 1]},
								"up": {"uv": [9, 4], "uv_size": [6, 1]},
								"down": {"uv": [9, 6], "uv_size": [6, -1]}
							}
						},
						{
							"origin": [4.5, 27, -4],
							"size": [0, 1, 9],
							"uv": {
								"north": {"uv": [0, 0], "uv_size": [0, 1]},
								"east": {"uv": [0, 4], "uv_size": [9, 1]},
								"south": {"uv": [0, 0], "uv_size": [0, 1]},
								"west": {"uv": [0, 5], "uv_size": [9, 1]},
								"up": {"uv": [0, 0], "uv_size": [0, 9]},
								"down": {"uv": [0, 9], "uv_size": [0, -9]}
							}
						},
						{
							"origin": [-4.5, 27, -4],
							"size": [0, 1, 9],
							"uv": {
								"north": {"uv": [0, 0], "uv_size": [0, 1]},
								"east": {"uv": [0, 6], "uv_size": [9, 1]},
								"south": {"uv": [0, 0], "uv_size": [0, 1]},
								"west": {"uv": [0, 7], "uv_size": [9, 1]},
								"up": {"uv": [0, 0], "uv_size": [0, 9]},
								"down": {"uv": [0, 9], "uv_size": [0, -9]}
							}
						},
						{
							"origin": [-4.5, 27, 5],
							"size": [9, 1, 0],
							"uv": {
								"north": {"uv": [0, 8], "uv_size": [9, 1]},
								"east": {"uv": [0, 0], "uv_size": [0, 1]},
								"south": {"uv": [8, 0], "uv_size": [9, 1]},
								"west": {"uv": [0, 0], "uv_size": [0, 1]},
								"up": {"uv": [0, 0], "uv_size": [9, 0]},
								"down": {"uv": [0, 0], "uv_size": [9, 0]}
							}
						},
						{
							"origin": [-3, 31, -5],
							"size": [6, 1, 1],
							"uv": {
								"north": {"uv": [6, 9], "uv_size": [6, 1]},
								"east": {"uv": [21, 15], "uv_size": [1, 1]},
								"south": {"uv": [9, 6], "uv_size": [6, 1]},
								"west": {"uv": [21, 18], "uv_size": [1, 1]},
								"up": {"uv": [9, 7], "uv_size": [6, 1]},
								"down": {"uv": [9, 9], "uv_size": [6, -1]}
							}
						},
						{
							"origin": [-3, 25, -5],
							"size": [1, 1, 1],
							"uv": {
								"north": {"uv": [19, 21], "uv_size": [1, 1]},
								"east": {"uv": [21, 19], "uv_size": [1, 1]},
								"south": {"uv": [20, 21], "uv_size": [1, 1]},
								"west": {"uv": [21, 20], "uv_size": [1, 1]},
								"up": {"uv": [21, 21], "uv_size": [1, 1]},
								"down": {"uv": [0, 23], "uv_size": [1, -1]}
							}
						},
						{
							"origin": [-4, 24, -5],
							"size": [1, 2, 1],
							"uv": {
								"north": {"uv": [0, 18], "uv_size": [1, 2]},
								"east": {"uv": [1, 18], "uv_size": [1, 2]},
								"south": {"uv": [18, 15], "uv_size": [1, 2]},
								"west": {"uv": [16, 18], "uv_size": [1, 2]},
								"up": {"uv": [1, 22], "uv_size": [1, 1]},
								"down": {"uv": [22, 3], "uv_size": [1, -1]}
							}
						},
						{
							"origin": [3, 24, -5],
							"size": [1, 2, 1],
							"uv": {
								"north": {"uv": [17, 18], "uv_size": [1, 2]},
								"east": {"uv": [18, 18], "uv_size": [1, 2]},
								"south": {"uv": [2, 19], "uv_size": [1, 2]},
								"west": {"uv": [3, 19], "uv_size": [1, 2]},
								"up": {"uv": [22, 3], "uv_size": [1, 1]},
								"down": {"uv": [4, 23], "uv_size": [1, -1]}
							}
						},
						{
							"origin": [2, 25, -5],
							"size": [1, 1, 1],
							"uv": {
								"north": {"uv": [5, 22], "uv_size": [1, 1]},
								"east": {"uv": [6, 22], "uv_size": [1, 1]},
								"south": {"uv": [7, 22], "uv_size": [1, 1]},
								"west": {"uv": [8, 22], "uv_size": [1, 1]},
								"up": {"uv": [22, 8], "uv_size": [1, 1]},
								"down": {"uv": [9, 23], "uv_size": [1, -1]}
							}
						},
						{
							"origin": [1.9, 24.1, -4.975],
							"size": [1, 2, 0.97],
							"pivot": [1.5, 24.5, -4.5],
							"rotation": [0, 0, 45],
							"uv": {
								"north": {"uv": [19, 15], "uv_size": [1, 2]},
								"east": {"uv": [19, 18], "uv_size": [1, 2]},
								"south": {"uv": [0, 20], "uv_size": [1, 2]},
								"west": {"uv": [1, 20], "uv_size": [1, 2]},
								"up": {"uv": [22, 9], "uv_size": [1, 1]},
								"down": {"uv": [10, 23], "uv_size": [1, -1]}
							}
						},
						{
							"origin": [-2.9, 24.1, -4.975],
							"size": [1, 2, 0.97],
							"pivot": [-1.5, 24.5, -4.5],
							"rotation": [0, 0, -45],
							"uv": {
								"north": {"uv": [20, 2], "uv_size": [1, 2]},
								"east": {"uv": [4, 20], "uv_size": [1, 2]},
								"south": {"uv": [5, 20], "uv_size": [1, 2]},
								"west": {"uv": [6, 20], "uv_size": [1, 2]},
								"up": {"uv": [22, 10], "uv_size": [1, 1]},
								"down": {"uv": [11, 23], "uv_size": [1, -1]}
							}
						},
						{
							"origin": [1.9, 26.8, -4.975],
							"size": [1, 2, 0.97],
							"pivot": [1.5, 26.8, -4.5],
							"rotation": [0, 0, 45],
							"uv": {
								"north": {"uv": [7, 20], "uv_size": [1, 2]},
								"east": {"uv": [8, 20], "uv_size": [1, 2]},
								"south": {"uv": [20, 8], "uv_size": [1, 2]},
								"west": {"uv": [9, 20], "uv_size": [1, 2]},
								"up": {"uv": [22, 11], "uv_size": [1, 1]},
								"down": {"uv": [12, 23], "uv_size": [1, -1]}
							}
						},
						{
							"origin": [-0.3, 26.2, -4.975],
							"size": [1, 2, 0.97],
							"pivot": [1.5, 26.8, -4.5],
							"rotation": [0, 0, 45],
							"uv": {
								"north": {"uv": [10, 20], "uv_size": [1, 2]},
								"east": {"uv": [11, 20], "uv_size": [1, 2]},
								"south": {"uv": [12, 20], "uv_size": [1, 2]},
								"west": {"uv": [20, 12], "uv_size": [1, 2]},
								"up": {"uv": [13, 22], "uv_size": [1, 1]},
								"down": {"uv": [14, 23], "uv_size": [1, -1]}
							}
						},
						{
							"origin": [-0.7, 26.2, -4.975],
							"size": [1, 2, 0.97],
							"pivot": [-1.5, 26.8, -4.5],
							"rotation": [0, 0, -45],
							"uv": {
								"north": {"uv": [13, 20], "uv_size": [1, 2]},
								"east": {"uv": [14, 20], "uv_size": [1, 2]},
								"south": {"uv": [20, 14], "uv_size": [1, 2]},
								"west": {"uv": [15, 20], "uv_size": [1, 2]},
								"up": {"uv": [22, 14], "uv_size": [1, 1]},
								"down": {"uv": [15, 23], "uv_size": [1, -1]}
							}
						},
						{
							"origin": [-2.9, 26.8, -4.975],
							"size": [1, 2, 0.97],
							"pivot": [-1.5, 26.8, -4.5],
							"rotation": [0, 0, -45],
							"uv": {
								"north": {"uv": [16, 20], "uv_size": [1, 2]},
								"east": {"uv": [17, 20], "uv_size": [1, 2]},
								"south": {"uv": [18, 20], "uv_size": [1, 2]},
								"west": {"uv": [20, 18], "uv_size": [1, 2]},
								"up": {"uv": [22, 15], "uv_size": [1, 1]},
								"down": {"uv": [16, 23], "uv_size": [1, -1]}
							}
						},
						{
							"origin": [2.2, 30.8, -5.7],
							"size": [2, 3, 2],
							"pivot": [3.2, 32.3, -4.7],
							"rotation": [22.5, 0, 0],
							"uv": {
								"north": {"uv": [0, 10], "uv_size": [2, 3]},
								"east": {"uv": [2, 10], "uv_size": [2, 3]},
								"south": {"uv": [4, 10], "uv_size": [2, 3]},
								"west": {"uv": [6, 10], "uv_size": [2, 3]},
								"up": {"uv": [12, 15], "uv_size": [2, 2]},
								"down": {"uv": [14, 17], "uv_size": [2, -2]}
							}
						},
						{
							"origin": [-4.2, 30.8, -5.7],
							"size": [2, 3, 2],
							"pivot": [2.8, 32.3, -4.7],
							"rotation": [22.5, 0, 0],
							"uv": {
								"north": {"uv": [8, 10], "uv_size": [2, 3]},
								"east": {"uv": [10, 10], "uv_size": [2, 3]},
								"south": {"uv": [12, 9], "uv_size": [2, 3]},
								"west": {"uv": [12, 12], "uv_size": [2, 3]},
								"up": {"uv": [0, 16], "uv_size": [2, 2]},
								"down": {"uv": [16, 3], "uv_size": [2, -2]}
							}
						},
						{
							"origin": [-3.7, 33.4, -5.7],
							"size": [1, 3, 1],
							"uv": {
								"north": {"uv": [4, 17], "uv_size": [1, 3]},
								"east": {"uv": [5, 17], "uv_size": [1, 3]},
								"south": {"uv": [6, 17], "uv_size": [1, 3]},
								"west": {"uv": [7, 17], "uv_size": [1, 3]},
								"up": {"uv": [22, 16], "uv_size": [1, 1]},
								"down": {"uv": [17, 23], "uv_size": [1, -1]}
							}
						},
						{
							"origin": [2.7, 33.4, -5.7],
							"size": [1, 3, 1],
							"uv": {
								"north": {"uv": [8, 17], "uv_size": [1, 3]},
								"east": {"uv": [9, 17], "uv_size": [1, 3]},
								"south": {"uv": [10, 17], "uv_size": [1, 3]},
								"west": {"uv": [11, 17], "uv_size": [1, 3]},
								"up": {"uv": [22, 17], "uv_size": [1, 1]},
								"down": {"uv": [18, 23], "uv_size": [1, -1]}
							}
						},
						{
							"origin": [-2, 25, -5],
							"size": [4, 1, 1],
							"uv": {
								"north": {"uv": [15, 8], "uv_size": [4, 1]},
								"east": {"uv": [22, 18], "uv_size": [1, 1]},
								"south": {"uv": [2, 16], "uv_size": [4, 1]},
								"west": {"uv": [19, 22], "uv_size": [1, 1]},
								"up": {"uv": [16, 9], "uv_size": [4, 1]},
								"down": {"uv": [16, 11], "uv_size": [4, -1]}
							}
						},
						{
							"origin": [-3, 26, -5],
							"size": [6, 1, 1],
							"uv": {
								"north": {"uv": [0, 13], "uv_size": [6, 1]},
								"east": {"uv": [22, 19], "uv_size": [1, 1]},
								"south": {"uv": [6, 13], "uv_size": [6, 1]},
								"west": {"uv": [20, 22], "uv_size": [1, 1]},
								"up": {"uv": [0, 14], "uv_size": [6, 1]},
								"down": {"uv": [14, 4], "uv_size": [6, -1]}
							}
						},
						{
							"origin": [-5, 26, -5],
							"size": [2, 3, 1],
							"uv": {
								"north": {"uv": [6, 14], "uv_size": [2, 3]},
								"east": {"uv": [12, 17], "uv_size": [1, 3]},
								"south": {"uv": [8, 14], "uv_size": [2, 3]},
								"west": {"uv": [13, 17], "uv_size": [1, 3]},
								"up": {"uv": [18, 2], "uv_size": [2, 1]},
								"down": {"uv": [20, 11], "uv_size": [2, -1]}
							}
						},
						{
							"origin": [3, 26, -5],
							"size": [2, 3, 1],
							"uv": {
								"north": {"uv": [14, 9], "uv_size": [2, 3]},
								"east": {"uv": [14, 17], "uv_size": [1, 3]},
								"south": {"uv": [10, 14], "uv_size": [2, 3]},
								"west": {"uv": [15, 17], "uv_size": [1, 3]},
								"up": {"uv": [20, 16], "uv_size": [2, 1]},
								"down": {"uv": [19, 21], "uv_size": [2, -1]}
							}
						},
						{
							"origin": [-4, 29, -5],
							"size": [8, 2, 1],
							"uv": {
								"north": {"uv": [0, 0], "uv_size": [8, 2]},
								"east": {"uv": [2, 21], "uv_size": [1, 2]},
								"south": {"uv": [0, 2], "uv_size": [8, 2]},
								"west": {"uv": [21, 2], "uv_size": [1, 2]},
								"up": {"uv": [8, 1], "uv_size": [8, 1]},
								"down": {"uv": [8, 3], "uv_size": [8, -1]}
							}
						},
						{
							"origin": [-3, 27, -4.5],
							"size": [6, 1, 0.5],
							"uv": {
								"north": {"uv": [14, 12], "uv_size": [6, 1]},
								"east": {"uv": [0, 23], "uv_size": [0.5, 1]},
								"south": {"uv": [14, 13], "uv_size": [6, 1]},
								"west": {"uv": [23, 0], "uv_size": [0.5, 1]},
								"up": {"uv": [16, 11], "uv_size": [6, 0.5]},
								"down": {"uv": [17, 0.5], "uv_size": [6, -0.5]}
							}
						},
						{
							"origin": [-3, 24, -4.5],
							"size": [6, 1, 0.5],
							"uv": {
								"north": {"uv": [14, 14], "uv_size": [6, 1]},
								"east": {"uv": [1, 23], "uv_size": [0.5, 1]},
								"south": {"uv": [0, 15], "uv_size": [6, 1]},
								"west": {"uv": [2, 23], "uv_size": [0.5, 1]},
								"up": {"uv": [16, 17], "uv_size": [6, 0.5]},
								"down": {"uv": [18, 1.5], "uv_size": [6, -0.5]}
							}
						},
						{
							"origin": [-1, 27, -5],
							"size": [2, 1, 1],
							"uv": {
								"north": {"uv": [21, 4], "uv_size": [2, 1]},
								"east": {"uv": [22, 20], "uv_size": [1, 1]},
								"south": {"uv": [21, 5], "uv_size": [2, 1]},
								"west": {"uv": [21, 22], "uv_size": [1, 1]},
								"up": {"uv": [21, 6], "uv_size": [2, 1]},
								"down": {"uv": [21, 8], "uv_size": [2, -1]}
							}
						},
						{
							"origin": [-1, 25.85, -4.975],
							"size": [2, 2, 1],
							"pivot": [0, 28, -4.5],
							"rotation": [-22.5, 0, 0],
							"uv": {
								"north": {"uv": [16, 15], "uv_size": [2, 2]},
								"east": {"uv": [3, 21], "uv_size": [1, 2]},
								"south": {"uv": [2, 17], "uv_size": [2, 2]},
								"west": {"uv": [21, 8], "uv_size": [1, 2]},
								"up": {"uv": [21, 12], "uv_size": [2, 1]},
								"down": {"uv": [21, 14], "uv_size": [2, -1]}
							}
						},
						{
							"origin": [-3, 28, -5],
							"size": [6, 1, 1],
							"uv": {
								"north": {"uv": [15, 4], "uv_size": [6, 1]},
								"east": {"uv": [22, 21], "uv_size": [1, 1]},
								"south": {"uv": [15, 5], "uv_size": [6, 1]},
								"west": {"uv": [22, 22], "uv_size": [1, 1]},
								"up": {"uv": [15, 6], "uv_size": [6, 1]},
								"down": {"uv": [15, 8], "uv_size": [6, -1]}
							}
						}
					]
				}
			]
		}
	]
}