{
	"format_version": "1.12.0",
	"minecraft:geometry": [
		{
			"description": {
				"identifier": "geometry.mask_vel",
				"texture_width": 64,
				"texture_height": 64,
				"visible_bounds_width": 3,
				"visible_bounds_height": 4.5,
				"visible_bounds_offset": [0, 1.75, 0]
			},
			"bones": [
				{
					"name": "Head",
					"pivot": [-0.02946, 28.71433, -1.51323],
					"cubes": [
						{
							"origin": [4.77308, 31.40329, -6.39254],
							"size": [1.19544, 3.58632, 1.19544],
							"uv": {
								"north": {"uv": [28, 36], "uv_size": [2, 6]},
								"east": {"uv": [36, 28], "uv_size": [2, 6]},
								"south": {"uv": [30, 36], "uv_size": [2, 6]},
								"west": {"uv": [32, 36], "uv_size": [2, 6]},
								"up": {"uv": [43, 1], "uv_size": [2, 2]},
								"down": {"uv": [43, 5], "uv_size": [2, -2]}
							}
						},
						{
							"origin": [-3.595, 27.81697, -6.39254],
							"size": [7.17264, 1.19544, 1.19544],
							"uv": {
								"north": {"uv": [24, 12], "uv_size": [12, 2]},
								"east": {"uv": [43, 5], "uv_size": [2, 2]},
								"south": {"uv": [24, 14], "uv_size": [12, 2]},
								"west": {"uv": [43, 20], "uv_size": [2, 2]},
								"up": {"uv": [24, 16], "uv_size": [12, 2]},
								"down": {"uv": [24, 20], "uv_size": [12, -2]}
							}
						},
						{
							"origin": [-4.79044, 29.01241, -6.39254],
							"size": [9.56352, 8.36808, 1.19544],
							"uv": {
								"north": {"uv": [0, 0], "uv_size": [16, 14]},
								"east": {"uv": [20, 12], "uv_size": [2, 14]},
								"south": {"uv": [0, 14], "uv_size": [16, 14]},
								"west": {"uv": [22, 12], "uv_size": [2, 14]},
								"up": {"uv": [16, 0], "uv_size": [16, 2]},
								"down": {"uv": [16, 4], "uv_size": [16, -2]}
							}
						},
						{
							"origin": [-5.98588, 31.40329, -6.39254],
							"size": [1.19544, 3.58632, 1.19544],
							"uv": {
								"north": {"uv": [34, 36], "uv_size": [2, 6]},
								"east": {"uv": [36, 34], "uv_size": [2, 6]},
								"south": {"uv": [37, 2], "uv_size": [2, 6]},
								"west": {"uv": [0, 38], "uv_size": [2, 6]},
								"up": {"uv": [43, 22], "uv_size": [2, 2]},
								"down": {"uv": [43, 26], "uv_size": [2, -2]}
							}
						},
						{
							"origin": [-3.595, 37.38049, -6.39254],
							"size": [7.17264, 1.19544, 1.19544],
							"uv": {
								"north": {"uv": [24, 20], "uv_size": [12, 2]},
								"east": {"uv": [43, 26], "uv_size": [2, 2]},
								"south": {"uv": [24, 22], "uv_size": [12, 2]},
								"west": {"uv": [38, 43], "uv_size": [2, 2]},
								"up": {"uv": [24, 24], "uv_size": [12, 2]},
								"down": {"uv": [20, 28], "uv_size": [12, -2]}
							}
						},
						{
							"origin": [-1.20412, 29.85792, -5.78711],
							"size": [2.39088, 3.58632, 1.79316],
							"pivot": [-0.00868, 34.39593, -1.90846],
							"rotation": [-22.5, 0, 0],
							"uv": {
								"north": {"uv": [12, 14], "uv_size": [-4, 6]},
								"east": {"uv": [10, 16], "uv_size": [4, 6]},
								"south": {"uv": [10, 16], "uv_size": [4, 6]},
								"west": {"uv": [10, 16], "uv_size": [4, 6]},
								"up": {"uv": [10, 16], "uv_size": [4, 2]},
								"down": {"uv": [12, 20], "uv_size": [-4, -2]}
							}
						},
						{
							"origin": [-3.89386, 32.68342, -9.2967],
							"size": [1.19544, 1.79316, 1.19544],
							"pivot": [-0.00868, 34.39593, -1.90846],
							"rotation": [22.5, 0, 0],
							"uv": {
								"north": {"uv": [32, 42], "uv_size": [2, 3]},
								"east": {"uv": [34, 42], "uv_size": [2, 3]},
								"south": {"uv": [42, 34], "uv_size": [2, 3]},
								"west": {"uv": [42, 37], "uv_size": [2, 3]},
								"up": {"uv": [0, 44], "uv_size": [2, 2]},
								"down": {"uv": [2, 46], "uv_size": [2, -2]}
							}
						},
						{
							"origin": [-3.89386, 31.48798, -9.2967],
							"size": [2.39088, 1.19544, 2.39088],
							"pivot": [-0.00868, 34.39593, -1.90846],
							"rotation": [22.5, 0, 0],
							"uv": {
								"north": {"uv": [38, 34], "uv_size": [4, 2]},
								"east": {"uv": [38, 36], "uv_size": [4, 2]},
								"south": {"uv": [38, 38], "uv_size": [4, 2]},
								"west": {"uv": [39, 2], "uv_size": [4, 2]},
								"up": {"uv": [0, 34], "uv_size": [4, 4]},
								"down": {"uv": [4, 38], "uv_size": [4, -4]}
							}
						},
						{
							"origin": [1.48562, 31.48798, -9.2967],
							"size": [2.39088, 1.19544, 2.39088],
							"pivot": [-0.00868, 34.39593, -1.90846],
							"rotation": [22.5, 0, 0],
							"uv": {
								"north": {"uv": [42, 34], "uv_size": [-4, 2]},
								"east": {"uv": [43, 2], "uv_size": [-4, 2]},
								"south": {"uv": [42, 38], "uv_size": [-4, 2]},
								"west": {"uv": [42, 36], "uv_size": [-4, 2]},
								"up": {"uv": [4, 34], "uv_size": [-4, 4]},
								"down": {"uv": [8, 38], "uv_size": [-4, -4]}
							}
						},
						{
							"origin": [2.68106, 32.68342, -9.2967],
							"size": [1.19544, 1.79316, 1.19544],
							"pivot": [-0.00868, 34.39593, -1.90846],
							"rotation": [22.5, 0, 0],
							"uv": {
								"north": {"uv": [34, 42], "uv_size": [-2, 3]},
								"east": {"uv": [44, 37], "uv_size": [-2, 3]},
								"south": {"uv": [44, 34], "uv_size": [-2, 3]},
								"west": {"uv": [36, 42], "uv_size": [-2, 3]},
								"up": {"uv": [2, 44], "uv_size": [-2, 2]},
								"down": {"uv": [4, 46], "uv_size": [-2, -2]}
							}
						},
						{
							"origin": [2.97992, 38.26663, -4.20746],
							"size": [2.39088, 3.58632, 2.39088],
							"pivot": [-0.00868, 34.39593, -1.90846],
							"rotation": [45, 0, 0],
							"uv": {
								"north": {"uv": [0, 28], "uv_size": [4, 6]},
								"east": {"uv": [4, 28], "uv_size": [4, 6]},
								"south": {"uv": [8, 28], "uv_size": [4, 6]},
								"west": {"uv": [12, 28], "uv_size": [4, 6]},
								"up": {"uv": [8, 34], "uv_size": [4, 4]},
								"down": {"uv": [12, 38], "uv_size": [4, -4]}
							}
						},
						{
							"origin": [3.57764, 40.24774, -6.86229],
							"size": [1.19544, 3.58632, 1.19544],
							"pivot": [-0.00868, 34.39593, -1.90846],
							"rotation": [17.5, 0, 0],
							"uv": {
								"north": {"uv": [6, 38], "uv_size": [2, 6]},
								"east": {"uv": [8, 38], "uv_size": [2, 6]},
								"south": {"uv": [38, 8], "uv_size": [2, 6]},
								"west": {"uv": [10, 38], "uv_size": [2, 6]},
								"up": {"uv": [4, 44], "uv_size": [2, 2]},
								"down": {"uv": [6, 46], "uv_size": [2, -2]}
							}
						},
						{
							"origin": [-5.38816, 38.26663, -4.20746],
							"size": [2.39088, 3.58632, 2.39088],
							"pivot": [-0.00868, 34.39593, -1.90846],
							"rotation": [45, 0, 0],
							"uv": {
								"north": {"uv": [4, 28], "uv_size": [-4, 6]},
								"east": {"uv": [16, 28], "uv_size": [-4, 6]},
								"south": {"uv": [12, 28], "uv_size": [-4, 6]},
								"west": {"uv": [8, 28], "uv_size": [-4, 6]},
								"up": {"uv": [12, 34], "uv_size": [-4, 4]},
								"down": {"uv": [16, 38], "uv_size": [-4, -4]}
							}
						},
						{
							"origin": [-4.79044, 40.57708, -6.31848],
							"size": [1.19544, 3.58632, 1.19544],
							"pivot": [-0.00868, 34.39593, -1.90846],
							"rotation": [22.5, 0, 0],
							"uv": {
								"north": {"uv": [8, 38], "uv_size": [-2, 6]},
								"east": {"uv": [12, 38], "uv_size": [-2, 6]},
								"south": {"uv": [40, 8], "uv_size": [-2, 6]},
								"west": {"uv": [10, 38], "uv_size": [-2, 6]},
								"up": {"uv": [6, 44], "uv_size": [-2, 2]},
								"down": {"uv": [8, 46], "uv_size": [-2, -2]}
							}
						},
						{
							"origin": [4.02593, 29.4607, -5.19709],
							"size": [0.59772, 1.19544, 7.56352],
							"uv": {
								"north": {"uv": [35, 10], "uv_size": [1, 2]},
								"east": {"uv": [16, 4], "uv_size": [16, 2]},
								"south": {"uv": [37, 8], "uv_size": [1, 2]},
								"west": {"uv": [16, 6], "uv_size": [16, 2]},
								"up": {"uv": [24, 34], "uv_size": [1, 16]},
								"down": {"uv": [25, 50], "uv_size": [1, -16]}
							}
						},
						{
							"origin": [-4.64101, 29.4607, -5.69709],
							"size": [0.59772, 1.19544, 8.16352],
							"uv": {
								"north": {"uv": [14, 44], "uv_size": [1, 2]},
								"east": {"uv": [16, 8], "uv_size": [16, 2]},
								"south": {"uv": [44, 14], "uv_size": [1, 2]},
								"west": {"uv": [16, 10], "uv_size": [16, 2]},
								"up": {"uv": [26, 34], "uv_size": [1, 16]},
								"down": {"uv": [27, 50], "uv_size": [1, -16]}
							}
						},
						{
							"origin": [-5.18902, 32.59681, 2.36643],
							"size": [3.43689, 1.19544, 0.59772],
							"pivot": [-0.00868, 34.39593, -3.90846],
							"rotation": [0, 0, -45],
							"uv": {
								"north": {"uv": [38, 14], "uv_size": [6, 2]},
								"east": {"uv": [44, 16], "uv_size": [1, 2]},
								"south": {"uv": [38, 16], "uv_size": [6, 2]},
								"west": {"uv": [17, 44], "uv_size": [1, 2]},
								"up": {"uv": [38, 42], "uv_size": [6, 1]},
								"down": {"uv": [43, 1], "uv_size": [6, -1]}
							}
						},
						{
							"origin": [-4.84101, 29.4607, 2.36643],
							"size": [2.44145, 1.19544, 0.59772],
							"uv": {
								"north": {"uv": [40, 8], "uv_size": [4, 2]},
								"east": {"uv": [18, 44], "uv_size": [1, 2]},
								"south": {"uv": [40, 10], "uv_size": [4, 2]},
								"west": {"uv": [19, 44], "uv_size": [1, 2]},
								"up": {"uv": [44, 10], "uv_size": [4, 1]},
								"down": {"uv": [44, 12], "uv_size": [4, -1]}
							}
						},
						{
							"origin": [0.53933, 32.59681, 2.36643],
							"size": [4.63233, 1.19544, 0.59772],
							"pivot": [-0.00868, 34.39593, -3.90846],
							"rotation": [0, 0, 45],
							"uv": {
								"north": {"uv": [28, 34], "uv_size": [8, 2]},
								"east": {"uv": [44, 28], "uv_size": [1, 2]},
								"south": {"uv": [35, 0], "uv_size": [8, 2]},
								"west": {"uv": [44, 30], "uv_size": [1, 2]},
								"up": {"uv": [40, 12], "uv_size": [8, 1]},
								"down": {"uv": [40, 14], "uv_size": [8, -1]}
							}
						},
						{
							"origin": [-0.6064, 32.74816, 2.36643],
							"size": [1.19544, 4.93119, 0.59772],
							"uv": {
								"north": {"uv": [35, 2], "uv_size": [2, 8]},
								"east": {"uv": [20, 40], "uv_size": [1, 8]},
								"south": {"uv": [36, 10], "uv_size": [2, 8]},
								"west": {"uv": [21, 40], "uv_size": [1, 8]},
								"up": {"uv": [44, 32], "uv_size": [2, 1]},
								"down": {"uv": [44, 34], "uv_size": [2, -1]}
							}
						},
						{
							"origin": [-0.6064, 37.08163, -5.29709],
							"size": [1.19544, 0.59772, 7.66352],
							"uv": {
								"north": {"uv": [44, 34], "uv_size": [2, 1]},
								"east": {"uv": [36, 18], "uv_size": [16, 1]},
								"south": {"uv": [44, 35], "uv_size": [2, 1]},
								"west": {"uv": [36, 19], "uv_size": [16, 1]},
								"up": {"uv": [16, 12], "uv_size": [2, 16]},
								"down": {"uv": [18, 28], "uv_size": [2, -16]}
							}
						},
						{
							"origin": [2.65899, 29.4607, 2.36643],
							"size": [2.24145, 1.19544, 0.59772],
							"pivot": [3.67971, 30.05842, 2.66529],
							"rotation": [0, 180, 0],
							"uv": {
								"north": {"uv": [40, 8], "uv_size": [4, 2]},
								"east": {"uv": [18, 44], "uv_size": [1, 2]},
								"south": {"uv": [40, 10], "uv_size": [4, 2]},
								"west": {"uv": [19, 44], "uv_size": [1, 2]},
								"up": {"uv": [44, 10], "uv_size": [4, 1]},
								"down": {"uv": [44, 12], "uv_size": [4, -1]}
							}
						},
						{
							"origin": [4.02593, 30.25325, -3.65272],
							"size": [0.59772, 1.19544, 4.18404],
							"pivot": [-0.00868, 34.39593, -1.90846],
							"rotation": [-45, 0, 0],
							"uv": {
								"north": {"uv": [44, 36], "uv_size": [1, 2]},
								"east": {"uv": [36, 20], "uv_size": [7, 2]},
								"south": {"uv": [44, 38], "uv_size": [1, 2]},
								"west": {"uv": [36, 22], "uv_size": [7, 2]},
								"up": {"uv": [22, 40], "uv_size": [1, 7]},
								"down": {"uv": [23, 47], "uv_size": [1, -7]}
							}
						},
						{
							"origin": [-4.64101, 30.25325, -3.65272],
							"size": [0.59772, 1.19544, 4.18404],
							"pivot": [-0.00868, 34.39593, -1.90846],
							"rotation": [-45, 0, 0],
							"uv": {
								"north": {"uv": [44, 40], "uv_size": [1, 2]},
								"east": {"uv": [36, 24], "uv_size": [7, 2]},
								"south": {"uv": [44, 42], "uv_size": [1, 2]},
								"west": {"uv": [36, 26], "uv_size": [7, 2]},
								"up": {"uv": [36, 40], "uv_size": [1, 7]},
								"down": {"uv": [37, 47], "uv_size": [1, -7]}
							}
						}
					]
				},
				{
					"name": "Head29",
					"pivot": [0, 24, 0],
					"rotation": [-6, 5, 0]
				}
			]
		}
	]
}