{
	"format_version": "1.12.0",
	"minecraft:geometry": [
		{
			"description": {
				"identifier": "geometry.omend",
				"texture_width": 32,
				"texture_height": 32,
				"visible_bounds_width": 2,
				"visible_bounds_height": 3.5,
				"visible_bounds_offset": [0, 1.25, 0]
			},
			"bones": [
				{
					"name": "Head",
					"pivot": [0, 24, 0]
				},
				{
					"name": "cube",
					"parent": "Head",
					"pivot": [5, 23, -8],
					"cubes": [
						{
							"origin": [-1, 23, -5],
							"size": [2, 1, 1],
							"uv": {
								"north": {"uv": [17, 5], "uv_size": [2, 1]},
								"east": {"uv": [19, 5], "uv_size": [1, 1]},
								"south": {"uv": [18, 6], "uv_size": [2, 1]},
								"west": {"uv": [20, 13], "uv_size": [1, 1]},
								"up": {"uv": [19, 0], "uv_size": [2, 1]},
								"down": {"uv": [19, 2], "uv_size": [2, -1]}
							}
						},
						{
							"origin": [-1, 26, -5],
							"size": [2, 3, 1],
							"uv": {
								"north": {"uv": [0, 10], "uv_size": [2, 3]},
								"east": {"uv": [17, 2], "uv_size": [1, 3]},
								"south": {"uv": [2, 10], "uv_size": [2, 3]},
								"west": {"uv": [4, 17], "uv_size": [1, 3]},
								"up": {"uv": [2, 19], "uv_size": [2, 1]},
								"down": {"uv": [19, 3], "uv_size": [2, -1]}
							}
						},
						{
							"origin": [2, 27, -4.75],
							"size": [1, 1, 0.7],
							"uv": {
								"north": {"uv": [20, 14], "uv_size": [1, 1]},
								"east": {"uv": [15, 20], "uv_size": [1, 1]},
								"south": {"uv": [20, 15], "uv_size": [1, 1]},
								"west": {"uv": [16, 20], "uv_size": [1, 1]},
								"up": {"uv": [20, 16], "uv_size": [1, 1]},
								"down": {"uv": [17, 21], "uv_size": [1, -1]}
							}
						},
						{
							"origin": [-3, 27, -4.75],
							"size": [1, 1, 0.7],
							"uv": {
								"north": {"uv": [20, 17], "uv_size": [1, 1]},
								"east": {"uv": [20, 18], "uv_size": [1, 1]},
								"south": {"uv": [20, 19], "uv_size": [1, 1]},
								"west": {"uv": [20, 20], "uv_size": [1, 1]},
								"up": {"uv": [0, 21], "uv_size": [1, 1]},
								"down": {"uv": [21, 1], "uv_size": [1, -1]}
							}
						},
						{
							"origin": [-4, 26, -4.5],
							"size": [8, 3, 0.475],
							"uv": {
								"north": {"uv": [0, 0], "uv_size": [8, 3]},
								"east": {"uv": [5, 17], "uv_size": [1, 3]},
								"south": {"uv": [0, 3], "uv_size": [8, 3]},
								"west": {"uv": [6, 17], "uv_size": [1, 3]},
								"up": {"uv": [0, 9], "uv_size": [8, 1]},
								"down": {"uv": [8, 10], "uv_size": [8, -1]}
							}
						},
						{
							"origin": [-5, 25, -5],
							"size": [1, 5, 1],
							"uv": {
								"north": {"uv": [10, 15], "uv_size": [1, 5]},
								"east": {"uv": [11, 15], "uv_size": [1, 5]},
								"south": {"uv": [12, 15], "uv_size": [1, 5]},
								"west": {"uv": [13, 15], "uv_size": [1, 5]},
								"up": {"uv": [1, 21], "uv_size": [1, 1]},
								"down": {"uv": [21, 2], "uv_size": [1, -1]}
							}
						},
						{
							"origin": [4, 25, -5],
							"size": [1, 5, 1],
							"uv": {
								"north": {"uv": [14, 15], "uv_size": [1, 5]},
								"east": {"uv": [15, 15], "uv_size": [1, 5]},
								"south": {"uv": [0, 16], "uv_size": [1, 5]},
								"west": {"uv": [1, 16], "uv_size": [1, 5]},
								"up": {"uv": [21, 2], "uv_size": [1, 1]},
								"down": {"uv": [21, 4], "uv_size": [1, -1]}
							}
						},
						{
							"origin": [-4.825, 26.6, -4.975],
							"size": [1, 1.9, 0.955],
							"pivot": [-2.5, 27.5, -4.5],
							"rotation": [0, 0, -45],
							"uv": {
								"north": {"uv": [19, 3], "uv_size": [1, 2]},
								"east": {"uv": [19, 9], "uv_size": [1, 2]},
								"south": {"uv": [19, 11], "uv_size": [1, 2]},
								"west": {"uv": [19, 13], "uv_size": [1, 2]},
								"up": {"uv": [21, 4], "uv_size": [1, 1]},
								"down": {"uv": [21, 6], "uv_size": [1, -1]}
							}
						},
						{
							"origin": [3.825, 26.6, -4.975],
							"size": [1, 1.9, 0.955],
							"pivot": [2.5, 27.5, -4.5],
							"rotation": [0, 0, 45],
							"uv": {
								"north": {"uv": [19, 15], "uv_size": [1, 2]},
								"east": {"uv": [19, 17], "uv_size": [1, 2]},
								"south": {"uv": [19, 19], "uv_size": [1, 2]},
								"west": {"uv": [2, 20], "uv_size": [1, 2]},
								"up": {"uv": [21, 6], "uv_size": [1, 1]},
								"down": {"uv": [21, 8], "uv_size": [1, -1]}
							}
						},
						{
							"origin": [-1.125, 26.6, -4.975],
							"size": [1, 1.7, 0.955],
							"pivot": [-2.5, 27.5, -4.5],
							"rotation": [0, 0, -45],
							"uv": {
								"north": {"uv": [3, 20], "uv_size": [1, 2]},
								"east": {"uv": [20, 3], "uv_size": [1, 2]},
								"south": {"uv": [4, 20], "uv_size": [1, 2]},
								"west": {"uv": [5, 20], "uv_size": [1, 2]},
								"up": {"uv": [21, 8], "uv_size": [1, 1]},
								"down": {"uv": [10, 22], "uv_size": [1, -1]}
							}
						},
						{
							"origin": [0.125, 26.6, -4.975],
							"size": [1, 1.7, 0.955],
							"pivot": [2.5, 27.5, -4.5],
							"rotation": [0, 0, 45],
							"uv": {
								"north": {"uv": [20, 5], "uv_size": [1, 2]},
								"east": {"uv": [6, 20], "uv_size": [1, 2]},
								"south": {"uv": [7, 20], "uv_size": [1, 2]},
								"west": {"uv": [20, 7], "uv_size": [1, 2]},
								"up": {"uv": [21, 10], "uv_size": [1, 1]},
								"down": {"uv": [11, 22], "uv_size": [1, -1]}
							}
						},
						{
							"origin": [3, 29, -5],
							"size": [1, 1, 1],
							"uv": {
								"north": {"uv": [21, 11], "uv_size": [1, 1]},
								"east": {"uv": [13, 21], "uv_size": [1, 1]},
								"south": {"uv": [21, 13], "uv_size": [1, 1]},
								"west": {"uv": [14, 21], "uv_size": [1, 1]},
								"up": {"uv": [21, 14], "uv_size": [1, 1]},
								"down": {"uv": [15, 22], "uv_size": [1, -1]}
							}
						},
						{
							"origin": [3, 25, -5],
							"size": [1, 1, 1],
							"uv": {
								"north": {"uv": [21, 15], "uv_size": [1, 1]},
								"east": {"uv": [16, 21], "uv_size": [1, 1]},
								"south": {"uv": [21, 16], "uv_size": [1, 1]},
								"west": {"uv": [17, 21], "uv_size": [1, 1]},
								"up": {"uv": [21, 17], "uv_size": [1, 1]},
								"down": {"uv": [18, 22], "uv_size": [1, -1]}
							}
						},
						{
							"origin": [-4, 25, -5],
							"size": [1, 1, 1],
							"uv": {
								"north": {"uv": [21, 18], "uv_size": [1, 1]},
								"east": {"uv": [19, 21], "uv_size": [1, 1]},
								"south": {"uv": [21, 19], "uv_size": [1, 1]},
								"west": {"uv": [20, 21], "uv_size": [1, 1]},
								"up": {"uv": [21, 20], "uv_size": [1, 1]},
								"down": {"uv": [21, 22], "uv_size": [1, -1]}
							}
						},
						{
							"origin": [-4, 29, -5],
							"size": [1, 1, 1],
							"uv": {
								"north": {"uv": [0, 22], "uv_size": [1, 1]},
								"east": {"uv": [22, 0], "uv_size": [1, 1]},
								"south": {"uv": [1, 22], "uv_size": [1, 1]},
								"west": {"uv": [22, 1], "uv_size": [1, 1]},
								"up": {"uv": [2, 22], "uv_size": [1, 1]},
								"down": {"uv": [22, 3], "uv_size": [1, -1]}
							}
						},
						{
							"origin": [-3, 29, -5],
							"size": [6, 3, 1],
							"uv": {
								"north": {"uv": [0, 6], "uv_size": [6, 3]},
								"east": {"uv": [7, 17], "uv_size": [1, 3]},
								"south": {"uv": [6, 6], "uv_size": [6, 3]},
								"west": {"uv": [8, 17], "uv_size": [1, 3]},
								"up": {"uv": [4, 10], "uv_size": [6, 1]},
								"down": {"uv": [10, 11], "uv_size": [6, -1]}
							}
						},
						{
							"origin": [-3, 25, -5],
							"size": [6, 1, 1],
							"uv": {
								"north": {"uv": [4, 11], "uv_size": [6, 1]},
								"east": {"uv": [3, 22], "uv_size": [1, 1]},
								"south": {"uv": [10, 11], "uv_size": [6, 1]},
								"west": {"uv": [22, 3], "uv_size": [1, 1]},
								"up": {"uv": [4, 12], "uv_size": [6, 1]},
								"down": {"uv": [12, 7], "uv_size": [6, -1]}
							}
						},
						{
							"origin": [2, 23, -5],
							"size": [2, 2, 1],
							"uv": {
								"north": {"uv": [12, 7], "uv_size": [2, 2]},
								"east": {"uv": [8, 20], "uv_size": [1, 2]},
								"south": {"uv": [14, 7], "uv_size": [2, 2]},
								"west": {"uv": [9, 20], "uv_size": [1, 2]},
								"up": {"uv": [20, 9], "uv_size": [2, 1]},
								"down": {"uv": [10, 21], "uv_size": [2, -1]}
							}
						},
						{
							"origin": [-2, 24, -5],
							"size": [4, 1, 1],
							"uv": {
								"north": {"uv": [2, 16], "uv_size": [4, 1]},
								"east": {"uv": [4, 22], "uv_size": [1, 1]},
								"south": {"uv": [6, 16], "uv_size": [4, 1]},
								"west": {"uv": [22, 4], "uv_size": [1, 1]},
								"up": {"uv": [16, 7], "uv_size": [4, 1]},
								"down": {"uv": [16, 9], "uv_size": [4, -1]}
							}
						},
						{
							"origin": [-4, 23, -5],
							"size": [2, 2, 1],
							"uv": {
								"north": {"uv": [16, 9], "uv_size": [2, 2]},
								"east": {"uv": [20, 10], "uv_size": [1, 2]},
								"south": {"uv": [16, 11], "uv_size": [2, 2]},
								"west": {"uv": [12, 20], "uv_size": [1, 2]},
								"up": {"uv": [20, 12], "uv_size": [2, 1]},
								"down": {"uv": [13, 21], "uv_size": [2, -1]}
							}
						},
						{
							"origin": [2.275, 29.6, -5],
							"size": [2, 3, 2],
							"pivot": [4.275, 29.6, -5],
							"rotation": [22.5, 0, 0],
							"uv": {
								"north": {"uv": [10, 12], "uv_size": [2, 3]},
								"east": {"uv": [12, 12], "uv_size": [2, 3]},
								"south": {"uv": [0, 13], "uv_size": [2, 3]},
								"west": {"uv": [2, 13], "uv_size": [2, 3]},
								"up": {"uv": [16, 13], "uv_size": [2, 2]},
								"down": {"uv": [16, 17], "uv_size": [2, -2]}
							}
						},
						{
							"origin": [-3.975, 32.375, -5.9],
							"size": [1.3, 3.4, 1.3],
							"uv": {
								"north": {"uv": [9, 17], "uv_size": [1, 3]},
								"east": {"uv": [16, 17], "uv_size": [1, 3]},
								"south": {"uv": [17, 17], "uv_size": [1, 3]},
								"west": {"uv": [18, 2], "uv_size": [1, 3]},
								"up": {"uv": [5, 22], "uv_size": [1, 1]},
								"down": {"uv": [22, 6], "uv_size": [1, -1]}
							}
						},
						{
							"origin": [2.625, 32.375, -5.9],
							"size": [1.3, 3.4, 1.3],
							"uv": {
								"north": {"uv": [18, 9], "uv_size": [1, 3]},
								"east": {"uv": [18, 12], "uv_size": [1, 3]},
								"south": {"uv": [18, 15], "uv_size": [1, 3]},
								"west": {"uv": [18, 18], "uv_size": [1, 3]},
								"up": {"uv": [6, 22], "uv_size": [1, 1]},
								"down": {"uv": [22, 7], "uv_size": [1, -1]}
							}
						},
						{
							"origin": [-4.325, 29.6, -5],
							"size": [2, 3, 2],
							"pivot": [-4.325, 29.6, -5],
							"rotation": [22.5, 0, 0],
							"uv": {
								"north": {"uv": [4, 13], "uv_size": [2, 3]},
								"east": {"uv": [6, 13], "uv_size": [2, 3]},
								"south": {"uv": [8, 13], "uv_size": [2, 3]},
								"west": {"uv": [14, 12], "uv_size": [2, 3]},
								"up": {"uv": [17, 0], "uv_size": [2, 2]},
								"down": {"uv": [2, 19], "uv_size": [2, -2]}
							}
						},
						{
							"origin": [-4.61, 27, -4],
							"size": [0.01, 1, 8.225],
							"uv": {
								"north": {"uv": [0, 0], "uv_size": [0, 1]},
								"east": {"uv": [8, 0], "uv_size": [9, 1]},
								"south": {"uv": [0, 0], "uv_size": [0, 1]},
								"west": {"uv": [7, 9], "uv_size": [9, 1]},
								"up": {"uv": [17, 1], "uv_size": [-5, -1]},
								"down": {"uv": [12, 1], "uv_size": [5, -1]}
							}
						},
						{
							"origin": [-4.6, 27, 4.225],
							"size": [9.2, 1, 0.01],
							"uv": {
								"north": {"uv": [8, 2], "uv_size": [9, 1]},
								"east": {"uv": [0, 0], "uv_size": [0, 1]},
								"south": {"uv": [8, 3], "uv_size": [9, 1]},
								"west": {"uv": [0, 0], "uv_size": [0, 1]},
								"up": {"uv": [7, 10], "uv_size": [5, -1]},
								"down": {"uv": [7, 10], "uv_size": [5, -1]}
							}
						},
						{
							"origin": [4.6, 27, -4],
							"size": [0.01, 1, 8.225],
							"uv": {
								"north": {"uv": [0, 0], "uv_size": [0, 1]},
								"east": {"uv": [8, 4], "uv_size": [9, 1]},
								"south": {"uv": [13, 2], "uv_size": [4, 1]},
								"west": {"uv": [8, 5], "uv_size": [9, 1]},
								"up": {"uv": [13, 5], "uv_size": [-5, 1]},
								"down": {"uv": [13, 6], "uv_size": [-5, -1]}
							}
						}
					]
				}
			]
		}
	]
}