{
	"format_version": "1.12.0",
	"minecraft:entity": {
		"description": {
			"is_spawnable": false,
			"is_summonable": true,
			"is_experimental": false,
			"runtime_identifier": "minecraft:egg",
			"identifier": "bl:assdagger"
		},
		"component_groups": {
			"despawn": {
				"minecraft:instant_despawn": {}
			}
		},
		"components": {
			"minecraft:collision_box": {
				"width": 0.25,
				"height": 0.25
			},
			"minecraft:physics": {},
			"minecraft:pushable": {
				"is_pushable": true,
				"is_pushable_by_piston": true
			},
			"minecraft:conditional_bandwidth_optimization": {
				"default_values": {
					"max_optimized_distance": 80,
					"max_dropped_ticks": 7,
					"use_motion_prediction_hints": true
				}
			},
			"minecraft:projectile": {
				"on_hit": {
				"target": "self",
				"event": "command",
					"impact_damage": {
						"damage": [
							5,
							5
						],
						"knockback": true,
						"semi_random_diff_damage": false
					},
					"arrow_effect": {}
				},
				"hit_sound": "ass_hit",
				"power": 3,
				"gravity": 0,
				"uncertainty_base": 0,
				"uncertainty_multiplier": 0,
				"anchor": 1,
				"should_bounce": false,
				"offset": [
					0,
					-0.1,
					0
				]
			},
			"minecraft:timer": {
				"looping": true,
				"time": [
					5,
					5
				],
				"time_down_event": {
					"event": "despawn",
					"target": "self"
				}
			}
		},
		"events": {
		"command": {
		"sequence": [
					{
						
						"run_command": {
							"command": [
								
								"playsound ass_hit @a[r=30]"
								
							],
							"target": "holder"
						}
					}
				]
			},
			"despawn": {
				"add": {
					"component_groups": [
						"despawn"
					]
				}
			}
		}
	}
}