{
	"format_version": "1.20.30",
	"minecraft:item": {
		"description": {
			"identifier": "bl:ajul",
			"menu_category": {
				"category": "equipment",
				"group": "itemGroup.name.helmet"
			}
		},
		"components": {
			"minecraft:max_stack_size": 1,
			"minecraft:icon": {
				"texture": "topeng"
			},
			"minecraft:wearable": {
				"slot": "slot.armor.head",
				"protection": 19
			},
			"minecraft:durability": {
				"max_durability": 2100
			},
			"minecraft:repairable": {
				"repair_items": [
					{
						"items": ["iron_ingot"],
						"repair_amount": 525
					}
				]
			}
		}
	}
}