{
	"texture_data": {
	    "doombringer_axe": {
			"textures": "textures/items/doombringer_axe.png"
		},
		"avarice_scythe": {
			"textures": "textures/items/avarice_scythe.png"
		},
		"doombringer_awaked": {
			"textures": "textures/items/doombringer_awaked.png"
      },
      "reaping_claw": {
         "textures": "textures/entity/skills/reaping_claw.png"
      },
      "soul_scythe": {
         "textures": "textures/entity/skills/soul_scythe.png"
      },
		"crossbow_envious": {
			"textures": "textures/items/envious_crossbow.png"
      },
		"topeng": {
			"textures": "textures/items/topeng.png"
	    },
		"avarice_scythe_awaked": {
			"textures": "textures/items/avarice_scythe_awaked.png"
      },
      "dragon_spear": {
          "textures": "textures/items/dragon_spear.png"
     },
     "wings_sayap": {
          "textures": "textures/items/wings_sayap.png"
     },
     "dagger_ravenous": {
          "textures": "textures/items/dagger_ravenous.png"
		}
	}
}