{
  "format_version": "1.10",
  "minecraft:item": {
    "description": {
      "identifier": "minecraft:golden_apple"
    },

    "components": {
      "minecraft:max_stack_size": 12,
      "minecraft:hand_equipped": true,
      "minecraft:allow_off_hand": true,
      "minecraft:use_duration": 32,
      "minecraft:foil": false,
  
      "minecraft:food": {
        "nutrition": 4,
        "saturation_modifier": "supernatural",
        "can_always_eat": true,
        "effects": [
          {
            "name": "regeneration",
            "chance": 1.0,
            "duration": 5,
            "amplifier": 1
          },
          {
            "name": "absorption",
            "chance": 1.0,
            "duration": 120, // 2 * 60
            "amplifier": 0
          }
        ]
      }
    }
  }
}