{
  "format_version": "1.10.0",
  "animations": {
    "animation.dragon_spear.first_person": {
      "loop": true,
      "bones": {
        "rightitem": {
          "position": [
            -2,
            -1,
            5
          ],
          "rotation": [
            -10,
            0,
            180
          ]
        }
      }
    },
    "animation.dragon_spear.third_person": {
      "loop": true,
      "bones": {
        "rightitem": {
          "position": [
            0,
            22,
            5
          ],
          "rotation": [
            90,
            0,
            90
          ]
        }
      }
    },
    "animation.dragon_spear.": {
      "loop": "hold_on_last_frame",
      "bones": {
        "group": {
          "rotation": [
            -60.55426,
            -8.31313,
            -71.47616
          ],
          "position": [
            -1,
            -1,
            4
          ]
        }
      }
    }
  }
}