{
	"format_version": "1.16.0",
	"minecraft:geometry": [
		{
			"description": {
				"identifier": "geometry.avarice_scythe",
				"texture_width": 32,
				"texture_height": 32,
				"visible_bounds_width": 2,
				"visible_bounds_height": 3,
				"visible_bounds_offset": [0, 0.5, 0]
			},
			"bones": [
				{
					"name": "root_item",
					"pivot": [-0.00059, 12.18092, 0.30262],
					"binding": "q.item_slot_to_bone_name(c.item_slot)"
				},
				{
					"name": "avarice",
					"parent": "root_item",
					"pivot": [0.00008, 1.29073, 0.90085],
					"cubes": [
						{
							"origin": [-0.05981, 18.27841, 0.16652],
							"size": [0.12, 0.36, 0.6],
							"pivot": [0.00019, 18.91334, 0.59224],
							"rotation": [22.5, 0, 0],
							"uv": {
								"north": {"uv": [14, 30], "uv_size": [0.125, 0.375]},
								"east": {"uv": [28, 17], "uv_size": [0.625, 0.375]},
								"south": {"uv": [30, 14], "uv_size": [0.125, 0.375]},
								"west": {"uv": [18, 28], "uv_size": [0.625, 0.375]},
								"up": {"uv": [4, 30], "uv_size": [0.125, 0.625]},
								"down": {"uv": [30, 4.625], "uv_size": [0.125, -0.625]}
							}
						},
						{
							"origin": [-0.45277, -10.18228, -0.603],
							"size": [0.906, 0.456, 1.206],
							"uv": {
								"north": {"uv": [7, 27], "uv_size": [0.875, 0.5]},
								"east": {"uv": [9, 26], "uv_size": [1.25, 0.5]},
								"south": {"uv": [27, 8], "uv_size": [0.875, 0.5]},
								"west": {"uv": [26, 9], "uv_size": [1.25, 0.5]},
								"up": {"uv": [24, 2], "uv_size": [0.875, 1.25]},
								"down": {"uv": [24, 5.25], "uv_size": [0.875, -1.25]}
							}
						},
						{
							"origin": [-0.37477, -11.17205, 0.88774],
							"size": [0.75, 1.35, 0.6],
							"pivot": [0.00023, -6.11099, 0],
							"rotation": [-22.5, 0, 0],
							"uv": {
								"north": {"uv": [24, 10], "uv_size": [0.75, 1.375]},
								"east": {"uv": [25, 13], "uv_size": [0.625, 1.375]},
								"south": {"uv": [24, 12], "uv_size": [0.75, 1.375]},
								"west": {"uv": [25, 15], "uv_size": [0.625, 1.375]},
								"up": {"uv": [27, 1], "uv_size": [0.75, 0.625]},
								"down": {"uv": [27, 2.625], "uv_size": [0.75, -0.625]}
							}
						},
						{
							"origin": [-0.22477, -11.8927, -1.03115],
							"size": [0.45, 0.75, 0.45],
							"uv": {
								"north": {"uv": [23, 27], "uv_size": [0.5, 0.75]},
								"east": {"uv": [24, 27], "uv_size": [0.5, 0.75]},
								"south": {"uv": [27, 24], "uv_size": [0.5, 0.75]},
								"west": {"uv": [25, 27], "uv_size": [0.5, 0.75]},
								"up": {"uv": [28, 13], "uv_size": [0.5, 0.5]},
								"down": {"uv": [14, 28.5], "uv_size": [0.5, -0.5]}
							}
						},
						{
							"origin": [-0.22477, -12.4927, -1.03115],
							"size": [0.45, 0.6, 0.24],
							"uv": {
								"north": {"uv": [28, 8], "uv_size": [0.5, 0.625]},
								"east": {"uv": [29, 14], "uv_size": [0.25, 0.625]},
								"south": {"uv": [9, 28], "uv_size": [0.5, 0.625]},
								"west": {"uv": [15, 29], "uv_size": [0.25, 0.625]},
								"up": {"uv": [29, 21], "uv_size": [0.5, 0.25]},
								"down": {"uv": [22, 29.25], "uv_size": [0.5, -0.25]}
							}
						},
						{
							"origin": [-0.22477, -10.39316, 2.00933],
							"size": [0.45, 0.75, 0.45],
							"pivot": [0.00023, -6.11099, 0],
							"rotation": [-45, 0, 0],
							"uv": {
								"north": {"uv": [27, 25], "uv_size": [0.5, 0.75]},
								"east": {"uv": [26, 27], "uv_size": [0.5, 0.75]},
								"south": {"uv": [27, 26], "uv_size": [0.5, 0.75]},
								"west": {"uv": [27, 27], "uv_size": [0.5, 0.75]},
								"up": {"uv": [28, 14], "uv_size": [0.5, 0.5]},
								"down": {"uv": [15, 28.5], "uv_size": [0.5, -0.5]}
							}
						},
						{
							"origin": [-0.22477, -10.99316, 2.00933],
							"size": [0.45, 0.6, 0.24],
							"pivot": [0.00023, -6.11099, 0],
							"rotation": [-45, 0, 0],
							"uv": {
								"north": {"uv": [28, 9], "uv_size": [0.5, 0.625]},
								"east": {"uv": [29, 15], "uv_size": [0.25, 0.625]},
								"south": {"uv": [10, 28], "uv_size": [0.5, 0.625]},
								"west": {"uv": [16, 29], "uv_size": [0.25, 0.625]},
								"up": {"uv": [29, 22], "uv_size": [0.5, 0.25]},
								"down": {"uv": [23, 29.25], "uv_size": [0.5, -0.25]}
							}
						},
						{
							"origin": [-0.22477, -10.39316, -2.45933],
							"size": [0.45, 0.75, 0.45],
							"pivot": [0.00023, -6.11099, 0],
							"rotation": [45, 0, 0],
							"uv": {
								"north": {"uv": [1, 28], "uv_size": [0.5, 0.75]},
								"east": {"uv": [28, 1], "uv_size": [0.5, 0.75]},
								"south": {"uv": [2, 28], "uv_size": [0.5, 0.75]},
								"west": {"uv": [28, 2], "uv_size": [0.5, 0.75]},
								"up": {"uv": [28, 15], "uv_size": [0.5, 0.5]},
								"down": {"uv": [16, 28.5], "uv_size": [0.5, -0.5]}
							}
						},
						{
							"origin": [-0.22477, -10.99316, -2.24933],
							"size": [0.45, 0.6, 0.24],
							"pivot": [0.00023, -6.11099, 0],
							"rotation": [45, 0, 0],
							"uv": {
								"north": {"uv": [28, 10], "uv_size": [0.5, 0.625]},
								"east": {"uv": [29, 16], "uv_size": [0.25, 0.625]},
								"south": {"uv": [11, 28], "uv_size": [0.5, 0.625]},
								"west": {"uv": [17, 29], "uv_size": [0.25, 0.625]},
								"up": {"uv": [29, 23], "uv_size": [0.5, 0.25]},
								"down": {"uv": [24, 29.25], "uv_size": [0.5, -0.25]}
							}
						},
						{
							"origin": [-0.37477, -11.17205, -1.48774],
							"size": [0.75, 1.35, 0.6],
							"pivot": [0.00023, -6.11099, 0],
							"rotation": [22.5, 0, 0],
							"uv": {
								"north": {"uv": [24, 16], "uv_size": [0.75, 1.375]},
								"east": {"uv": [25, 17], "uv_size": [0.625, 1.375]},
								"south": {"uv": [24, 18], "uv_size": [0.75, 1.375]},
								"west": {"uv": [23, 25], "uv_size": [0.625, 1.375]},
								"up": {"uv": [3, 27], "uv_size": [0.75, 0.625]},
								"down": {"uv": [27, 3.625], "uv_size": [0.75, -0.625]}
							}
						},
						{
							"origin": [-0.22477, -11.8927, 0.58115],
							"size": [0.45, 0.75, 0.45],
							"uv": {
								"north": {"uv": [3, 28], "uv_size": [0.5, 0.75]},
								"east": {"uv": [28, 3], "uv_size": [0.5, 0.75]},
								"south": {"uv": [4, 28], "uv_size": [0.5, 0.75]},
								"west": {"uv": [28, 4], "uv_size": [0.5, 0.75]},
								"up": {"uv": [28, 16], "uv_size": [0.5, 0.5]},
								"down": {"uv": [17, 28.5], "uv_size": [0.5, -0.5]}
							}
						},
						{
							"origin": [-0.22477, -12.4927, 0.79115],
							"size": [0.45, 0.6, 0.24],
							"uv": {
								"north": {"uv": [28, 11], "uv_size": [0.5, 0.625]},
								"east": {"uv": [29, 17], "uv_size": [0.25, 0.625]},
								"south": {"uv": [12, 28], "uv_size": [0.5, 0.625]},
								"west": {"uv": [18, 29], "uv_size": [0.25, 0.625]},
								"up": {"uv": [29, 24], "uv_size": [0.5, 0.25]},
								"down": {"uv": [25, 29.25], "uv_size": [0.5, -0.25]}
							}
						},
						{
							"origin": [-0.68977, -9.71907, -3.60624],
							"size": [1.38, 0.78, 0.78],
							"pivot": [0.00023, -6.11099, 0],
							"rotation": [45, 0, 0],
							"uv": {
								"north": {"uv": [24, 20], "uv_size": [1.375, 0.75]},
								"east": {"uv": [26, 16], "uv_size": [0.75, 0.75]},
								"south": {"uv": [24, 21], "uv_size": [1.375, 0.75]},
								"west": {"uv": [26, 17], "uv_size": [0.75, 0.75]},
								"up": {"uv": [24, 22], "uv_size": [1.375, 0.75]},
								"down": {"uv": [23, 24.75], "uv_size": [1.375, -0.75]}
							}
						},
						{
							"origin": [-0.05981, 18.44641, 0.76652],
							"size": [0.12, 0.192, 0.48],
							"pivot": [0.00019, 18.91334, 0.59224],
							"rotation": [22.5, 0, 0],
							"uv": {
								"north": {"uv": [18, 30], "uv_size": [0.125, 0.25]},
								"east": {"uv": [29, 25], "uv_size": [0.5, 0.25]},
								"south": {"uv": [30, 18], "uv_size": [0.125, 0.25]},
								"west": {"uv": [26, 29], "uv_size": [0.5, 0.25]},
								"up": {"uv": [8, 30], "uv_size": [0.125, 0.5]},
								"down": {"uv": [30, 8.5], "uv_size": [0.125, -0.5]}
							}
						},
						{
							"origin": [-0.11, 15.19905, -9.14645],
							"size": [0.22, 0.36, 0.6],
							"pivot": [0.05, 15.33705, -9.11645],
							"rotation": [45, 0, 0],
							"uv": {
								"north": {"uv": [3, 30], "uv_size": [0.25, 0.375]},
								"east": {"uv": [28, 18], "uv_size": [0.625, 0.375]},
								"south": {"uv": [30, 3], "uv_size": [0.25, 0.375]},
								"west": {"uv": [19, 28], "uv_size": [0.625, 0.375]},
								"up": {"uv": [29, 18], "uv_size": [0.25, 0.625]},
								"down": {"uv": [19, 29.625], "uv_size": [0.25, -0.625]}
							}
						},
						{
							"origin": [-0.11, 15.19905, -9.62645],
							"size": [0.22, 0.192, 0.48],
							"pivot": [0.05, 15.33705, -9.11645],
							"rotation": [45, 0, 0],
							"uv": {
								"north": {"uv": [9, 30], "uv_size": [0.25, 0.25]},
								"east": {"uv": [29, 26], "uv_size": [0.5, 0.25]},
								"south": {"uv": [30, 9], "uv_size": [0.25, 0.25]},
								"west": {"uv": [27, 29], "uv_size": [0.5, 0.25]},
								"up": {"uv": [29, 27], "uv_size": [0.25, 0.5]},
								"down": {"uv": [28, 29.5], "uv_size": [0.25, -0.5]}
							}
						},
						{
							"origin": [-0.05981, 17.76759, 0.76652],
							"size": [0.12, 0.192, 0.48],
							"pivot": [0.00019, 18.91334, 0.59224],
							"rotation": [22.5, 0, 0],
							"uv": {
								"north": {"uv": [19, 30], "uv_size": [0.125, 0.25]},
								"east": {"uv": [29, 28], "uv_size": [0.5, 0.25]},
								"south": {"uv": [30, 19], "uv_size": [0.125, 0.25]},
								"west": {"uv": [29, 29], "uv_size": [0.5, 0.25]},
								"up": {"uv": [10, 30], "uv_size": [0.125, 0.5]},
								"down": {"uv": [30, 10.5], "uv_size": [0.125, -0.5]}
							}
						},
						{
							"origin": [-0.05981, 19.05383, -0.05009],
							"size": [0.12, 0.36, 0.6],
							"uv": {
								"north": {"uv": [15, 30], "uv_size": [0.125, 0.375]},
								"east": {"uv": [28, 19], "uv_size": [0.625, 0.375]},
								"south": {"uv": [30, 15], "uv_size": [0.125, 0.375]},
								"west": {"uv": [20, 28], "uv_size": [0.625, 0.375]},
								"up": {"uv": [5, 30], "uv_size": [0.125, 0.625]},
								"down": {"uv": [30, 5.625], "uv_size": [0.125, -0.625]}
							}
						},
						{
							"origin": [-0.17981, 19.20967, -0.87546],
							"size": [0.36, 0.48, 1.08],
							"pivot": [0.00019, 18.91334, 0.59224],
							"rotation": [22.5, 0, 0],
							"uv": {
								"north": {"uv": [29, 3], "uv_size": [0.375, 0.5]},
								"east": {"uv": [26, 18], "uv_size": [1.125, 0.5]},
								"south": {"uv": [4, 29], "uv_size": [0.375, 0.5]},
								"west": {"uv": [26, 19], "uv_size": [1.125, 0.5]},
								"up": {"uv": [27, 12], "uv_size": [0.375, 1.125]},
								"down": {"uv": [27, 15.125], "uv_size": [0.375, -1.125]}
							}
						},
						{
							"origin": [-0.05981, 19.22183, 0.54991],
							"size": [0.12, 0.192, 0.48],
							"uv": {
								"north": {"uv": [20, 30], "uv_size": [0.125, 0.25]},
								"east": {"uv": [0, 30], "uv_size": [0.5, 0.25]},
								"south": {"uv": [30, 20], "uv_size": [0.125, 0.25]},
								"west": {"uv": [30, 0], "uv_size": [0.5, 0.25]},
								"up": {"uv": [11, 30], "uv_size": [0.125, 0.5]},
								"down": {"uv": [30, 11.5], "uv_size": [0.125, -0.5]}
							}
						},
						{
							"origin": [0.00019, 13.11562, -10.80651],
							"size": [0, 5.80512, 13.96512],
							"uv": {
								"north": {"uv": [0, 0], "uv_size": [0, 5.75]},
								"east": {"uv": [0, 0], "uv_size": [14, 5.75]},
								"south": {"uv": [0, 0], "uv_size": [0, 5.75]},
								"west": {"uv": [0, 6], "uv_size": [14, 5.75]},
								"up": {"uv": [0, 0], "uv_size": [0, 14]},
								"down": {"uv": [0, 14], "uv_size": [0, -14]}
							}
						},
						{
							"origin": [0.00023, -13.65401, -2.4],
							"size": [0, 4.8, 4.8],
							"uv": {
								"north": {"uv": [0, 0], "uv_size": [0, 4.75]},
								"east": {"uv": [12, 16], "uv_size": [4.75, 4.75]},
								"south": {"uv": [0, 0], "uv_size": [0, 4.75]},
								"west": {"uv": [17, 16], "uv_size": [4.75, 4.75]},
								"up": {"uv": [0, 0], "uv_size": [0, 4.75]},
								"down": {"uv": [0, 4.75], "uv_size": [0, -4.75]}
							}
						},
						{
							"origin": [-0.35977, -3.44928, -0.36],
							"size": [0.72, 6.84, 0.72],
							"uv": {
								"north": {"uv": [18, 0], "uv_size": [0.75, 6.875]},
								"east": {"uv": [19, 0], "uv_size": [0.75, 6.875]},
								"south": {"uv": [20, 0], "uv_size": [0.75, 6.875]},
								"west": {"uv": [21, 0], "uv_size": [0.75, 6.875]},
								"up": {"uv": [26, 20], "uv_size": [0.75, 0.75]},
								"down": {"uv": [26, 21.75], "uv_size": [0.75, -0.75]}
							}
						},
						{
							"origin": [-0.35977, -10.19928, -0.36],
							"size": [0.72, 6.84, 0.72],
							"uv": {
								"north": {"uv": [12, 21], "uv_size": [0.75, 6.875]},
								"east": {"uv": [13, 21], "uv_size": [0.75, 6.875]},
								"south": {"uv": [14, 21], "uv_size": [0.75, 6.875]},
								"west": {"uv": [15, 21], "uv_size": [0.75, 6.875]},
								"up": {"uv": [22, 26], "uv_size": [0.75, 0.75]},
								"down": {"uv": [26, 22.75], "uv_size": [0.75, -0.75]}
							}
						},
						{
							"origin": [-0.46777, -4.74728, -0.468],
							"size": [0.936, 0.936, 0.936],
							"uv": {
								"north": {"uv": [25, 19], "uv_size": [0.875, 0.875]},
								"east": {"uv": [25, 23], "uv_size": [0.875, 0.875]},
								"south": {"uv": [24, 25], "uv_size": [0.875, 0.875]},
								"west": {"uv": [25, 24], "uv_size": [0.875, 0.875]},
								"up": {"uv": [25, 25], "uv_size": [0.875, 0.875]},
								"down": {"uv": [0, 26.875], "uv_size": [0.875, -0.875]}
							}
						},
						{
							"origin": [-0.44977, -5.56928, -0.45],
							"size": [0.9, 0.3, 0.9],
							"uv": {
								"north": {"uv": [24, 28], "uv_size": [0.875, 0.25]},
								"east": {"uv": [28, 24], "uv_size": [0.875, 0.25]},
								"south": {"uv": [25, 28], "uv_size": [0.875, 0.25]},
								"west": {"uv": [28, 25], "uv_size": [0.875, 0.25]},
								"up": {"uv": [26, 0], "uv_size": [0.875, 0.875]},
								"down": {"uv": [1, 26.875], "uv_size": [0.875, -0.875]}
							}
						},
						{
							"origin": [-0.44977, -6.16928, -0.45],
							"size": [0.9, 0.3, 0.9],
							"uv": {
								"north": {"uv": [26, 28], "uv_size": [0.875, 0.25]},
								"east": {"uv": [28, 26], "uv_size": [0.875, 0.25]},
								"south": {"uv": [27, 28], "uv_size": [0.875, 0.25]},
								"west": {"uv": [28, 27], "uv_size": [0.875, 0.25]},
								"up": {"uv": [26, 1], "uv_size": [0.875, 0.875]},
								"down": {"uv": [2, 26.875], "uv_size": [0.875, -0.875]}
							}
						},
						{
							"origin": [-0.46777, -7.74728, -0.468],
							"size": [0.936, 0.936, 0.936],
							"uv": {
								"north": {"uv": [26, 2], "uv_size": [0.875, 0.875]},
								"east": {"uv": [3, 26], "uv_size": [0.875, 0.875]},
								"south": {"uv": [26, 3], "uv_size": [0.875, 0.875]},
								"west": {"uv": [4, 26], "uv_size": [0.875, 0.875]},
								"up": {"uv": [26, 4], "uv_size": [0.875, 0.875]},
								"down": {"uv": [5, 26.875], "uv_size": [0.875, -0.875]}
							}
						},
						{
							"origin": [-0.35977, 9.45072, 2.24],
							"size": [0.72, 6.84, 0.72],
							"uv": {
								"north": {"uv": [16, 21], "uv_size": [0.75, 6.875]},
								"east": {"uv": [17, 21], "uv_size": [0.75, 6.875]},
								"south": {"uv": [18, 21], "uv_size": [0.75, 6.875]},
								"west": {"uv": [19, 21], "uv_size": [0.75, 6.875]},
								"up": {"uv": [26, 23], "uv_size": [0.75, 0.75]},
								"down": {"uv": [24, 26.75], "uv_size": [0.75, -0.75]}
							}
						},
						{
							"origin": [-0.35977, 2.99262, 0.92137],
							"size": [0.72, 6.84, 0.72],
							"pivot": [0.00023, 6.41262, 1.28137],
							"rotation": [-22.5, 0, 0],
							"uv": {
								"north": {"uv": [20, 21], "uv_size": [0.75, 6.875]},
								"east": {"uv": [21, 21], "uv_size": [0.75, 6.875]},
								"south": {"uv": [22, 0], "uv_size": [0.75, 6.875]},
								"west": {"uv": [22, 7], "uv_size": [0.75, 6.875]},
								"up": {"uv": [26, 24], "uv_size": [0.75, 0.75]},
								"down": {"uv": [25, 26.75], "uv_size": [0.75, -0.75]}
							}
						},
						{
							"origin": [-0.47377, 11.79672, 2.126],
							"size": [0.948, 0.948, 0.948],
							"uv": {
								"north": {"uv": [24, 23], "uv_size": [1, 1]},
								"east": {"uv": [25, 0], "uv_size": [1, 1]},
								"south": {"uv": [25, 1], "uv_size": [1, 1]},
								"west": {"uv": [25, 2], "uv_size": [1, 1]},
								"up": {"uv": [25, 3], "uv_size": [1, 1]},
								"down": {"uv": [25, 5], "uv_size": [1, -1]}
							}
						},
						{
							"origin": [-0.44977, 13.38072, 2.15],
							"size": [0.9, 0.3, 0.9],
							"uv": {
								"north": {"uv": [28, 28], "uv_size": [0.875, 0.25]},
								"east": {"uv": [0, 29], "uv_size": [0.875, 0.25]},
								"south": {"uv": [29, 0], "uv_size": [0.875, 0.25]},
								"west": {"uv": [1, 29], "uv_size": [0.875, 0.25]},
								"up": {"uv": [26, 5], "uv_size": [0.875, 0.875]},
								"down": {"uv": [6, 26.875], "uv_size": [0.875, -0.875]}
							}
						},
						{
							"origin": [-0.44977, 13.98072, 2.15],
							"size": [0.9, 0.3, 0.9],
							"uv": {
								"north": {"uv": [29, 1], "uv_size": [0.875, 0.25]},
								"east": {"uv": [2, 29], "uv_size": [0.875, 0.25]},
								"south": {"uv": [29, 2], "uv_size": [0.875, 0.25]},
								"west": {"uv": [3, 29], "uv_size": [0.875, 0.25]},
								"up": {"uv": [26, 6], "uv_size": [0.875, 0.875]},
								"down": {"uv": [7, 26.875], "uv_size": [0.875, -0.875]}
							}
						},
						{
							"origin": [-0.47377, 14.79672, 2.126],
							"size": [0.948, 0.948, 0.948],
							"uv": {
								"north": {"uv": [25, 5], "uv_size": [1, 1]},
								"east": {"uv": [25, 6], "uv_size": [1, 1]},
								"south": {"uv": [25, 7], "uv_size": [1, 1]},
								"west": {"uv": [25, 8], "uv_size": [1, 1]},
								"up": {"uv": [25, 9], "uv_size": [1, 1]},
								"down": {"uv": [25, 11], "uv_size": [1, -1]}
							}
						},
						{
							"origin": [-0.38861, 16.5459, -2.3775],
							"size": [0.7776, 1.5696, 1.5696],
							"pivot": [-0.00059, 12.18092, 0.30262],
							"rotation": [-45, 0, 0],
							"uv": {
								"north": {"uv": [23, 8], "uv_size": [0.75, 1.625]},
								"east": {"uv": [18, 7], "uv_size": [1.625, 1.625]},
								"south": {"uv": [23, 10], "uv_size": [0.75, 1.625]},
								"west": {"uv": [20, 7], "uv_size": [1.625, 1.625]},
								"up": {"uv": [23, 12], "uv_size": [0.75, 1.625]},
								"down": {"uv": [24, 1.625], "uv_size": [0.75, -1.625]}
							}
						},
						{
							"origin": [-0.6246, 13.58715, 4.98148],
							"size": [1.248, 0.96, 0.96],
							"pivot": [-0.00059, 12.18092, 0.30262],
							"rotation": [45, 0, 0],
							"uv": {
								"north": {"uv": [18, 9], "uv_size": [1.25, 1]},
								"east": {"uv": [25, 11], "uv_size": [1, 1]},
								"south": {"uv": [20, 9], "uv_size": [1.25, 1]},
								"west": {"uv": [25, 12], "uv_size": [1, 1]},
								"up": {"uv": [20, 12], "uv_size": [1.25, 1]},
								"down": {"uv": [20, 14], "uv_size": [1.25, -1]}
							}
						},
						{
							"origin": [-0.23324, 18.32429, 1.90846],
							"size": [0.46648, 0.31528, 0.31527],
							"pivot": [-0.00059, 12.18092, 0.30262],
							"rotation": [-22.5, 0, 0],
							"uv": {
								"north": {"uv": [29, 4], "uv_size": [0.5, 0.375]},
								"east": {"uv": [29, 19], "uv_size": [0.375, 0.375]},
								"south": {"uv": [5, 29], "uv_size": [0.5, 0.375]},
								"west": {"uv": [20, 29], "uv_size": [0.375, 0.375]},
								"up": {"uv": [29, 5], "uv_size": [0.5, 0.375]},
								"down": {"uv": [6, 29.375], "uv_size": [0.5, -0.375]}
							}
						},
						{
							"origin": [-0.18, 12.66283, 5.34307],
							"size": [0.36, 1.08, 0.48],
							"pivot": [-0.00059, 12.18092, 0.30262],
							"rotation": [45, 0, 0],
							"uv": {
								"north": {"uv": [27, 16], "uv_size": [0.375, 1.125]},
								"east": {"uv": [26, 25], "uv_size": [0.5, 1.125]},
								"south": {"uv": [27, 20], "uv_size": [0.375, 1.125]},
								"west": {"uv": [0, 27], "uv_size": [0.5, 1.125]},
								"up": {"uv": [29, 6], "uv_size": [0.375, 0.5]},
								"down": {"uv": [7, 29.5], "uv_size": [0.375, -0.5]}
							}
						},
						{
							"origin": [-0.06, 14.12578, 4.79006],
							"size": [0.12, 0.6, 0.36],
							"pivot": [-0.00059, 12.18092, 0.30262],
							"rotation": [22.5, 0, 0],
							"uv": {
								"north": {"uv": [6, 30], "uv_size": [0.125, 0.625]},
								"east": {"uv": [28, 20], "uv_size": [0.375, 0.625]},
								"south": {"uv": [30, 6], "uv_size": [0.125, 0.625]},
								"west": {"uv": [21, 28], "uv_size": [0.375, 0.625]},
								"up": {"uv": [16, 30], "uv_size": [0.125, 0.375]},
								"down": {"uv": [30, 16.375], "uv_size": [0.125, -0.375]}
							}
						},
						{
							"origin": [-0.06, 13.64578, 4.95806],
							"size": [0.12, 0.48, 0.192],
							"pivot": [-0.00059, 12.18092, 0.30262],
							"rotation": [22.5, 0, 0],
							"uv": {
								"north": {"uv": [12, 30], "uv_size": [0.125, 0.5]},
								"east": {"uv": [1, 30], "uv_size": [0.25, 0.5]},
								"south": {"uv": [30, 12], "uv_size": [0.125, 0.5]},
								"west": {"uv": [30, 1], "uv_size": [0.25, 0.5]},
								"up": {"uv": [21, 30], "uv_size": [0.125, 0.25]},
								"down": {"uv": [30, 21.25], "uv_size": [0.125, -0.25]}
							}
						},
						{
							"origin": [0.00019, 13.34679, -1.96],
							"size": [0, 3.84, 9.12],
							"uv": {
								"north": {"uv": [0, 0], "uv_size": [0, 3.875]},
								"east": {"uv": [0, 12], "uv_size": [9.125, 3.875]},
								"south": {"uv": [0, 0], "uv_size": [0, 3.875]},
								"west": {"uv": [10, 12], "uv_size": [9.125, 3.875]},
								"up": {"uv": [0, 0], "uv_size": [0, 9.125]},
								"down": {"uv": [0, 9.125], "uv_size": [0, -9.125]}
							}
						},
						{
							"origin": [0.00019, 10.70679, -1.32],
							"size": [0, 9.12, 3.84],
							"uv": {
								"north": {"uv": [0, 0], "uv_size": [0, 9.125]},
								"east": {"uv": [14, 0], "uv_size": [3.875, 9.125]},
								"south": {"uv": [0, 0], "uv_size": [0, 9.125]},
								"west": {"uv": [0, 16], "uv_size": [3.875, 9.125]},
								"up": {"uv": [0, 0], "uv_size": [0, 3.875]},
								"down": {"uv": [0, 3.875], "uv_size": [0, -3.875]}
							}
						},
						{
							"origin": [0.00019, 6.70679, -0.32],
							"size": [0, 9.12, 3.84],
							"pivot": [0.00019, 11.26679, 1.6],
							"rotation": [-22.5, 0, 0],
							"uv": {
								"north": {"uv": [0, 0], "uv_size": [0, 9.125]},
								"east": {"uv": [4, 16], "uv_size": [3.875, 9.125]},
								"south": {"uv": [0, 0], "uv_size": [0, 9.125]},
								"west": {"uv": [8, 16], "uv_size": [3.875, 9.125]},
								"up": {"uv": [0, 0], "uv_size": [0, 3.875]},
								"down": {"uv": [0, 3.875], "uv_size": [0, -3.875]}
							}
						},
						{
							"origin": [-0.18, 16.94497, 4.42436],
							"size": [0.36, 0.48, 1.08],
							"uv": {
								"north": {"uv": [29, 7], "uv_size": [0.375, 0.5]},
								"east": {"uv": [27, 0], "uv_size": [1.125, 0.5]},
								"south": {"uv": [8, 29], "uv_size": [0.375, 0.5]},
								"west": {"uv": [1, 27], "uv_size": [1.125, 0.5]},
								"up": {"uv": [22, 27], "uv_size": [0.375, 1.125]},
								"down": {"uv": [27, 23.125], "uv_size": [0.375, -1.125]}
							}
						},
						{
							"origin": [-0.06, 18.58804, 3.11453],
							"size": [0.12, 0.36, 0.6],
							"pivot": [-0.00059, 12.18092, 0.30262],
							"rotation": [-22.5, 0, 0],
							"uv": {
								"north": {"uv": [17, 30], "uv_size": [0.125, 0.375]},
								"east": {"uv": [28, 21], "uv_size": [0.625, 0.375]},
								"south": {"uv": [30, 17], "uv_size": [0.125, 0.375]},
								"west": {"uv": [28, 22], "uv_size": [0.625, 0.375]},
								"up": {"uv": [7, 30], "uv_size": [0.125, 0.625]},
								"down": {"uv": [30, 7.625], "uv_size": [0.125, -0.625]}
							}
						},
						{
							"origin": [-0.06, 18.75604, 3.71453],
							"size": [0.12, 0.192, 0.48],
							"pivot": [-0.00059, 12.18092, 0.30262],
							"rotation": [-22.5, 0, 0],
							"uv": {
								"north": {"uv": [22, 30], "uv_size": [0.125, 0.25]},
								"east": {"uv": [2, 30], "uv_size": [0.5, 0.25]},
								"south": {"uv": [30, 22], "uv_size": [0.125, 0.25]},
								"west": {"uv": [30, 2], "uv_size": [0.5, 0.25]},
								"up": {"uv": [13, 30], "uv_size": [0.125, 0.5]},
								"down": {"uv": [30, 13.5], "uv_size": [0.125, -0.5]}
							}
						},
						{
							"origin": [-0.21456, 17.98962, -1.95381],
							"size": [0.42912, 1.79712, 0.64512],
							"pivot": [-0.00059, 12.18092, 0.30262],
							"rotation": [-45, 0, 0],
							"uv": {
								"north": {"uv": [26, 7], "uv_size": [0.375, 1.75]},
								"east": {"uv": [24, 6], "uv_size": [0.625, 1.75]},
								"south": {"uv": [8, 26], "uv_size": [0.375, 1.75]},
								"west": {"uv": [24, 8], "uv_size": [0.625, 1.75]},
								"up": {"uv": [23, 28], "uv_size": [0.375, 0.625]},
								"down": {"uv": [28, 23.625], "uv_size": [0.375, -0.625]}
							}
						},
						{
							"origin": [-0.23324, 16.56595, 2.62651],
							"size": [0.46648, 0.31528, 0.31527],
							"pivot": [-0.00059, 12.18092, 0.30262],
							"rotation": [22.5, 0, 0],
							"uv": {
								"north": {"uv": [29, 8], "uv_size": [0.5, 0.375]},
								"east": {"uv": [29, 20], "uv_size": [0.375, 0.375]},
								"south": {"uv": [9, 29], "uv_size": [0.5, 0.375]},
								"west": {"uv": [21, 29], "uv_size": [0.375, 0.375]},
								"up": {"uv": [29, 9], "uv_size": [0.5, 0.375]},
								"down": {"uv": [10, 29.375], "uv_size": [0.5, -0.375]}
							}
						},
						{
							"origin": [-0.29196, 17.2581, -4.24877],
							"size": [0.58112, 0.74512, 5.06112],
							"pivot": [-0.00059, 12.18092, 0.30262],
							"rotation": [-22.5, 0, 0],
							"uv": {
								"north": {"uv": [4, 27], "uv_size": [0.625, 0.75]},
								"east": {"uv": [20, 14], "uv_size": [5, 0.75]},
								"south": {"uv": [27, 4], "uv_size": [0.625, 0.75]},
								"west": {"uv": [20, 15], "uv_size": [5, 0.75]},
								"up": {"uv": [22, 16], "uv_size": [0.625, 5]},
								"down": {"uv": [22, 26], "uv_size": [0.625, -5]}
							}
						},
						{
							"origin": [-0.19196, 16.55989, -9.06912],
							"size": [0.38112, 0.74512, 8.06112],
							"pivot": [-0.0014, 16.93245, -6.03856],
							"rotation": [22.5, 0, 0],
							"uv": {
								"north": {"uv": [28, 12], "uv_size": [0.375, 0.75]},
								"east": {"uv": [14, 10], "uv_size": [8, 0.75]},
								"south": {"uv": [13, 28], "uv_size": [0.375, 0.75]},
								"west": {"uv": [14, 11], "uv_size": [8, 0.75]},
								"up": {"uv": [23, 0], "uv_size": [0.375, 8]},
								"down": {"uv": [23, 24], "uv_size": [0.375, -8]}
							}
						},
						{
							"origin": [-0.23328, 17.09292, 3.40347],
							"size": [0.46656, 0.42336, 0.85536],
							"uv": {
								"north": {"uv": [29, 10], "uv_size": [0.5, 0.375]},
								"east": {"uv": [5, 28], "uv_size": [0.875, 0.375]},
								"south": {"uv": [11, 29], "uv_size": [0.5, 0.375]},
								"west": {"uv": [6, 28], "uv_size": [0.875, 0.375]},
								"up": {"uv": [9, 27], "uv_size": [0.5, 0.875]},
								"down": {"uv": [10, 27.875], "uv_size": [0.5, -0.875]}
							}
						},
						{
							"origin": [-0.2376, 15.16651, 4.70907],
							"size": [0.4752, 0.432, 1.296],
							"pivot": [-0.00059, 12.18092, 0.30262],
							"rotation": [22.5, 0, 0],
							"uv": {
								"north": {"uv": [29, 11], "uv_size": [0.5, 0.375]},
								"east": {"uv": [5, 27], "uv_size": [1.25, 0.375]},
								"south": {"uv": [12, 29], "uv_size": [0.5, 0.375]},
								"west": {"uv": [27, 5], "uv_size": [1.25, 0.375]},
								"up": {"uv": [26, 10], "uv_size": [0.5, 1.25]},
								"down": {"uv": [11, 27.25], "uv_size": [0.5, -1.25]}
							}
						},
						{
							"origin": [-0.23328, 17.09292, 0.94117],
							"size": [0.46656, 0.42336, 0.85536],
							"uv": {
								"north": {"uv": [29, 12], "uv_size": [0.5, 0.375]},
								"east": {"uv": [7, 28], "uv_size": [0.875, 0.375]},
								"south": {"uv": [13, 29], "uv_size": [0.5, 0.375]},
								"west": {"uv": [8, 28], "uv_size": [0.875, 0.375]},
								"up": {"uv": [27, 10], "uv_size": [0.5, 0.875]},
								"down": {"uv": [27, 11.875], "uv_size": [0.5, -0.875]}
							}
						},
						{
							"origin": [-0.2376, 16.92485, -1.15483],
							"size": [0.4752, 0.432, 1.296],
							"pivot": [-0.00059, 12.18092, 0.30262],
							"rotation": [-22.5, 0, 0],
							"uv": {
								"north": {"uv": [29, 13], "uv_size": [0.5, 0.375]},
								"east": {"uv": [27, 6], "uv_size": [1.25, 0.375]},
								"south": {"uv": [14, 29], "uv_size": [0.5, 0.375]},
								"west": {"uv": [27, 7], "uv_size": [1.25, 0.375]},
								"up": {"uv": [26, 12], "uv_size": [0.5, 1.25]},
								"down": {"uv": [26, 15.25], "uv_size": [0.5, -1.25]}
							}
						}
					]
				}
			]
		}
	]
}