{
	"format_version": "1.12.0",
	"minecraft:geometry": [
		{
			"description": {
				"identifier": "geometry.dagger_ravenous",
				"texture_width": 32,
				"texture_height": 32,
				"visible_bounds_width": 4,
				"visible_bounds_height": 2.5,
				"visible_bounds_offset": [0, 0.75, 0]
			},
			"bones": [
				{
					"name": "RightArm",
					"pivot": [-5, 22, 0]
				},
				{
					"name": "model",
					"parent": "RightArm",
					"pivot": [-6, 14, 3],
					"rotation": [-69.96157, -0.07558, 179.13283]
				},
				{
					"name": "sword",
					"parent": "model",
					"pivot": [-6, 14, 3],
					"cubes": [
						{
							"origin": [-6.5, 6.75, 2.5],
							"size": [1, 0.5, 1],
							"uv": {
								"north": {"uv": [24, 14], "uv_size": [1, 0.5]},
								"east": {"uv": [15, 24], "uv_size": [1, 0.5]},
								"south": {"uv": [24, 15], "uv_size": [1, 0.5]},
								"west": {"uv": [16, 24], "uv_size": [1, 0.5]}
							}
						},
						{
							"origin": [-6.5, 12.75, 2.5],
							"size": [1, 1, 1],
							"uv": {
								"north": {"uv": [19, 18], "uv_size": [1, 1]},
								"east": {"uv": [7, 22], "uv_size": [1, 1]},
								"south": {"uv": [8, 22], "uv_size": [1, 1]},
								"west": {"uv": [22, 8], "uv_size": [1, 1]}
							}
						},
						{
							"origin": [-6.5, 11.25, 2.5],
							"size": [1, 1, 1],
							"uv": {
								"north": {"uv": [9, 22], "uv_size": [1, 1]},
								"east": {"uv": [22, 9], "uv_size": [1, 1]},
								"south": {"uv": [10, 22], "uv_size": [1, 1]},
								"west": {"uv": [22, 10], "uv_size": [1, 1]},
								"down": {"uv": [11, 23], "uv_size": [1, -1]}
							}
						},
						{
							"origin": [-6.5, 7.75, 2.5],
							"size": [1, 1, 1],
							"uv": {
								"north": {"uv": [22, 11], "uv_size": [1, 1]},
								"east": {"uv": [13, 22], "uv_size": [1, 1]},
								"south": {"uv": [14, 22], "uv_size": [1, 1]},
								"west": {"uv": [22, 14], "uv_size": [1, 1]},
								"up": {"uv": [15, 22], "uv_size": [1, 1]}
							}
						},
						{
							"origin": [-6.4, 8.75, 2.6],
							"size": [0.8, 2.5, 0.8],
							"uv": {
								"north": {"uv": [12, 16], "uv_size": [0.8125, 2.5]},
								"east": {"uv": [18, 16], "uv_size": [0.8125, 2.5]},
								"south": {"uv": [19, 4], "uv_size": [0.8125, 2.5]},
								"west": {"uv": [19, 7], "uv_size": [0.8125, 2.5]}
							}
						},
						{
							"origin": [-6.6, 7.25, 2.4],
							"size": [1.2, 0.5, 1.2],
							"uv": {
								"north": {"uv": [24, 2], "uv_size": [1.1875, 0.5]},
								"east": {"uv": [24, 3], "uv_size": [1.1875, 0.5]},
								"south": {"uv": [4, 24], "uv_size": [1.1875, 0.5]},
								"west": {"uv": [24, 4], "uv_size": [1.1875, 0.5]},
								"up": {"uv": [7, 20], "uv_size": [1.1875, 1.1875]},
								"down": {"uv": [20, 9.1875], "uv_size": [1.1875, -1.1875]}
							}
						},
						{
							"origin": [-6.6, 12.25, 2.4],
							"size": [1.2, 0.5, 1.2],
							"uv": {
								"north": {"uv": [24, 5], "uv_size": [1.1875, 0.5]},
								"east": {"uv": [24, 6], "uv_size": [1.1875, 0.5]},
								"south": {"uv": [24, 7], "uv_size": [1.1875, 0.5]},
								"west": {"uv": [8, 24], "uv_size": [1.1875, 0.5]},
								"up": {"uv": [9, 20], "uv_size": [1.1875, 1.1875]},
								"down": {"uv": [20, 11.1875], "uv_size": [1.1875, -1.1875]}
							}
						},
						{
							"origin": [-6.545, 5.955, 2.455],
							"size": [1.09, 1.09, 1.09],
							"pivot": [-6, 6.5, 3],
							"rotation": [45, 0, 0],
							"uv": {
								"north": {"uv": [20, 14], "uv_size": [1.09376, 1.09376]},
								"east": {"uv": [15, 20], "uv_size": [1.09376, 1.09376]},
								"south": {"uv": [20, 16], "uv_size": [1.09376, 1.09376]},
								"west": {"uv": [20, 18], "uv_size": [1.09376, 1.09376]},
								"up": {"uv": [20, 20], "uv_size": [1.09376, 1.09376]},
								"down": {"uv": [21, 1.09376], "uv_size": [1.09376, -1.09376]}
							}
						},
						{
							"origin": [-7, 22.7, 1.95],
							"size": [2, 2, 2.25],
							"pivot": [-6, 22.86424, 2.85187],
							"rotation": [-22.5, 0, 0],
							"uv": {
								"north": {"uv": [10, 16], "uv_size": [2, 2]},
								"east": {"uv": [15, 0], "uv_size": [2.25, 2]},
								"south": {"uv": [14, 16], "uv_size": [2, 2]},
								"west": {"uv": [15, 2], "uv_size": [2.25, 2]},
								"up": {"uv": [15, 4], "uv_size": [2, 2.25]},
								"down": {"uv": [15, 9.25], "uv_size": [2, -2.25]}
							}
						},
						{
							"origin": [-7, 22.24598, 2.26882],
							"size": [2, 0.5, 0.03],
							"pivot": [-6, 23.06022, 2.77069],
							"rotation": [-22.5, 0, 0],
							"uv": {
								"north": {"uv": [22, 15], "uv_size": [2, 0.5]},
								"south": {"uv": [16, 22], "uv_size": [2, 0.5]}
							}
						},
						{
							"origin": [-5, 21.34588, 2.1758],
							"size": [0.25, 0.5, 2],
							"pivot": [-6, 21.84588, 2.9258],
							"rotation": [22.5, 0, 0],
							"uv": {
								"north": {"uv": [7, 26], "uv_size": [0.25, 0.5]},
								"east": {"uv": [22, 16], "uv_size": [2, 0.5]},
								"south": {"uv": [26, 7], "uv_size": [0.25, 0.5]},
								"west": {"uv": [22, 17], "uv_size": [2, 0.5]},
								"up": {"uv": [24, 16], "uv_size": [0.25, 2]},
								"down": {"uv": [17, 26], "uv_size": [0.25, -2]}
							}
						},
						{
							"origin": [-7, 21.34588, 1.9258],
							"size": [2, 0.5, 0.5],
							"pivot": [-6, 21.84588, 2.9258],
							"rotation": [22.5, 0, 0],
							"uv": {
								"north": {"uv": [22, 18], "uv_size": [2, 0.5]},
								"east": {"uv": [21, 25], "uv_size": [0.5, 0.5]},
								"south": {"uv": [22, 19], "uv_size": [2, 0.5]},
								"west": {"uv": [25, 21], "uv_size": [0.5, 0.5]},
								"up": {"uv": [20, 22], "uv_size": [2, 0.5]},
								"down": {"uv": [22, 20.5], "uv_size": [2, -0.5]}
							}
						},
						{
							"origin": [-5, 21.84588, 3.1758],
							"size": [0.25, 0.5, 1],
							"pivot": [-6, 21.84588, 2.9258],
							"rotation": [22.5, 0, 0],
							"uv": {
								"north": {"uv": [8, 26], "uv_size": [0.25, 0.5]},
								"east": {"uv": [18, 24], "uv_size": [1, 0.5]},
								"south": {"uv": [26, 8], "uv_size": [0.25, 0.5]},
								"west": {"uv": [24, 18], "uv_size": [1, 0.5]},
								"up": {"uv": [22, 25], "uv_size": [0.25, 1]}
							}
						},
						{
							"origin": [-7.25, 21.84588, 3.1758],
							"size": [0.25, 0.5, 1],
							"pivot": [-6, 21.84588, 2.9258],
							"rotation": [22.5, 0, 0],
							"uv": {
								"north": {"uv": [9, 26], "uv_size": [0.25, 0.5]},
								"east": {"uv": [24, 19], "uv_size": [1, 0.5]},
								"south": {"uv": [26, 9], "uv_size": [0.25, 0.5]},
								"west": {"uv": [24, 20], "uv_size": [1, 0.5]},
								"up": {"uv": [25, 22], "uv_size": [0.25, 1]}
							}
						},
						{
							"origin": [-7.1, 21.84588, 2.2758],
							"size": [0.03, 0.5, 0.9],
							"pivot": [-6, 21.84588, 2.9258],
							"rotation": [22.5, 0, 0],
							"uv": {
								"east": {"uv": [7, 25], "uv_size": [0.90626, 0.5]},
								"west": {"uv": [8, 25], "uv_size": [0.90626, 0.5]}
							}
						},
						{
							"origin": [-7.1, 21.84588, 2.2758],
							"size": [2.2, 0.5, 0.03],
							"pivot": [-6, 21.84588, 2.9258],
							"rotation": [22.5, 0, 0],
							"uv": {
								"north": {"uv": [21, 4], "uv_size": [2.1875, 0.5]},
								"south": {"uv": [21, 5], "uv_size": [2.1875, 0.5]}
							}
						},
						{
							"origin": [-4.93, 21.84588, 2.2758],
							"size": [0.03, 0.5, 0.9],
							"pivot": [-6, 21.84588, 2.9258],
							"rotation": [22.5, 0, 0],
							"uv": {
								"east": {"uv": [25, 8], "uv_size": [0.90626, 0.5]},
								"west": {"uv": [9, 25], "uv_size": [0.90626, 0.5]}
							}
						},
						{
							"origin": [-7.25, 21.34588, 2.1758],
							"size": [0.25, 0.5, 2],
							"pivot": [-6, 21.84588, 2.9258],
							"rotation": [22.5, 0, 0],
							"uv": {
								"north": {"uv": [10, 26], "uv_size": [0.25, 0.5]},
								"east": {"uv": [22, 21], "uv_size": [2, 0.5]},
								"south": {"uv": [26, 10], "uv_size": [0.25, 0.5]},
								"west": {"uv": [22, 22], "uv_size": [2, 0.5]},
								"up": {"uv": [24, 21], "uv_size": [0.25, 2]},
								"down": {"uv": [24, 25], "uv_size": [0.25, -2]}
							}
						},
						{
							"origin": [-7.25, 23.95, 1.8],
							"size": [0.75, 0.25, 0.5],
							"pivot": [-6, 22.86424, 2.85187],
							"rotation": [-22.5, 0, 0],
							"uv": {
								"north": {"uv": [26, 2], "uv_size": [0.75, 0.25]},
								"east": {"uv": [11, 26], "uv_size": [0.5, 0.25]},
								"south": {"uv": [3, 26], "uv_size": [0.75, 0.25]},
								"west": {"uv": [26, 11], "uv_size": [0.5, 0.25]},
								"up": {"uv": [13, 25], "uv_size": [0.75, 0.5]},
								"down": {"uv": [25, 13.5], "uv_size": [0.75, -0.5]}
							}
						},
						{
							"origin": [-5.5, 23.95, 1.8],
							"size": [0.75, 0.25, 0.5],
							"pivot": [-6, 22.86424, 2.85187],
							"rotation": [-22.5, 0, 0],
							"uv": {
								"north": {"uv": [26, 3], "uv_size": [0.75, 0.25]},
								"east": {"uv": [12, 26], "uv_size": [0.5, 0.25]},
								"south": {"uv": [4, 26], "uv_size": [0.75, 0.25]},
								"west": {"uv": [26, 12], "uv_size": [0.5, 0.25]},
								"up": {"uv": [14, 25], "uv_size": [0.75, 0.5]},
								"down": {"uv": [25, 14.5], "uv_size": [0.75, -0.5]}
							}
						},
						{
							"origin": [-7.25, 23.2, 2.45],
							"size": [2.5, 1.75, 2],
							"pivot": [-6, 22.86424, 2.85187],
							"rotation": [-22.5, 0, 0],
							"uv": {
								"north": {"uv": [15, 10], "uv_size": [2.5, 1.75]},
								"east": {"uv": [0, 18], "uv_size": [2, 1.75]},
								"south": {"uv": [15, 12], "uv_size": [2.5, 1.75]},
								"west": {"uv": [18, 0], "uv_size": [2, 1.75]},
								"up": {"uv": [10, 14], "uv_size": [2.5, 2]},
								"down": {"uv": [14, 16], "uv_size": [2.5, -2]}
							}
						},
						{
							"origin": [-6.25, 14.75, 3],
							"size": [0.5, 11, 1],
							"uv": {
								"north": {"uv": [13, 9], "uv_size": [0.5, 11]},
								"east": {"uv": [10, 0], "uv_size": [1, 11]},
								"south": {"uv": [14, 3], "uv_size": [0.5, 11]},
								"west": {"uv": [11, 0], "uv_size": [1, 11]},
								"up": {"uv": [25, 0], "uv_size": [0.5, 1]}
							}
						},
						{
							"origin": [-6.249, 25.51108, 3.20112],
							"size": [0.498, 1.25, 0.925],
							"pivot": [-6.001, 26.13608, 3.70112],
							"rotation": [-22.5, 0, 0],
							"uv": {
								"north": {"uv": [23, 23], "uv_size": [0.5, 1.25]},
								"east": {"uv": [17, 20], "uv_size": [0.9375, 1.25]},
								"south": {"uv": [0, 24], "uv_size": [0.5, 1.25]},
								"west": {"uv": [21, 2], "uv_size": [0.9375, 1.25]},
								"up": {"uv": [6, 25], "uv_size": [0.5, 0.9375]}
							}
						},
						{
							"origin": [-6.248, 26.36824, 3.77385],
							"size": [0.496, 1.25, 0.858],
							"pivot": [-6.002, 26.99324, 4.27385],
							"rotation": [-45, 0, 0],
							"uv": {
								"north": {"uv": [24, 0], "uv_size": [0.5, 1.25]},
								"east": {"uv": [12, 21], "uv_size": [0.84376, 1.25]},
								"south": {"uv": [1, 24], "uv_size": [0.5, 1.25]},
								"west": {"uv": [6, 22], "uv_size": [0.84376, 1.25]},
								"up": {"uv": [10, 25], "uv_size": [0.5, 0.84376]}
							}
						},
						{
							"origin": [-6.015, 14.75, 0.25],
							"size": [0.03, 18, 4.5],
							"uv": {
								"east": {"uv": [0, 0], "uv_size": [4.5, 18]},
								"west": {"uv": [5, 0], "uv_size": [4.5, 18]}
							}
						},
						{
							"origin": [-6.5, 20.5285, 6.1095],
							"size": [1, 2, 1],
							"pivot": [-6, 17.9291, 5.08929],
							"rotation": [45, 0, 0],
							"uv": {
								"north": {"uv": [12, 9], "uv_size": [1, 2]},
								"east": {"uv": [12, 19], "uv_size": [1, 2]},
								"south": {"uv": [19, 14], "uv_size": [1, 2]},
								"west": {"uv": [19, 16], "uv_size": [1, 2]},
								"up": {"uv": [23, 0], "uv_size": [1, 1]},
								"down": {"uv": [23, 2], "uv_size": [1, -1]}
							}
						},
						{
							"origin": [-6.45, 19.30374, 5.06097],
							"size": [0.9, 1.8, 0.9],
							"pivot": [-6, 17.9291, 5.08929],
							"rotation": [22.5, 0, 0],
							"uv": {
								"north": {"uv": [4, 20], "uv_size": [0.90626, 1.8125]},
								"east": {"uv": [5, 20], "uv_size": [0.90626, 1.8125]},
								"south": {"uv": [6, 20], "uv_size": [0.90626, 1.8125]},
								"west": {"uv": [20, 6], "uv_size": [0.90626, 1.8125]},
								"down": {"uv": [8, 23.90626], "uv_size": [0.90626, -0.90626]}
							}
						},
						{
							"origin": [-6.4095, 17.89468, 4.54957],
							"size": [0.819, 1.638, 0.819],
							"uv": {
								"north": {"uv": [11, 20], "uv_size": [0.8125, 1.625]},
								"east": {"uv": [20, 12], "uv_size": [0.8125, 1.625]},
								"south": {"uv": [13, 20], "uv_size": [0.8125, 1.625]},
								"west": {"uv": [14, 20], "uv_size": [0.8125, 1.625]},
								"down": {"uv": [18, 23.8125], "uv_size": [0.8125, -0.8125]}
							}
						},
						{
							"origin": [-6.36446, 15.54635, 4.63157],
							"size": [0.72891, 2.45782, 0.72891],
							"pivot": [-6, 17.9291, 5.08929],
							"rotation": [-22.5, 0, 0],
							"uv": {
								"north": {"uv": [20, 0], "uv_size": [0.71876, 2.46876]},
								"east": {"uv": [2, 20], "uv_size": [0.71876, 2.46876]},
								"south": {"uv": [3, 20], "uv_size": [0.71876, 2.46876]},
								"west": {"uv": [20, 3], "uv_size": [0.71876, 2.46876]},
								"down": {"uv": [14, 24.71876], "uv_size": [0.71876, -0.71876]}
							}
						},
						{
							"origin": [-6.32436, 14.60543, 3.75458],
							"size": [0.64872, 1.29746, 0.64873],
							"uv": {
								"north": {"uv": [2, 23], "uv_size": [0.65626, 1.3125]},
								"east": {"uv": [3, 23], "uv_size": [0.65626, 1.3125]},
								"south": {"uv": [23, 6], "uv_size": [0.65626, 1.3125]},
								"west": {"uv": [7, 23], "uv_size": [0.65626, 1.3125]},
								"down": {"uv": [25, 9.65626], "uv_size": [0.65626, -0.65626]}
							}
						},
						{
							"origin": [-6.28868, 14.21446, 2.58426],
							"size": [0.57736, 1.15474, 0.57737],
							"pivot": [-6, 17.9291, 5.08929],
							"rotation": [22.5, 0, 0],
							"uv": {
								"north": {"uv": [19, 23], "uv_size": [0.5625, 1.15626]},
								"east": {"uv": [20, 23], "uv_size": [0.5625, 1.15626]},
								"south": {"uv": [21, 23], "uv_size": [0.5625, 1.15626]},
								"west": {"uv": [22, 23], "uv_size": [0.5625, 1.15626]},
								"down": {"uv": [15, 25.5625], "uv_size": [0.5625, -0.5625]}
							}
						},
						{
							"origin": [-6.75, 13, 3],
							"size": [1.5, 2, 2],
							"pivot": [-5.5, 13, 3],
							"rotation": [45, 0, 0],
							"uv": {
								"north": {"uv": [2, 18], "uv_size": [1.5, 2]},
								"east": {"uv": [16, 16], "uv_size": [2, 2]},
								"south": {"uv": [18, 2], "uv_size": [1.5, 2]},
								"west": {"uv": [17, 4], "uv_size": [2, 2]},
								"up": {"uv": [4, 18], "uv_size": [1.5, 2]},
								"down": {"uv": [6, 20], "uv_size": [1.5, -2]}
							}
						},
						{
							"origin": [-7, 13.25, 3.25],
							"size": [2, 1.5, 1.5],
							"pivot": [-5.5, 13, 3],
							"rotation": [45, 0, 0],
							"uv": {
								"north": {"uv": [8, 18], "uv_size": [2, 1.5]},
								"east": {"uv": [14, 18], "uv_size": [1.5, 1.5]},
								"south": {"uv": [10, 18], "uv_size": [2, 1.5]},
								"west": {"uv": [16, 18], "uv_size": [1.5, 1.5]},
								"up": {"uv": [18, 10], "uv_size": [2, 1.5]},
								"down": {"uv": [18, 13.5], "uv_size": [2, -1.5]}
							}
						},
						{
							"origin": [-6.50825, 20.84744, 5.48271],
							"size": [1.0165, 1.0165, 1.0165],
							"pivot": [-6, 17.95681, 5.34918],
							"rotation": [22.5, 0, 0],
							"uv": {
								"north": {"uv": [21, 6], "uv_size": [1.03126, 1.03126]},
								"east": {"uv": [21, 12], "uv_size": [1.03126, 1.03126]},
								"south": {"uv": [18, 21], "uv_size": [1.03126, 1.03126]},
								"west": {"uv": [0, 22], "uv_size": [1.03126, 1.03126]},
								"up": {"uv": [22, 2], "uv_size": [1.03126, 1.03126]},
								"down": {"uv": [4, 23.03126], "uv_size": [1.03126, -1.03126]}
							}
						},
						{
							"origin": [-6.38119, 21.1349, 4.94477],
							"size": [0.76238, 0.76237, 0.76238],
							"uv": {
								"east": {"uv": [6, 24], "uv_size": [0.75, 0.75]},
								"south": {"uv": [24, 8], "uv_size": [0.75, 0.75]},
								"west": {"uv": [24, 9], "uv_size": [0.75, 0.75]},
								"up": {"uv": [10, 24], "uv_size": [0.75, 0.75]},
								"down": {"uv": [24, 10.75], "uv_size": [0.75, -0.75]}
							}
						},
						{
							"origin": [-6.28208, 21.12187, 4.14399],
							"size": [0.56416, 0.56416, 0.56416],
							"pivot": [-6, 17.95681, 5.34918],
							"rotation": [-22.5, 0, 0],
							"uv": {
								"east": {"uv": [25, 15], "uv_size": [0.5625, 0.5625]},
								"south": {"uv": [16, 25], "uv_size": [0.5625, 0.5625]},
								"west": {"uv": [25, 16], "uv_size": [0.5625, 0.5625]},
								"up": {"uv": [25, 17], "uv_size": [0.5625, 0.5625]},
								"down": {"uv": [18, 25.5625], "uv_size": [0.5625, -0.5625]}
							}
						},
						{
							"origin": [-6.45743, 18.96346, 4.96512],
							"size": [0.91486, 0.91485, 0.91485],
							"uv": {
								"north": {"uv": [23, 8], "uv_size": [0.90626, 0.90626]},
								"east": {"uv": [9, 23], "uv_size": [0.90626, 0.90626]},
								"south": {"uv": [23, 9], "uv_size": [0.90626, 0.90626]},
								"west": {"uv": [10, 23], "uv_size": [0.90626, 0.90626]},
								"up": {"uv": [23, 10], "uv_size": [0.90626, 0.90626]},
								"down": {"uv": [11, 23.90626], "uv_size": [0.90626, -0.90626]}
							}
						},
						{
							"origin": [-6.34307, 19.22001, 5.16862],
							"size": [0.68614, 0.68614, 0.68614],
							"pivot": [-6, 18.08932, 5.1942],
							"rotation": [-22.5, 0, 0],
							"uv": {
								"east": {"uv": [25, 1], "uv_size": [0.6875, 0.6875]},
								"south": {"uv": [2, 25], "uv_size": [0.6875, 0.6875]},
								"west": {"uv": [3, 25], "uv_size": [0.6875, 0.6875]},
								"up": {"uv": [4, 25], "uv_size": [0.6875, 0.6875]},
								"down": {"uv": [5, 25.6875], "uv_size": [0.6875, -0.6875]}
							}
						},
						{
							"origin": [-6.25387, 17.69173, 6.57432],
							"size": [0.50774, 0.50775, 0.50774],
							"pivot": [-6, 18.08932, 5.1942],
							"rotation": [45, 0, 0],
							"uv": {
								"north": {"uv": [23, 25], "uv_size": [0.5, 0.5]},
								"east": {"uv": [25, 23], "uv_size": [0.5, 0.5]},
								"south": {"uv": [24, 25], "uv_size": [0.5, 0.5]},
								"west": {"uv": [25, 24], "uv_size": [0.5, 0.5]},
								"down": {"uv": [25, 25.5], "uv_size": [0.5, -0.5]}
							}
						},
						{
							"origin": [-6.41677, 17.16301, 5.04688],
							"size": [0.83353, 0.83353, 0.83353],
							"pivot": [-6, 18.14681, 5.11168],
							"rotation": [-22.5, 0, 0],
							"uv": {
								"north": {"uv": [23, 13], "uv_size": [0.84376, 0.84376]},
								"east": {"uv": [14, 23], "uv_size": [0.84376, 0.84376]},
								"south": {"uv": [23, 14], "uv_size": [0.84376, 0.84376]},
								"west": {"uv": [15, 23], "uv_size": [0.84376, 0.84376]},
								"up": {"uv": [16, 23], "uv_size": [0.84376, 0.84376]},
								"down": {"uv": [17, 23.84376], "uv_size": [0.84376, -0.84376]}
							}
						},
						{
							"origin": [-6.31257, 16.73073, 4.55222],
							"size": [0.62514, 0.62515, 0.62514],
							"pivot": [-6, 18.14681, 5.11168],
							"rotation": [45, 0, 0],
							"uv": {
								"north": {"uv": [25, 10], "uv_size": [0.625, 0.625]},
								"east": {"uv": [11, 25], "uv_size": [0.625, 0.625]},
								"south": {"uv": [25, 11], "uv_size": [0.625, 0.625]},
								"west": {"uv": [12, 25], "uv_size": [0.625, 0.625]},
								"down": {"uv": [25, 12.625], "uv_size": [0.625, -0.625]}
							}
						},
						{
							"origin": [-6.2313, 16.42397, 5.21207],
							"size": [0.4626, 0.46261, 0.46261],
							"pivot": [-6, 18.14681, 5.11168],
							"rotation": [22.5, 0, 0],
							"uv": {
								"north": {"uv": [0, 26], "uv_size": [0.46876, 0.46876]},
								"east": {"uv": [26, 0], "uv_size": [0.46876, 0.46876]},
								"south": {"uv": [1, 26], "uv_size": [0.46876, 0.46876]},
								"west": {"uv": [26, 1], "uv_size": [0.46876, 0.46876]},
								"down": {"uv": [2, 26.46876], "uv_size": [0.46876, -0.46876]}
							}
						},
						{
							"origin": [-6.37926, 15.0629, 4.00368],
							"size": [0.75852, 0.75851, 0.75852],
							"pivot": [-6, 15.327, 4.80939],
							"rotation": [-45, 0, 0],
							"uv": {
								"north": {"uv": [11, 24], "uv_size": [0.75, 0.75]},
								"east": {"uv": [24, 11], "uv_size": [0.75, 0.75]},
								"south": {"uv": [12, 24], "uv_size": [0.75, 0.75]},
								"west": {"uv": [24, 12], "uv_size": [0.75, 0.75]},
								"up": {"uv": [13, 24], "uv_size": [0.75, 0.75]},
								"down": {"uv": [24, 13.75], "uv_size": [0.75, -0.75]}
							}
						},
						{
							"origin": [-6.28444, 14.9698, 4.59762],
							"size": [0.56888, 0.56888, 0.56889],
							"pivot": [-6, 15.327, 4.80939],
							"rotation": [22.5, 0, 0],
							"uv": {
								"north": {"uv": [25, 18], "uv_size": [0.5625, 0.5625]},
								"east": {"uv": [19, 25], "uv_size": [0.5625, 0.5625]},
								"south": {"uv": [25, 19], "uv_size": [0.5625, 0.5625]},
								"west": {"uv": [20, 25], "uv_size": [0.5625, 0.5625]},
								"down": {"uv": [25, 20.5625], "uv_size": [0.5625, -0.5625]}
							}
						},
						{
							"origin": [-6.21049, 14.73354, 4.81901],
							"size": [0.42098, 0.42097, 0.42098],
							"uv": {
								"north": {"uv": [26, 4], "uv_size": [0.40626, 0.40626]},
								"east": {"uv": [5, 26], "uv_size": [0.40626, 0.40626]},
								"south": {"uv": [26, 5], "uv_size": [0.40626, 0.40626]},
								"west": {"uv": [6, 26], "uv_size": [0.40626, 0.40626]},
								"down": {"uv": [26, 6.40626], "uv_size": [0.40626, -0.40626]}
							}
						},
						{
							"origin": [-6.015, 3.5, 2],
							"size": [0.03, 3, 2],
							"uv": {
								"east": {"uv": [12, 3], "uv_size": [2, 3]},
								"west": {"uv": [12, 6], "uv_size": [2, 3]}
							}
						},
						{
							"origin": [-5.805, 18.75, 3.75],
							"size": [0.03, 3, 3],
							"uv": {
								"east": {"uv": [10, 11], "uv_size": [3, 3]},
								"west": {"uv": [12, 0], "uv_size": [3, 3]}
							}
						},
						{
							"origin": [-4.88, 20.1, 2.35],
							"size": [0.03, 1.5, 1.25],
							"uv": {
								"east": {"uv": [18, 19], "uv_size": [1.25, 1.5]},
								"west": {"uv": [0, 20], "uv_size": [1.25, 1.5]}
							}
						},
						{
							"origin": [-6.015, 13.05, 3.8],
							"size": [0.03, 1, 0.75],
							"uv": {
								"east": {"uv": [23, 11], "uv_size": [0.75, 1]},
								"west": {"uv": [12, 23], "uv_size": [0.75, 1]}
							}
						},
						{
							"origin": [-5.865, 26, 4.025],
							"size": [0.03, 1, 0.75],
							"uv": {
								"east": {"uv": [23, 12], "uv_size": [0.75, 1]},
								"west": {"uv": [13, 23], "uv_size": [0.75, 1]}
							}
						},
						{
							"origin": [-6.23, 15.5, 4],
							"size": [0.03, 2, 2],
							"uv": {
								"east": {"uv": [17, 6], "uv_size": [2, 2]},
								"west": {"uv": [17, 8], "uv_size": [2, 2]}
							}
						},
						{
							"origin": [-4.8, 21.875, 2.35],
							"size": [0, 2, 2],
							"uv": {
								"north": {"uv": [0, 0], "uv_size": [0, 2]},
								"south": {"uv": [0, 0], "uv_size": [0, 2]},
								"west": {"uv": [17, 14], "uv_size": [2, 2]},
								"up": {"uv": [0, 0], "uv_size": [0, 2]},
								"down": {"uv": [0, 2], "uv_size": [0, -2]}
							}
						}
					]
				}
			]
		}
	]
}