{
	"format_version": "1.16.0",
	"minecraft:geometry": [
		{
			"description": {
				"identifier": "geometry.doombringer_axe",
				"texture_width": 32,
				"texture_height": 32,
				"visible_bounds_width": 4,
				"visible_bounds_height": 4,
				"visible_bounds_offset": [0, 1, 0]
			},
			"bones": [
				{
					"name": "root_item",
					"pivot": [0, 0, 0],
					"binding": "q.item_slot_to_bone_name(c.item_slot)"
				},
				{
					"name": "Doombringer",
					"parent": "root_item",
					"pivot": [0, 2.44936, 0],
					"cubes": [
						{
							"origin": [0, 0.5, -13.5],
							"size": [0, 16, 13],
							"uv": {
								"east": {"uv": [0, 0], "uv_size": [6.5, 7.98923]},
								"west": {"uv": [6.5, 0], "uv_size": [6.5, 7.98923]}
							}
						},
						{
							"origin": [-0.75, 0.5, -1],
							"size": [1.5, 2, 2],
							"uv": {
								"north": {"uv": [22.5, 3.4865], "uv_size": [0.75, 1.00061]},
								"east": {"uv": [21, 13.99287], "uv_size": [1, 1.00061]},
								"south": {"uv": [4, 22.49803], "uv_size": [0.75, 1.00061]},
								"west": {"uv": [15.5, 20.99712], "uv_size": [1, 1.00061]},
								"up": {"uv": [22.5, 4.48711], "uv_size": [0.75, 1.00061]},
								"down": {"uv": [5, 23.49863], "uv_size": [0.75, -1.00061]}
							}
						},
						{
							"origin": [-0.75, 3.5, -1],
							"size": [1.5, 2, 2],
							"uv": {
								"north": {"uv": [22.5, 5.48771], "uv_size": [0.75, 1.00061]},
								"east": {"uv": [16.5, 20.99712], "uv_size": [1, 1.00061]},
								"south": {"uv": [6, 22.49803], "uv_size": [0.75, 1.00061]},
								"west": {"uv": [19, 20.99712], "uv_size": [1, 1.00061]},
								"up": {"uv": [22.5, 6.48832], "uv_size": [0.75, 1.00061]},
								"down": {"uv": [7, 23.49863], "uv_size": [0.75, -1.00061]}
							}
						},
						{
							"origin": [-1.25, 2.5, -1.5],
							"size": [2.5, 2, 3],
							"uv": {
								"north": {"uv": [6.5, 20.49681], "uv_size": [1.25, 1.00061]},
								"east": {"uv": [18.5, 1.48529], "uv_size": [1.5, 1.00061]},
								"south": {"uv": [20.5, 9.49014], "uv_size": [1.25, 1.00061]},
								"west": {"uv": [8.5, 18.9959], "uv_size": [1.5, 1.00061]},
								"up": {"uv": [16.5, 15.49378], "uv_size": [1.25, 1.50091]},
								"down": {"uv": [17, 6.48832], "uv_size": [1.25, -1.50091]}
							}
						},
						{
							"origin": [-0.75, 6.5, -1],
							"size": [1.5, 2, 2],
							"uv": {
								"north": {"uv": [22.5, 7.48893], "uv_size": [0.75, 1.00061]},
								"east": {"uv": [20, 20.99712], "uv_size": [1, 1.00061]},
								"south": {"uv": [8, 22.49803], "uv_size": [0.75, 1.00061]},
								"west": {"uv": [21, 19.99651], "uv_size": [1, 1.00061]},
								"up": {"uv": [9, 22.49803], "uv_size": [0.75, 1.00061]},
								"down": {"uv": [10, 23.49863], "uv_size": [0.75, -1.00061]}
							}
						},
						{
							"origin": [-1.25, 5.5, -1.5],
							"size": [2.5, 2, 3],
							"uv": {
								"north": {"uv": [12.5, 20.49681], "uv_size": [1.25, 1.00061]},
								"east": {"uv": [19, 9.49014], "uv_size": [1.5, 1.00061]},
								"south": {"uv": [14, 20.49681], "uv_size": [1.25, 1.00061]},
								"west": {"uv": [10, 18.9959], "uv_size": [1.5, 1.00061]},
								"up": {"uv": [17, 4.98741], "uv_size": [1.25, 1.50091]},
								"down": {"uv": [17, 6.48832], "uv_size": [1.25, -1.50091]}
							}
						},
						{
							"origin": [-1, -9.5, -1],
							"size": [2, 2, 2],
							"uv": {
								"north": {"uv": [21, 20.99712], "uv_size": [1, 1.00061]},
								"east": {"uv": [1, 21.49742], "uv_size": [1, 1.00061]},
								"south": {"uv": [2, 21.49742], "uv_size": [1, 1.00061]},
								"west": {"uv": [3, 21.49742], "uv_size": [1, 1.00061]},
								"up": {"uv": [21.5, 3.4865], "uv_size": [1, 1.00061]},
								"down": {"uv": [3, 22.49803], "uv_size": [1, -0.25015]}
							}
						},
						{
							"origin": [-1, -12.5, -1],
							"size": [2, 2, 2],
							"uv": {
								"north": {"uv": [21.5, 4.48711], "uv_size": [1, 1.00061]},
								"east": {"uv": [21.5, 5.48771], "uv_size": [1, 1.00061]},
								"south": {"uv": [6.5, 21.49742], "uv_size": [1, 1.00061]},
								"west": {"uv": [21.5, 6.48832], "uv_size": [1, 1.00061]},
								"up": {"uv": [7.5, 21.49742], "uv_size": [1, 1.00061]},
								"down": {"uv": [21.5, 8.48953], "uv_size": [1, -1.00061]}
							}
						},
						{
							"origin": [-1.25, 15.03111, -1.41825],
							"size": [2.5, 2, 2],
							"pivot": [0, 16.53111, 0.08175],
							"rotation": [45, 0, 0],
							"uv": {
								"north": {"uv": [20.5, 15.49378], "uv_size": [1.25, 1.00061]},
								"east": {"uv": [8.5, 21.49742], "uv_size": [1, 1.00061]},
								"south": {"uv": [20.5, 16.49439], "uv_size": [1.25, 1.00061]},
								"west": {"uv": [9.5, 21.49742], "uv_size": [1, 1.00061]},
								"up": {"uv": [20.5, 17.49499], "uv_size": [1.25, 1.00061]},
								"down": {"uv": [20.5, 19.49621], "uv_size": [1.25, -1.00061]}
							}
						},
						{
							"origin": [-1.25, -13.47499, -1.92435],
							"size": [2.5, 2, 2],
							"pivot": [0, -13.47499, 0.07565],
							"rotation": [-45, 0, 0],
							"uv": {
								"north": {"uv": [21, 0], "uv_size": [1.25, 0.98498]},
								"east": {"uv": [10.5, 21.49742], "uv_size": [1, 1.00061]},
								"south": {"uv": [21, 2.48589], "uv_size": [1.25, 1.00061]},
								"west": {"uv": [12.5, 21.49742], "uv_size": [1, 1.00061]},
								"up": {"uv": [21, 10.49075], "uv_size": [1.25, 1.00061]},
								"down": {"uv": [21, 13.99287], "uv_size": [1.25, -1.00061]}
							}
						},
						{
							"origin": [-0.75, -11.5, -0.75],
							"size": [1.5, 5, 1.5],
							"uv": {
								"north": {"uv": [15, 16.99469], "uv_size": [0.75, 2.50152]},
								"east": {"uv": [16, 16.99469], "uv_size": [0.75, 2.50152]},
								"south": {"uv": [17, 16.99469], "uv_size": [0.75, 2.50152]},
								"west": {"uv": [17.5, 0], "uv_size": [0.75, 2.48589]},
								"up": {"uv": [18.5, 22.99833], "uv_size": [0.75, 0.75046]},
								"down": {"uv": [19.5, 23.74879], "uv_size": [0.75, -0.75046]}
							}
						},
						{
							"origin": [-0.75, -5.5, -0.75],
							"size": [1.5, 5, 1.5],
							"uv": {
								"north": {"uv": [3, 17.49499], "uv_size": [0.75, 2.50152]},
								"east": {"uv": [4, 17.49499], "uv_size": [0.75, 2.50152]},
								"south": {"uv": [5, 17.49499], "uv_size": [0.75, 2.50152]},
								"west": {"uv": [6, 17.49499], "uv_size": [0.75, 2.50152]},
								"up": {"uv": [23, 19.99651], "uv_size": [0.75, 0.75046]},
								"down": {"uv": [20.5, 23.74879], "uv_size": [0.75, -0.75046]}
							}
						},
						{
							"origin": [-1, -6.5, -1],
							"size": [2, 2, 2],
							"uv": {
								"north": {"uv": [13.5, 21.49742], "uv_size": [1, 1.00061]},
								"east": {"uv": [14.5, 21.49742], "uv_size": [1, 1.00061]},
								"south": {"uv": [22, 8.48953], "uv_size": [1, 1.00061]},
								"west": {"uv": [22, 9.49014], "uv_size": [1, 1.00061]},
								"up": {"uv": [11.5, 21.99772], "uv_size": [1, 1.00061]},
								"down": {"uv": [22, 10.49075], "uv_size": [1, -0.25015]}
							}
						},
						{
							"origin": [-1, -3.5, -1],
							"size": [2, 2, 2],
							"uv": {
								"north": {"uv": [22, 13.99287], "uv_size": [1, 1.00061]},
								"east": {"uv": [22, 14.99348], "uv_size": [1, 1.00061]},
								"south": {"uv": [15.5, 21.99772], "uv_size": [1, 1.00061]},
								"west": {"uv": [22, 15.99408], "uv_size": [1, 1.00061]},
								"up": {"uv": [16.5, 21.99772], "uv_size": [1, 1.00061]},
								"down": {"uv": [22, 16.99469], "uv_size": [1, -0.25015]}
							}
						},
						{
							"origin": [-1, -0.5, -1.25],
							"size": [2, 2, 2.5],
							"uv": {
								"north": {"uv": [17.5, 21.99772], "uv_size": [1, 1.00061]},
								"east": {"uv": [22, 17.9953], "uv_size": [1, 1.00061]},
								"south": {"uv": [18.5, 21.99772], "uv_size": [1, 1.00061]},
								"west": {"uv": [19.5, 21.99772], "uv_size": [1, 1.00061]},
								"up": {"uv": [22, 19.99651], "uv_size": [1, 1.00061]},
								"down": {"uv": [19.5, 22.99833], "uv_size": [1, -0.18761]}
							}
						},
						{
							"origin": [-1.1, 13.5, -2.5],
							"size": [2, 1, 5],
							"uv": {
								"north": {"uv": [16, 3.4865], "uv_size": [1, 0.5003]},
								"east": {"uv": [20.5, 19.49621], "uv_size": [2.5, 0.5003]},
								"south": {"uv": [18.5, 13.49257], "uv_size": [1, 0.5003]},
								"west": {"uv": [21, 0.98498], "uv_size": [2.5, 0.5003]},
								"up": {"uv": [15, 9.99044], "uv_size": [1, 2.50152]},
								"down": {"uv": [15, 14.99348], "uv_size": [1, -2.50152]}
							}
						},
						{
							"origin": [-1.6, 13.5, -1.5],
							"size": [3, 2, 3],
							"uv": {
								"north": {"uv": [19.5, 2.48589], "uv_size": [1.5, 1.00061]},
								"east": {"uv": [19.5, 10.49075], "uv_size": [1.5, 1.00061]},
								"south": {"uv": [13, 19.49621], "uv_size": [1.5, 1.00061]},
								"west": {"uv": [19.5, 13.49257], "uv_size": [1.5, 1.00061]},
								"up": {"uv": [4.5, 15.99408], "uv_size": [1.5, 1.50091]},
								"down": {"uv": [6, 17.49499], "uv_size": [1.5, -1.50091]}
							}
						},
						{
							"origin": [2, 11, -0.25],
							"size": [0.5, 1.5, 0.5],
							"uv": {
								"north": {"uv": [20.5, 23.99894], "uv_size": [0.25, 0.75046]},
								"east": {"uv": [21, 23.99894], "uv_size": [0.25, 0.75046]},
								"south": {"uv": [24, 20.99712], "uv_size": [0.25, 0.75046]},
								"west": {"uv": [21.5, 23.99894], "uv_size": [0.25, 0.75046]},
								"up": {"uv": [11, 24.99954], "uv_size": [0.25, 0.25015]},
								"down": {"uv": [25, 11.2412], "uv_size": [0.25, -0.25015]}
							}
						},
						{
							"origin": [2, 10.5, -0.75],
							"size": [0.5, 0.5, 1.5],
							"uv": {
								"north": {"uv": [11.5, 24.99954], "uv_size": [0.25, 0.25015]},
								"east": {"uv": [24, 12.49196], "uv_size": [0.75, 0.25015]},
								"south": {"uv": [25, 11.49135], "uv_size": [0.25, 0.25015]},
								"west": {"uv": [22, 23.99894], "uv_size": [0.75, 0.25015]},
								"up": {"uv": [24, 21.99772], "uv_size": [0.25, 0.75046]},
								"down": {"uv": [23, 24.74939], "uv_size": [0.25, -0.75046]}
							}
						},
						{
							"origin": [2, 9.5, -2.75],
							"size": [0.5, 1, 5.5],
							"uv": {
								"north": {"uv": [24.5, 20.49681], "uv_size": [0.25, 0.5003]},
								"east": {"uv": [19.5, 11.49135], "uv_size": [2.75, 0.5003]},
								"south": {"uv": [24.5, 20.99712], "uv_size": [0.25, 0.5003]},
								"west": {"uv": [20, 1.48529], "uv_size": [2.75, 0.5003]},
								"up": {"uv": [12, 22.99833], "uv_size": [0.25, 2.75167]},
								"down": {"uv": [23, 19.74636], "uv_size": [0.25, -2.75167]}
							}
						},
						{
							"origin": [2, 10.5, 2.25],
							"size": [0.5, 1.5, 0.5],
							"uv": {
								"north": {"uv": [24, 22.99833], "uv_size": [0.25, 0.75046]},
								"east": {"uv": [23.5, 23.99894], "uv_size": [0.25, 0.75046]},
								"south": {"uv": [24, 23.99894], "uv_size": [0.25, 0.75046]},
								"west": {"uv": [0, 24.49924], "uv_size": [0.25, 0.75046]},
								"up": {"uv": [25, 11.99166], "uv_size": [0.25, 0.25015]},
								"down": {"uv": [12.5, 25.2497], "uv_size": [0.25, -0.25015]}
							}
						},
						{
							"origin": [2, 10.5, -2.75],
							"size": [0.5, 1.5, 0.5],
							"uv": {
								"north": {"uv": [24.5, 0], "uv_size": [0.25, 0.73483]},
								"east": {"uv": [0.5, 24.49924], "uv_size": [0.25, 0.75046]},
								"south": {"uv": [1, 24.49924], "uv_size": [0.25, 0.75046]},
								"west": {"uv": [24.5, 0.98498], "uv_size": [0.25, 0.75046]},
								"up": {"uv": [25, 12.49196], "uv_size": [0.25, 0.25015]},
								"down": {"uv": [13, 25.2497], "uv_size": [0.25, -0.25015]}
							}
						},
						{
							"origin": [-2, 9.5, -2.75],
							"size": [4, 4, 5.5],
							"uv": {
								"north": {"uv": [13, 9.99044], "uv_size": [2, 2.00121]},
								"east": {"uv": [13, 0], "uv_size": [2.75, 1.98559]},
								"south": {"uv": [13, 11.99166], "uv_size": [2, 2.00121]},
								"west": {"uv": [13, 1.98559], "uv_size": [2.75, 2.00121]},
								"up": {"uv": [13, 3.9868], "uv_size": [2, 2.75167]},
								"down": {"uv": [13, 6.73847], "uv_size": [2, -2.75167]}
							}
						},
						{
							"origin": [-2.5, 10.5, 2.25],
							"size": [0.5, 1.5, 0.5],
							"uv": {
								"north": {"uv": [1.5, 24.49924], "uv_size": [0.25, 0.75046]},
								"east": {"uv": [2, 24.49924], "uv_size": [0.25, 0.75046]},
								"south": {"uv": [24.5, 1.98559], "uv_size": [0.25, 0.75046]},
								"west": {"uv": [2.5, 24.49924], "uv_size": [0.25, 0.75046]},
								"up": {"uv": [25, 12.99226], "uv_size": [0.25, 0.25015]},
								"down": {"uv": [13.5, 25.2497], "uv_size": [0.25, -0.25015]}
							}
						},
						{
							"origin": [-2.5, 9.5, -2.75],
							"size": [0.5, 1, 5.5],
							"uv": {
								"north": {"uv": [24.5, 21.49742], "uv_size": [0.25, 0.5003]},
								"east": {"uv": [20, 1.98559], "uv_size": [2.75, 0.5003]},
								"south": {"uv": [22, 24.49924], "uv_size": [0.25, 0.5003]},
								"west": {"uv": [3.5, 19.99651], "uv_size": [2.75, 0.5003]},
								"up": {"uv": [17.5, 22.99833], "uv_size": [0.25, 2.75167]},
								"down": {"uv": [17.5, 25.75], "uv_size": [0.25, -2.75167]}
							}
						},
						{
							"origin": [-2.5, 11, -0.25],
							"size": [0.5, 1.5, 0.5],
							"uv": {
								"north": {"uv": [3, 24.49924], "uv_size": [0.25, 0.75046]},
								"east": {"uv": [24.5, 2.9862], "uv_size": [0.25, 0.75046]},
								"south": {"uv": [3.5, 24.49924], "uv_size": [0.25, 0.75046]},
								"west": {"uv": [4, 24.49924], "uv_size": [0.25, 0.75046]},
								"up": {"uv": [25, 13.49257], "uv_size": [0.25, 0.25015]},
								"down": {"uv": [14, 25.2497], "uv_size": [0.25, -0.25015]}
							}
						},
						{
							"origin": [-2.5, 10.5, -2.75],
							"size": [0.5, 1.5, 0.5],
							"uv": {
								"north": {"uv": [24.5, 3.9868], "uv_size": [0.25, 0.75046]},
								"east": {"uv": [4.5, 24.49924], "uv_size": [0.25, 0.75046]},
								"south": {"uv": [5, 24.49924], "uv_size": [0.25, 0.75046]},
								"west": {"uv": [5.5, 24.49924], "uv_size": [0.25, 0.75046]},
								"up": {"uv": [25, 13.99287], "uv_size": [0.25, 0.25015]},
								"down": {"uv": [14.5, 25.2497], "uv_size": [0.25, -0.25015]}
							}
						},
						{
							"origin": [-2.5, 10.5, -0.75],
							"size": [0.5, 0.5, 1.5],
							"uv": {
								"north": {"uv": [25, 14.49317], "uv_size": [0.25, 0.25015]},
								"east": {"uv": [24.5, 4.98741], "uv_size": [0.75, 0.25015]},
								"south": {"uv": [15, 24.99954], "uv_size": [0.25, 0.25015]},
								"west": {"uv": [6, 24.49924], "uv_size": [0.75, 0.25015]},
								"up": {"uv": [7, 24.49924], "uv_size": [0.25, 0.75046]},
								"down": {"uv": [7.5, 25.2497], "uv_size": [0.25, -0.75046]}
							}
						},
						{
							"origin": [-1.35, 8.5, -1.5],
							"size": [2.7, 2, 3],
							"uv": {
								"north": {"uv": [20, 3.4865], "uv_size": [1.375, 1.00061]},
								"east": {"uv": [14.5, 19.49621], "uv_size": [1.5, 1.00061]},
								"south": {"uv": [20, 4.48711], "uv_size": [1.375, 1.00061]},
								"west": {"uv": [19.5, 14.49317], "uv_size": [1.5, 1.00061]},
								"up": {"uv": [13.5, 15.99408], "uv_size": [1.375, 1.50091]},
								"down": {"uv": [13.5, 17.49499], "uv_size": [1.375, -1.50091]}
							}
						},
						{
							"origin": [-1.25, 10.13267, -4.36098],
							"size": [2.5, 3.5, 4],
							"uv": {
								"north": {"uv": [16, 9.99044], "uv_size": [1.25, 1.75106]},
								"east": {"uv": [13, 13.99287], "uv_size": [2, 1.75106]},
								"south": {"uv": [10.5, 15.99408], "uv_size": [1.25, 1.75106]},
								"west": {"uv": [15, 3.9868], "uv_size": [2, 1.75106]},
								"up": {"uv": [15, 14.99348], "uv_size": [1.25, 2.00121]},
								"down": {"uv": [1.5, 17.9953], "uv_size": [1.25, -2.00121]}
							}
						},
						{
							"origin": [-0.65, 14.69079, -9.32914],
							"size": [1.3, 1.5, 1],
							"uv": {
								"north": {"uv": [3, 23.49863], "uv_size": [0.625, 0.75046]},
								"east": {"uv": [23.5, 7.48893], "uv_size": [0.5, 0.75046]},
								"south": {"uv": [23.5, 3.4865], "uv_size": [0.625, 0.75046]},
								"west": {"uv": [8, 23.49863], "uv_size": [0.5, 0.75046]},
								"up": {"uv": [24, 5.48771], "uv_size": [0.625, 0.5003]},
								"down": {"uv": [24, 6.48832], "uv_size": [0.625, -0.5003]}
							}
						},
						{
							"origin": [-0.5, 10.5348, -5.96467],
							"size": [1, 1.5, 2],
							"uv": {
								"north": {"uv": [8.5, 23.49863], "uv_size": [0.5, 0.75046]},
								"east": {"uv": [14.5, 22.49803], "uv_size": [1, 0.75046]},
								"south": {"uv": [9, 23.49863], "uv_size": [0.5, 0.75046]},
								"west": {"uv": [22.5, 21.99772], "uv_size": [1, 0.75046]},
								"up": {"uv": [1.5, 18.9959], "uv_size": [0.5, 1.00061]},
								"down": {"uv": [11.5, 19.99651], "uv_size": [0.5, -1.00061]}
							}
						},
						{
							"origin": [-0.4, 11.99901, 1.19961],
							"size": [0.8, 1, 1.5],
							"uv": {
								"north": {"uv": [15.5, 20.49681], "uv_size": [0.375, 0.5003]},
								"east": {"uv": [20, 12.99226], "uv_size": [0.75, 0.5003]},
								"south": {"uv": [11, 22.49803], "uv_size": [0.375, 0.5003]},
								"west": {"uv": [21, 14.99348], "uv_size": [0.75, 0.5003]},
								"up": {"uv": [11, 23.99894], "uv_size": [0.375, 0.75046]},
								"down": {"uv": [11.5, 24.74939], "uv_size": [0.375, -0.75046]}
							}
						},
						{
							"origin": [-1.25, 10.13267, 0.36098],
							"size": [2.5, 3.5, 4],
							"uv": {
								"north": {"uv": [12, 15.99408], "uv_size": [1.25, 1.75106]},
								"east": {"uv": [15, 5.98802], "uv_size": [2, 1.75106]},
								"south": {"uv": [16, 11.99166], "uv_size": [1.25, 1.75106]},
								"west": {"uv": [15, 7.98923], "uv_size": [2, 1.75106]},
								"up": {"uv": [18.5, 0], "uv_size": [1.125, 1.98559]},
								"down": {"uv": [1.5, 17.9953], "uv_size": [1.25, -2.00121]}
							}
						},
						{
							"origin": [-1.05, 12.47864, -6.32215],
							"size": [2.1, 3, 2.5],
							"uv": {
								"north": {"uv": [7.9375, 18.9959], "uv_size": [-0.9375, 1.50091]},
								"east": {"uv": [9.75, 17.49499], "uv_size": [-1.25, 1.50091]},
								"south": {"uv": [1.0625, 18.9959], "uv_size": [-1.0625, 1.50091]},
								"west": {"uv": [8.5, 17.49499], "uv_size": [1.25, 1.50091]},
								"up": {"uv": [8.5, 21.24727], "uv_size": [1.0625, -1.25076]},
								"down": {"uv": [10, 19.99651], "uv_size": [1, 1.25076]}
							}
						},
						{
							"origin": [-1.15, 10.94205, 2.96245],
							"size": [2.3, 3, 3],
							"uv": {
								"north": {"uv": [19.125, 18.24545], "uv_size": [-1.125, -1.25076]},
								"east": {"uv": [17.5, 1.98559], "uv_size": [-1.5, 1.50091]},
								"south": {"uv": [19.125, 13.99287], "uv_size": [-1.125, 1.50091]},
								"west": {"uv": [17.5, 1.98559], "uv_size": [-1.5, 1.50091]},
								"up": {"uv": [19.125, 16.99469], "uv_size": [-1.125, 1.50091]},
								"down": {"uv": [18.5, 0], "uv_size": [1.125, 1.48529]}
							}
						},
						{
							"origin": [-1.05, 12.47864, 3.82215],
							"size": [2.1, 3, 2.5],
							"uv": {
								"north": {"uv": [0, 18.9959], "uv_size": [1.0625, 1.50091]},
								"east": {"uv": [8.5, 17.49499], "uv_size": [1.25, 1.50091]},
								"south": {"uv": [7, 18.9959], "uv_size": [0.9375, 1.50091]},
								"west": {"uv": [9.75, 17.49499], "uv_size": [-1.25, 1.50091]},
								"up": {"uv": [8.5, 19.99651], "uv_size": [1.0625, 1.25076]},
								"down": {"uv": [10, 21.24727], "uv_size": [1, -1.25076]}
							}
						},
						{
							"origin": [-1.15, 10.94205, -5.96245],
							"size": [2.3, 3, 3],
							"uv": {
								"north": {"uv": [18, 13.99287], "uv_size": [1.125, 1.50091]},
								"east": {"uv": [16, 1.98559], "uv_size": [1.5, 1.50091]},
								"south": {"uv": [18, 18.24545], "uv_size": [1.125, -1.25076]},
								"west": {"uv": [16, 1.98559], "uv_size": [1.5, 1.50091]},
								"up": {"uv": [19.125, 18.4956], "uv_size": [-1.125, -1.50091]},
								"down": {"uv": [18.5, 1.48529], "uv_size": [1.125, -1.48529]}
							}
						},
						{
							"origin": [-0.95, 14.16551, -6.72768],
							"size": [1.9, 3, 2],
							"uv": {
								"north": {"uv": [1.5, 19.99651], "uv_size": [0.9375, 1.50091]},
								"east": {"uv": [17, 19.49621], "uv_size": [1, 1.50091]},
								"south": {"uv": [2.5, 19.99651], "uv_size": [0.9375, 1.50091]},
								"west": {"uv": [18, 19.49621], "uv_size": [-1, 1.50091]},
								"up": {"uv": [22.5, 2.48589], "uv_size": [0.9375, 1.00061]},
								"down": {"uv": [3, 23.49863], "uv_size": [0.9375, -1.00061]}
							}
						},
						{
							"origin": [-0.95, 14.16551, 4.72768],
							"size": [1.9, 3, 2],
							"uv": {
								"north": {"uv": [3.4375, 19.99651], "uv_size": [-0.9375, 1.50091]},
								"east": {"uv": [18, 19.49621], "uv_size": [-1, 1.50091]},
								"south": {"uv": [2.4375, 19.99651], "uv_size": [-0.9375, 1.50091]},
								"west": {"uv": [17, 19.49621], "uv_size": [1, 1.50091]},
								"up": {"uv": [22.5, 3.4865], "uv_size": [0.9375, -1.00061]},
								"down": {"uv": [3, 22.49803], "uv_size": [0.9375, 1.00061]}
							}
						},
						{
							"origin": [-0.75, 15.79079, 6.02914],
							"size": [1.5, 1.5, 3.5],
							"uv": {
								"north": {"uv": [22.5, 22.99833], "uv_size": [0.75, 0.75046]},
								"east": {"uv": [19, 19.99651], "uv_size": [1.75, 0.75046]},
								"south": {"uv": [0, 23.49863], "uv_size": [0.75, 0.75046]},
								"west": {"uv": [3.5, 20.49681], "uv_size": [1.75, 0.75046]},
								"up": {"uv": [0, 20.49681], "uv_size": [0.75, 1.75106]},
								"down": {"uv": [0, 22.24788], "uv_size": [0.75, -1.75106]}
							}
						},
						{
							"origin": [-0.75, 15.79079, -9.52914],
							"size": [1.5, 1.5, 3.5],
							"uv": {
								"north": {"uv": [0.75, 23.49863], "uv_size": [-0.75, 0.75046]},
								"east": {"uv": [20.75, 19.99651], "uv_size": [-1.75, 0.75046]},
								"south": {"uv": [23.25, 22.99833], "uv_size": [-0.75, 0.75046]},
								"west": {"uv": [5.25, 20.49681], "uv_size": [-1.75, 0.75046]},
								"up": {"uv": [0, 22.24788], "uv_size": [0.75, -1.75106]},
								"down": {"uv": [0, 20.49681], "uv_size": [0.75, 1.75106]}
							}
						},
						{
							"origin": [-0.65, 14.69079, 8.32914],
							"size": [1.3, 1.5, 1],
							"uv": {
								"north": {"uv": [4, 23.49863], "uv_size": [0.625, 0.75046]},
								"east": {"uv": [9.5, 23.49863], "uv_size": [0.5, 0.75046]},
								"south": {"uv": [23.5, 4.48711], "uv_size": [0.625, 0.75046]},
								"west": {"uv": [10, 23.49863], "uv_size": [0.5, 0.75046]},
								"up": {"uv": [24, 6.48832], "uv_size": [0.625, 0.5003]},
								"down": {"uv": [24, 7.48893], "uv_size": [0.625, -0.5003]}
							}
						},
						{
							"origin": [-0.5, 10.5348, 3.96467],
							"size": [1, 1.5, 2],
							"uv": {
								"north": {"uv": [10.5, 23.49863], "uv_size": [0.5, 0.75046]},
								"east": {"uv": [23, 1.48529], "uv_size": [1, 0.75046]},
								"south": {"uv": [23.5, 10.49075], "uv_size": [0.5, 0.75046]},
								"west": {"uv": [23, 8.48953], "uv_size": [1, 0.75046]},
								"up": {"uv": [1, 20.49681], "uv_size": [0.5, 1.00061]},
								"down": {"uv": [1, 21.49742], "uv_size": [0.5, -1.00061]}
							}
						},
						{
							"origin": [-0.4, 11.99901, -2.69961],
							"size": [0.8, 1, 1.5],
							"uv": {
								"north": {"uv": [8, 24.49924], "uv_size": [0.375, 0.5003]},
								"east": {"uv": [22, 18.9959], "uv_size": [0.75, 0.5003]},
								"south": {"uv": [24.5, 7.98923], "uv_size": [0.375, 0.5003]},
								"west": {"uv": [23, 12.49196], "uv_size": [0.75, 0.5003]},
								"up": {"uv": [24, 11.49135], "uv_size": [0.375, 0.75046]},
								"down": {"uv": [24, 14.74333], "uv_size": [0.375, -0.75046]}
							}
						},
						{
							"origin": [-0.3, 9.2348, -6.56467],
							"size": [0.6, 1, 0.5],
							"uv": {
								"north": {"uv": [24.8125, 13.99287], "uv_size": [-0.3125, 0.5003]},
								"east": {"uv": [25.25, 0], "uv_size": [-0.25, 0.48468]},
								"south": {"uv": [14.3125, 24.49924], "uv_size": [-0.3125, 0.5003]},
								"west": {"uv": [25.25, 0], "uv_size": [-0.25, 0.48468]},
								"up": {"uv": [8.5, 25.2497], "uv_size": [0.3125, -0.25015]},
								"down": {"uv": [25.0625, 8.48953], "uv_size": [0.25, 0.25015]}
							}
						},
						{
							"origin": [-0.3, 9.2348, 6.06467],
							"size": [0.6, 1, 0.5],
							"uv": {
								"north": {"uv": [14, 24.49924], "uv_size": [0.3125, 0.5003]},
								"east": {"uv": [25, 0], "uv_size": [0.25, 0.48468]},
								"south": {"uv": [24.5, 13.99287], "uv_size": [0.3125, 0.5003]},
								"west": {"uv": [25, 0], "uv_size": [0.25, 0.48468]},
								"up": {"uv": [8.5, 24.99954], "uv_size": [0.3125, 0.25015]},
								"down": {"uv": [25.0625, 8.73968], "uv_size": [0.25, -0.25015]}
							}
						},
						{
							"origin": [-0.5, -12.4652, -0.03533],
							"size": [1, 1.5, 2],
							"uv": {
								"north": {"uv": [12.5, 23.49863], "uv_size": [0.5, 0.75046]},
								"east": {"uv": [23, 9.49014], "uv_size": [1, 0.75046]},
								"south": {"uv": [13, 23.49863], "uv_size": [0.5, 0.75046]},
								"west": {"uv": [11, 22.99833], "uv_size": [1, 0.75046]},
								"up": {"uv": [17.5, 20.99712], "uv_size": [0.5, 1.00061]},
								"down": {"uv": [5, 22.49803], "uv_size": [0.5, -1.00061]}
							}
						},
						{
							"origin": [-0.3, -13.7652, -2.56467],
							"size": [0.6, 1, 0.5],
							"uv": {
								"north": {"uv": [24.8125, 14.99348], "uv_size": [-0.3125, 0.5003]},
								"east": {"uv": [25.25, 0], "uv_size": [-0.25, 0.48468]},
								"south": {"uv": [24.8125, 14.49317], "uv_size": [-0.3125, 0.5003]},
								"west": {"uv": [25.25, 0.98498], "uv_size": [-0.25, 0.5003]},
								"up": {"uv": [9, 25.2497], "uv_size": [0.3125, -0.25015]},
								"down": {"uv": [25.0625, 8.98984], "uv_size": [0.25, 0.25015]}
							}
						},
						{
							"origin": [-0.4, -13.34287, -2.98542],
							"size": [0.8, 1.5, 1],
							"pivot": [0, -13.09287, -1.98542],
							"rotation": [-45, 0, 0],
							"uv": {
								"north": {"uv": [14.875, 23.99894], "uv_size": [-0.375, 0.75046]},
								"east": {"uv": [24.25, 0.98498], "uv_size": [-0.75, 0.5003]},
								"south": {"uv": [14.875, 24.74939], "uv_size": [-0.375, -0.75046]},
								"west": {"uv": [24.25, 12.99226], "uv_size": [-0.75, 0.5003]},
								"up": {"uv": [8.5, 24.99954], "uv_size": [0.375, -0.5003]},
								"down": {"uv": [24.5, 8.98984], "uv_size": [0.375, -0.5003]}
							}
						},
						{
							"origin": [-0.4, -13.34287, 1.98542],
							"size": [0.8, 1.5, 1],
							"pivot": [0, -13.09287, 1.98542],
							"rotation": [45, 0, 0],
							"uv": {
								"north": {"uv": [14.5, 24.74939], "uv_size": [0.375, -0.75046]},
								"east": {"uv": [24.25, 1.48529], "uv_size": [-0.75, -0.5003]},
								"south": {"uv": [14.5, 23.99894], "uv_size": [0.375, 0.75046]},
								"west": {"uv": [24.25, 13.49257], "uv_size": [-0.75, -0.5003]},
								"up": {"uv": [8.5, 24.49924], "uv_size": [0.375, 0.5003]},
								"down": {"uv": [24.5, 8.48953], "uv_size": [0.375, 0.5003]}
							}
						},
						{
							"origin": [-0.3, -13.7652, 2.06467],
							"size": [0.6, 1, 0.5],
							"uv": {
								"north": {"uv": [24.5, 14.49317], "uv_size": [0.3125, 0.5003]},
								"east": {"uv": [25, 0], "uv_size": [0.25, 0.48468]},
								"south": {"uv": [24.5, 14.99348], "uv_size": [0.3125, 0.5003]},
								"west": {"uv": [25, 0.98498], "uv_size": [0.25, 0.5003]},
								"up": {"uv": [9, 24.99954], "uv_size": [0.3125, 0.25015]},
								"down": {"uv": [25.0625, 9.23999], "uv_size": [0.25, -0.25015]}
							}
						},
						{
							"origin": [-0.5, -12.4652, -1.96467],
							"size": [1, 1.5, 2],
							"uv": {
								"north": {"uv": [13.5, 23.49863], "uv_size": [0.5, 0.75046]},
								"east": {"uv": [23, 11.49135], "uv_size": [1, 0.75046]},
								"south": {"uv": [14, 23.49863], "uv_size": [0.5, 0.75046]},
								"west": {"uv": [23, 13.99287], "uv_size": [1, 0.75046]},
								"up": {"uv": [24, 0], "uv_size": [0.5, 0.73483]},
								"down": {"uv": [1, 24.49924], "uv_size": [0.5, -1.00061]}
							}
						},
						{
							"origin": [-0.4, 13.25473, 7.37797],
							"size": [0.8, 1.5, 1],
							"pivot": [0, 1.94936, 0],
							"rotation": [22.5, 0, 0],
							"uv": {
								"north": {"uv": [23.75, 16.74454], "uv_size": [-0.25, -0.75046]},
								"east": {"uv": [24, 18.9959], "uv_size": [-0.5, 0.75046]},
								"south": {"uv": [15.875, 23.99894], "uv_size": [-0.375, 0.75046]},
								"west": {"uv": [24, 18.9959], "uv_size": [-0.5, 0.75046]},
								"up": {"uv": [9.5, 24.99954], "uv_size": [0.375, -0.5003]},
								"down": {"uv": [24.5, 9.49014], "uv_size": [0.375, 0.5003]}
							}
						},
						{
							"origin": [-0.5, 14.79723, -2.83739],
							"size": [1, 1.5, 2],
							"pivot": [0, 1.94936, 0],
							"rotation": [-22.5, 0, 0],
							"uv": {
								"north": {"uv": [24, 1.48529], "uv_size": [0.5, 0.75046]},
								"east": {"uv": [23, 15.99408], "uv_size": [1, 0.75046]},
								"south": {"uv": [24, 2.48589], "uv_size": [0.5, 0.75046]},
								"west": {"uv": [16.5, 22.99833], "uv_size": [1, 0.75046]},
								"up": {"uv": [2.5, 23.49863], "uv_size": [0.5, 1.00061]},
								"down": {"uv": [23.5, 3.4865], "uv_size": [0.5, -1.00061]}
							}
						},
						{
							"origin": [-0.3, 16.59723, -3.43739],
							"size": [0.6, 1, 0.5],
							"pivot": [0, 1.94936, 0],
							"rotation": [-22.5, 0, 0],
							"uv": {
								"north": {"uv": [25.25, 2.48589], "uv_size": [-0.25, 0.5003]},
								"east": {"uv": [25.25, 2.48589], "uv_size": [-0.25, 0.5003]},
								"south": {"uv": [25.25, 2.48589], "uv_size": [-0.25, 0.5003]},
								"west": {"uv": [25.25, 2.48589], "uv_size": [-0.25, 0.5003]},
								"up": {"uv": [10.0625, 25.2497], "uv_size": [0.25, -0.25015]},
								"down": {"uv": [25, 9.99044], "uv_size": [0.25, 0.25015]}
							}
						},
						{
							"origin": [-0.3, 16.59723, 2.93739],
							"size": [0.6, 1, 0.5],
							"pivot": [0, 1.94936, 0],
							"rotation": [22.5, 0, 0],
							"uv": {
								"north": {"uv": [25, 2.48589], "uv_size": [0.25, 0.5003]},
								"east": {"uv": [25, 2.48589], "uv_size": [0.25, 0.5003]},
								"south": {"uv": [25, 2.48589], "uv_size": [0.25, 0.5003]},
								"west": {"uv": [25, 2.48589], "uv_size": [0.25, 0.5003]},
								"up": {"uv": [10.0625, 24.99954], "uv_size": [0.25, 0.25015]},
								"down": {"uv": [25, 10.24059], "uv_size": [0.25, -0.25015]}
							}
						},
						{
							"origin": [-0.4, 13.25473, -8.37797],
							"size": [0.8, 1.5, 1],
							"pivot": [0, 1.94936, 0],
							"rotation": [-22.5, 0, 0],
							"uv": {
								"north": {"uv": [15.5, 23.99894], "uv_size": [0.375, 0.75046]},
								"east": {"uv": [23.5, 18.9959], "uv_size": [0.5, 0.75046]},
								"south": {"uv": [23.5, 16.74454], "uv_size": [0.25, -0.75046]},
								"west": {"uv": [23.5, 18.9959], "uv_size": [0.5, 0.75046]},
								"up": {"uv": [9.5, 24.49924], "uv_size": [0.375, 0.5003]},
								"down": {"uv": [24.5, 9.99044], "uv_size": [0.375, -0.5003]}
							}
						},
						{
							"origin": [-0.5, 14.79723, 0.83739],
							"size": [1, 1.5, 2],
							"pivot": [0, 1.94936, 0],
							"rotation": [22.5, 0, 0],
							"uv": {
								"north": {"uv": [23.5, 16.99469], "uv_size": [0.5, 0.75046]},
								"east": {"uv": [23, 14.99348], "uv_size": [1, 0.75046]},
								"south": {"uv": [23.5, 17.9953], "uv_size": [0.5, 0.75046]},
								"west": {"uv": [15.5, 22.99833], "uv_size": [1, 0.75046]},
								"up": {"uv": [2, 24.49924], "uv_size": [0.5, -1.00061]},
								"down": {"uv": [2, 24.49924], "uv_size": [0.5, -1.00061]}
							}
						},
						{
							"origin": [-0.4, 13.25473, -8.37797],
							"size": [0.8, 1.5, 1],
							"uv": {
								"north": {"uv": [15.5, 23.99894], "uv_size": [0.375, 0.75046]},
								"east": {"uv": [23.5, 18.9959], "uv_size": [0.5, 0.75046]},
								"south": {"uv": [23.5, 16.74454], "uv_size": [0.25, -0.75046]},
								"west": {"uv": [23.5, 18.9959], "uv_size": [0.5, 0.75046]},
								"up": {"uv": [9.5, 24.49924], "uv_size": [0.375, 0.5003]},
								"down": {"uv": [24.5, 9.99044], "uv_size": [0.375, -0.5003]}
							}
						},
						{
							"origin": [-0.4, 13.25473, 7.37797],
							"size": [0.8, 1.5, 1],
							"uv": {
								"north": {"uv": [23.75, 16.74454], "uv_size": [-0.25, -0.75046]},
								"east": {"uv": [24, 18.9959], "uv_size": [-0.5, 0.75046]},
								"south": {"uv": [15.875, 23.99894], "uv_size": [-0.375, 0.75046]},
								"west": {"uv": [24, 18.9959], "uv_size": [-0.5, 0.75046]},
								"up": {"uv": [9.5, 24.99954], "uv_size": [0.375, -0.5003]},
								"down": {"uv": [24.5, 9.49014], "uv_size": [0.375, 0.5003]}
							}
						},
						{
							"origin": [0, 0.5, 0.5],
							"size": [0, 16, 13],
							"uv": {
								"east": {"uv": [0, 7.98923], "uv_size": [6.5, 8.00485]},
								"west": {"uv": [6.5, 7.98923], "uv_size": [6.5, 8.00485]}
							}
						},
						{
							"origin": [-0.3, 7.75085, 1.3554],
							"size": [0.6, 1, 0.5],
							"pivot": [0, 1.94936, 0],
							"rotation": [45, 0, 0],
							"uv": {
								"north": {"uv": [12.8125, 24.49924], "uv_size": [-0.3125, 0.5003]},
								"east": {"uv": [24.75, 18.4956], "uv_size": [-0.25, 0.5003]},
								"south": {"uv": [24.8125, 11.99166], "uv_size": [-0.3125, 0.5003]},
								"west": {"uv": [24.75, 18.9959], "uv_size": [-0.25, 0.5003]},
								"up": {"uv": [6.5, 25.2497], "uv_size": [0.3125, -0.25015]},
								"down": {"uv": [25, 6.48832], "uv_size": [0.3125, 0.25015]}
							}
						},
						{
							"origin": [-0.4, 7.7, -4.4],
							"size": [0.8, 1.5, 1],
							"uv": {
								"north": {"uv": [24, 7.48893], "uv_size": [0.375, 0.75046]},
								"east": {"uv": [7, 23.49863], "uv_size": [0.5, 0.75046]},
								"south": {"uv": [24, 8.48953], "uv_size": [0.375, 0.75046]},
								"west": {"uv": [7, 23.49863], "uv_size": [0.5, 0.75046]},
								"up": {"uv": [19, 10.49075], "uv_size": [0.375, 0.5003]},
								"down": {"uv": [13, 19.49621], "uv_size": [0.375, -0.5003]}
							}
						},
						{
							"origin": [-0.5, 9.05085, 1.9554],
							"size": [1, 1.5, 2],
							"pivot": [0, 1.94936, 0],
							"rotation": [45, 0, 0],
							"uv": {
								"north": {"uv": [6.5, 23.49863], "uv_size": [0.5, 0.75046]},
								"east": {"uv": [22.5, 12.99226], "uv_size": [1, 0.75046]},
								"south": {"uv": [23.5, 6.48832], "uv_size": [0.5, 0.75046]},
								"west": {"uv": [13.5, 22.49803], "uv_size": [1, 0.75046]},
								"up": {"uv": [13, 17.9953], "uv_size": [0.5, 1.00061]},
								"down": {"uv": [14.5, 19.49621], "uv_size": [0.5, -1.00061]}
							}
						},
						{
							"origin": [-1, 9, -3.3],
							"size": [2, 2, 3.5],
							"uv": {
								"north": {"uv": [0, 22.49803], "uv_size": [1, 1.00061]},
								"east": {"uv": [0, 17.9953], "uv_size": [1.75, 1.00061]},
								"south": {"uv": [22.5, 0], "uv_size": [1, 0.98498]},
								"west": {"uv": [10, 17.9953], "uv_size": [1.75, 1.00061]},
								"up": {"uv": [2, 17.9953], "uv_size": [1, 1.75106]},
								"down": {"uv": [12, 19.74636], "uv_size": [1, -1.75106]}
							}
						},
						{
							"origin": [-1, 9, -0.2],
							"size": [2, 2, 3.5],
							"uv": {
								"north": {"uv": [23.5, 0], "uv_size": [-1, 0.98498]},
								"east": {"uv": [1.75, 17.9953], "uv_size": [-1.75, 1.00061]},
								"south": {"uv": [1, 22.49803], "uv_size": [-1, 1.00061]},
								"west": {"uv": [11.75, 17.9953], "uv_size": [-1.75, 1.00061]},
								"up": {"uv": [2, 19.74636], "uv_size": [1, -1.75106]},
								"down": {"uv": [12, 17.9953], "uv_size": [1, 1.75106]}
							}
						},
						{
							"origin": [-0.5, 9.05085, -3.9554],
							"size": [1, 1.5, 2],
							"pivot": [0, 1.94936, 0],
							"rotation": [-45, 0, 0],
							"uv": {
								"north": {"uv": [24, 6.48832], "uv_size": [-0.5, 0.75046]},
								"east": {"uv": [23.5, 12.99226], "uv_size": [-1, 0.75046]},
								"south": {"uv": [7, 23.49863], "uv_size": [-0.5, 0.75046]},
								"west": {"uv": [14.5, 22.49803], "uv_size": [-1, 0.75046]},
								"up": {"uv": [13, 18.9959], "uv_size": [0.5, -1.00061]},
								"down": {"uv": [14.5, 18.4956], "uv_size": [0.5, 1.00061]}
							}
						},
						{
							"origin": [-0.4, 7.7, 3.4],
							"size": [0.8, 1.5, 1],
							"uv": {
								"north": {"uv": [24.375, 8.48953], "uv_size": [-0.375, 0.75046]},
								"east": {"uv": [7.5, 23.49863], "uv_size": [-0.5, 0.75046]},
								"south": {"uv": [24.375, 7.48893], "uv_size": [-0.375, 0.75046]},
								"west": {"uv": [7.5, 23.49863], "uv_size": [-0.5, 0.75046]},
								"up": {"uv": [19, 10.99105], "uv_size": [0.375, -0.5003]},
								"down": {"uv": [13, 18.9959], "uv_size": [0.375, 0.5003]}
							}
						},
						{
							"origin": [-0.3, 7.75085, -1.8554],
							"size": [0.6, 1, 0.5],
							"pivot": [0, 1.94936, 0],
							"rotation": [-45, 0, 0],
							"uv": {
								"north": {"uv": [24.5, 11.99166], "uv_size": [0.3125, 0.5003]},
								"east": {"uv": [24.5, 18.4956], "uv_size": [0.25, 0.5003]},
								"south": {"uv": [12.5, 24.49924], "uv_size": [0.3125, 0.5003]},
								"west": {"uv": [24.5, 18.9959], "uv_size": [0.25, 0.5003]},
								"up": {"uv": [6.5, 24.99954], "uv_size": [0.3125, 0.25015]},
								"down": {"uv": [25, 6.73847], "uv_size": [0.3125, -0.25015]}
							}
						}
					]
				}
			]
		}
	]
}