{
  "format_version": "1.12.0",
  "minecraft:geometry": [
    {
      "description": {
        "identifier": "geometry.dragon_spear",
        "texture_width": 64,
        "texture_height": 64,
        "visible_bounds_width": 4,
        "visible_bounds_height": 2.5,
        "visible_bounds_offset": [0, 6 , 0]
      },
      "bones": [
        {
          "name": "RightArm",
          "pivot": [
            -5,
            22,
            0
          ]
        },
        {
          "name": "group",
          "parent": "RightArm",
          "pivot": [
            -5.47914,
            12.75,
            -3
          ],
          "rotation": [
            89.99762,
            -2.49762,
            -89.89088
          ],
          "cubes": [
            {
              "origin": [
                -11.25416,
                -0.17,
                -3
              ],
              "size": [
                5.04,
                7.2,
                0
              ],
              "uv": {
                "north": {
                  "uv": [
                    0,
                    39
                  ],
                  "uv_size": [
                    7,
                    -10
                  ]
                },
                "east": {
                  "uv": [
                    38,
                    48
                  ],
                  "uv_size": [
                    0,
                    -10
                  ]
                },
                "south": {
                  "uv": [
                    7,
                    39
                  ],
                  "uv_size": [
                    -7,
                    -10
                  ]
                },
                "west": {
                  "uv": [
                    39,
                    18
                  ],
                  "uv_size": [
                    0,
                    -10
                  ]
                },
                "up": {
                  "uv": [
                    39,
                    20
                  ],
                  "uv_size": [
                    7,
                    0
                  ]
                },
                "down": {
                  "uv": [
                    39,
                    19
                  ],
                  "uv_size": [
                    7,
                    0
                  ]
                }
              }
            },
            {
              "origin": [
                -5.85416,
                -3.63,
                -3.72
              ],
              "size": [
                1.44,
                27.36,
                1.44
              ],
              "uv": {
                "north": {
                  "uv": [
                    18,
                    26
                  ],
                  "uv_size": [
                    2,
                    38
                  ]
                },
                "east": {
                  "uv": [
                    21,
                    26
                  ],
                  "uv_size": [
                    2,
                    38
                  ]
                },
                "south": {
                  "uv": [
                    20,
                    26
                  ],
                  "uv_size": [
                    -2,
                    38
                  ]
                },
                "west": {
                  "uv": [
                    27,
                    0
                  ],
                  "uv_size": [
                    2,
                    38
                  ]
                },
                "up": {
                  "uv": [
                    38,
                    0
                  ],
                  "uv_size": [
                    2,
                    2
                  ]
                },
                "down": {
                  "uv": [
                    38,
                    5
                  ],
                  "uv_size": [
                    2,
                    -2
                  ]
                }
              }
            },
            {
              "origin": [
                -6.21416,
                1.94,
                -4.08
              ],
              "size": [
                2.16,
                3.6,
                2.16
              ],
              "uv": {
                "north": {
                  "uv": [
                    34,
                    0
                  ],
                  "uv_size": [
                    3,
                    5
                  ]
                },
                "east": {
                  "uv": [
                    34,
                    6
                  ],
                  "uv_size": [
                    3,
                    5
                  ]
                },
                "south": {
                  "uv": [
                    37,
                    0
                  ],
                  "uv_size": [
                    -3,
                    5
                  ]
                },
                "west": {
                  "uv": [
                    34,
                    18
                  ],
                  "uv_size": [
                    3,
                    5
                  ]
                },
                "up": {
                  "uv": [
                    34,
                    32
                  ],
                  "uv_size": [
                    3,
                    3
                  ]
                },
                "down": {
                  "uv": [
                    34,
                    39
                  ],
                  "uv_size": [
                    3,
                    -3
                  ]
                }
              }
            },
            {
              "origin": [
                -8.01416,
                -9.39,
                -3
              ],
              "size": [
                5.76,
                10.08,
                0
              ],
              "uv": {
                "north": {
                  "uv": [
                    0,
                    0
                  ],
                  "uv_size": [
                    8,
                    14
                  ]
                },
                "east": {
                  "uv": [
                    39,
                    21
                  ],
                  "uv_size": [
                    0,
                    14
                  ]
                },
                "south": {
                  "uv": [
                    8,
                    0
                  ],
                  "uv_size": [
                    -8,
                    14
                  ]
                },
                "west": {
                  "uv": [
                    27,
                    39
                  ],
                  "uv_size": [
                    0,
                    14
                  ]
                },
                "up": {
                  "uv": [
                    39,
                    38
                  ],
                  "uv_size": [
                    8,
                    0
                  ]
                },
                "down": {
                  "uv": [
                    39,
                    39
                  ],
                  "uv_size": [
                    8,
                    0
                  ]
                }
              }
            },
            {
              "origin": [
                -6.21416,
                18.69,
                -4.08
              ],
              "size": [
                2.16,
                6.48,
                2.16
              ],
              "uv": {
                "north": {
                  "uv": [
                    30,
                    0
                  ],
                  "uv_size": [
                    3,
                    9
                  ]
                },
                "east": {
                  "uv": [
                    30,
                    10
                  ],
                  "uv_size": [
                    3,
                    9
                  ]
                },
                "south": {
                  "uv": [
                    33,
                    0
                  ],
                  "uv_size": [
                    -3,
                    9
                  ]
                },
                "west": {
                  "uv": [
                    30,
                    30
                  ],
                  "uv_size": [
                    3,
                    9
                  ]
                },
                "up": {
                  "uv": [
                    34,
                    24
                  ],
                  "uv_size": [
                    3,
                    3
                  ]
                },
                "down": {
                  "uv": [
                    34,
                    31
                  ],
                  "uv_size": [
                    3,
                    -3
                  ]
                }
              }
            },
            {
              "origin": [
                -4.35412,
                13.67373,
                -3
              ],
              "size": [
                5.76,
                8.64,
                0
              ],
              "pivot": [
                -1.22412,
                19.99373,
                -3
              ],
              "rotation": [
                0,
                0,
                22.5
              ],
              "uv": {
                "north": {
                  "uv": [
                    18,
                    0
                  ],
                  "uv_size": [
                    8,
                    12
                  ]
                },
                "east": {
                  "uv": [
                    16,
                    41
                  ],
                  "uv_size": [
                    0,
                    -12
                  ]
                },
                "south": {
                  "uv": [
                    26,
                    0
                  ],
                  "uv_size": [
                    -8,
                    12
                  ]
                },
                "west": {
                  "uv": [
                    17,
                    41
                  ],
                  "uv_size": [
                    0,
                    -12
                  ]
                },
                "up": {
                  "uv": [
                    38,
                    6
                  ],
                  "uv_size": [
                    8,
                    0
                  ]
                },
                "down": {
                  "uv": [
                    38,
                    7
                  ],
                  "uv_size": [
                    8,
                    0
                  ]
                }
              }
            },
            {
              "origin": [
                -11.65588,
                13.77373,
                -3
              ],
              "size": [
                5.76,
                8.64,
                0
              ],
              "pivot": [
                -8.77588,
                19.99373,
                -3
              ],
              "rotation": [
                0,
                0,
                -22.5
              ],
              "uv": {
                "north": {
                  "uv": [
                    26,
                    0
                  ],
                  "uv_size": [
                    -8,
                    12
                  ]
                },
                "east": {
                  "uv": [
                    17,
                    41
                  ],
                  "uv_size": [
                    0,
                    -12
                  ]
                },
                "south": {
                  "uv": [
                    18,
                    0
                  ],
                  "uv_size": [
                    8,
                    12
                  ]
                },
                "west": {
                  "uv": [
                    16,
                    41
                  ],
                  "uv_size": [
                    0,
                    -12
                  ]
                },
                "up": {
                  "uv": [
                    46,
                    6
                  ],
                  "uv_size": [
                    -8,
                    0
                  ]
                },
                "down": {
                  "uv": [
                    46,
                    7
                  ],
                  "uv_size": [
                    -8,
                    0
                  ]
                }
              }
            },
            {
              "origin": [
                -4.11084,
                -0.17,
                -3
              ],
              "size": [
                5.04,
                7.2,
                0
              ],
              "uv": {
                "north": {
                  "uv": [
                    7,
                    39
                  ],
                  "uv_size": [
                    -7,
                    -10
                  ]
                },
                "east": {
                  "uv": [
                    39,
                    18
                  ],
                  "uv_size": [
                    0,
                    -10
                  ]
                },
                "south": {
                  "uv": [
                    0,
                    39
                  ],
                  "uv_size": [
                    7,
                    -10
                  ]
                },
                "west": {
                  "uv": [
                    38,
                    48
                  ],
                  "uv_size": [
                    0,
                    -10
                  ]
                },
                "up": {
                  "uv": [
                    46,
                    20
                  ],
                  "uv_size": [
                    -7,
                    0
                  ]
                },
                "down": {
                  "uv": [
                    46,
                    19
                  ],
                  "uv_size": [
                    -7,
                    0
                  ]
                }
              }
            },
            {
              "origin": [
                -7.35416,
                25.17,
                -3
              ],
              "size": [
                5.76,
                9.36,
                0
              ],
              "uv": {
                "north": {
                  "uv": [
                    0,
                    15
                  ],
                  "uv_size": [
                    8,
                    13
                  ]
                },
                "east": {
                  "uv": [
                    38,
                    8
                  ],
                  "uv_size": [
                    0,
                    13
                  ]
                },
                "south": {
                  "uv": [
                    8,
                    15
                  ],
                  "uv_size": [
                    -8,
                    13
                  ]
                },
                "west": {
                  "uv": [
                    38,
                    22
                  ],
                  "uv_size": [
                    0,
                    13
                  ]
                },
                "up": {
                  "uv": [
                    38,
                    36
                  ],
                  "uv_size": [
                    8,
                    0
                  ]
                },
                "down": {
                  "uv": [
                    38,
                    37
                  ],
                  "uv_size": [
                    8,
                    0
                  ]
                }
              }
            }
          ]
        }
      ]
    }
  ]
}