{
	"format_version": "1.12.0",
	"minecraft:geometry": [
		{
			"description": {
				"identifier": "geometry.envious_crossbow",
				"texture_width": 64,
				"texture_height": 64,
				"visible_bounds_width": 3,
				"visible_bounds_height": 3.5,
				"visible_bounds_offset": [0, 1.25, 0]
			},
			"bones": [
				{
					"name": "RightArm",
					"pivot": [-5, 22, 0]
				},
				{
					"name": "group",
					"parent": "RightArm",
					"pivot": [-10, 12, 8],
					"rotation": [0, -87.5, 92.5],
					"cubes": [
						{
							"origin": [-20, 14, 8.41002],
							"size": [4, 2.25, 1],
							"uv": {
								"north": {"uv": [19, 22], "uv_size": [4, 2.25]},
								"east": {"uv": [18, 31], "uv_size": [1, 2.25]},
								"south": {"uv": [23, 22], "uv_size": [4, 2.25]},
								"west": {"uv": [31, 18], "uv_size": [1, 2.25]},
								"up": {"uv": [27, 14], "uv_size": [4, 1]},
								"down": {"uv": [22, 28], "uv_size": [4, -1]}
							}
						},
						{
							"origin": [-16.80508, 14.25, 8.96546],
							"size": [2, 1.75, 4.25],
							"pivot": [-16.2838, 14.88125, 8.87126],
							"rotation": [0, 45, 0],
							"uv": {
								"north": {"uv": [6, 28], "uv_size": [2, 1.75]},
								"east": {"uv": [19, 25], "uv_size": [4.25, 1.75]},
								"south": {"uv": [8, 28], "uv_size": [2, 1.75]},
								"west": {"uv": [24, 25], "uv_size": [4.25, 1.75]},
								"up": {"uv": [24, 0], "uv_size": [2, 4.25]},
								"down": {"uv": [24, 20.25], "uv_size": [2, -4.25]}
							}
						},
						{
							"origin": [-14.46447, 14.5, 9.76357],
							"size": [3, 1.25, 1.5],
							"uv": {
								"north": {"uv": [27, 23], "uv_size": [3, 1.25]},
								"east": {"uv": [19, 31], "uv_size": [1.5, 1.25]},
								"south": {"uv": [26, 27], "uv_size": [3, 1.25]},
								"west": {"uv": [31, 25], "uv_size": [1.5, 1.25]},
								"up": {"uv": [27, 10], "uv_size": [3, 1.5]},
								"down": {"uv": [27, 13.5], "uv_size": [3, -1.5]}
							}
						},
						{
							"origin": [-24.46447, 14.5, 9.76357],
							"size": [3, 1.25, 1.5],
							"uv": {
								"north": {"uv": [0, 28], "uv_size": [3, 1.25]},
								"east": {"uv": [26, 31], "uv_size": [1.5, 1.25]},
								"south": {"uv": [3, 28], "uv_size": [3, 1.25]},
								"west": {"uv": [31, 27], "uv_size": [1.5, 1.25]},
								"up": {"uv": [19, 27], "uv_size": [3, 1.5]},
								"down": {"uv": [27, 22.5], "uv_size": [3, -1.5]}
							}
						},
						{
							"origin": [-9.81653, 14.5, 14.36149],
							"size": [1.25, 1.25, 1.25],
							"uv": {
								"north": {"uv": [28, 31], "uv_size": [1.25, 1.25]},
								"east": {"uv": [30, 31], "uv_size": [1.25, 1.25]},
								"south": {"uv": [0, 32], "uv_size": [1.25, 1.25]},
								"west": {"uv": [2, 32], "uv_size": [1.25, 1.25]},
								"up": {"uv": [4, 32], "uv_size": [1.25, 1.25]},
								"down": {"uv": [32, 5.25], "uv_size": [1.25, -1.25]}
							}
						},
						{
							"origin": [-12.79305, 14.25, 15.33819],
							"size": [1.75, 1.75, 1.75],
							"pivot": [-16.2838, 14.88125, 8.87126],
							"rotation": [0, 22.5, 0],
							"uv": {
								"north": {"uv": [14, 28], "uv_size": [1.75, 1.75]},
								"east": {"uv": [16, 28], "uv_size": [1.75, 1.75]},
								"south": {"uv": [22, 28], "uv_size": [1.75, 1.75]},
								"west": {"uv": [24, 28], "uv_size": [1.75, 1.75]},
								"up": {"uv": [29, 15], "uv_size": [1.75, 1.75]},
								"down": {"uv": [29, 18.75], "uv_size": [1.75, -1.75]}
							}
						},
						{
							"origin": [-13.04305, 14, 10.83819],
							"size": [2.25, 2.25, 4.5],
							"pivot": [-16.2838, 14.88125, 8.87126],
							"rotation": [0, 22.5, 0],
							"uv": {
								"north": {"uv": [26, 15], "uv_size": [2.25, 2.25]},
								"east": {"uv": [19, 0], "uv_size": [4.5, 2.25]},
								"south": {"uv": [26, 18], "uv_size": [2.25, 2.25]},
								"west": {"uv": [19, 3], "uv_size": [4.5, 2.25]},
								"up": {"uv": [19, 6], "uv_size": [2.25, 4.5]},
								"down": {"uv": [19, 15.5], "uv_size": [2.25, -4.5]}
							}
						},
						{
							"origin": [-16.09425, 15, 6.64353],
							"size": [0.55, 0.275, 0.825],
							"uv": {
								"north": {"uv": [21, 33], "uv_size": [0.5, 0.25]},
								"east": {"uv": [33, 12], "uv_size": [0.75, 0.25]},
								"south": {"uv": [22, 33], "uv_size": [0.5, 0.25]},
								"west": {"uv": [33, 13], "uv_size": [0.75, 0.25]},
								"up": {"uv": [32, 29], "uv_size": [0.5, 0.75]},
								"down": {"uv": [32, 30.75], "uv_size": [0.5, -0.75]}
							}
						},
						{
							"origin": [-17.33406, 14.725, 6.12357],
							"size": [1.1, 0.825, 1.375],
							"pivot": [-19.3838, 14.88125, 9.27126],
							"rotation": [0, -22.5, 0],
							"uv": {
								"north": {"uv": [24, 5], "uv_size": [1, 0.75]},
								"east": {"uv": [24, 21], "uv_size": [1.5, 0.75]},
								"south": {"uv": [25, 15], "uv_size": [1, 0.75]},
								"west": {"uv": [32, 18], "uv_size": [1.5, 0.75]},
								"up": {"uv": [21, 31], "uv_size": [1, 1.5]},
								"down": {"uv": [12, 33.5], "uv_size": [1, -1.5]}
							}
						},
						{
							"origin": [-18.54813, 14.45, 6.22291],
							"size": [1.65, 1.375, 1.65],
							"pivot": [-19.3838, 14.88125, 9.17126],
							"rotation": [0, -45, 0],
							"uv": {
								"north": {"uv": [30, 8], "uv_size": [1.75, 1.5]},
								"east": {"uv": [10, 30], "uv_size": [1.75, 1.5]},
								"south": {"uv": [30, 10], "uv_size": [1.75, 1.5]},
								"west": {"uv": [12, 30], "uv_size": [1.75, 1.5]},
								"up": {"uv": [18, 29], "uv_size": [1.75, 1.75]},
								"down": {"uv": [29, 20.75], "uv_size": [1.75, -1.75]}
							}
						},
						{
							"origin": [-19.28107, 15, 12.36081],
							"size": [0.825, 0.275, 0.55],
							"pivot": [-20.9838, 14.88125, 9.07126],
							"rotation": [0, -45, 0],
							"uv": {
								"north": {"uv": [33, 14], "uv_size": [0.75, 0.25]},
								"east": {"uv": [23, 33], "uv_size": [0.5, 0.25]},
								"south": {"uv": [33, 15], "uv_size": [0.75, 0.25]},
								"west": {"uv": [24, 33], "uv_size": [0.5, 0.25]},
								"up": {"uv": [32, 31], "uv_size": [0.75, 0.5]},
								"down": {"uv": [32, 32.5], "uv_size": [0.75, -0.5]}
							}
						},
						{
							"origin": [-24.13354, 14.725, 10.84395],
							"size": [1.1, 0.825, 1.375],
							"pivot": [-20.9838, 14.88125, 9.07126],
							"rotation": [0, 22.5, 0],
							"uv": {
								"north": {"uv": [26, 4], "uv_size": [1, 0.75]},
								"east": {"uv": [32, 19], "uv_size": [1.5, 0.75]},
								"south": {"uv": [26, 21], "uv_size": [1, 0.75]},
								"west": {"uv": [32, 20], "uv_size": [1.5, 0.75]},
								"up": {"uv": [32, 12], "uv_size": [1, 1.5]},
								"down": {"uv": [13, 33.5], "uv_size": [1, -1.5]}
							}
						},
						{
							"origin": [-23.46947, 14.45, 10.36961],
							"size": [1.65, 1.375, 1.65],
							"uv": {
								"north": {"uv": [30, 12], "uv_size": [1.75, 1.5]},
								"east": {"uv": [14, 30], "uv_size": [1.75, 1.5]},
								"south": {"uv": [16, 30], "uv_size": [1.75, 1.5]},
								"west": {"uv": [30, 21], "uv_size": [1.75, 1.5]},
								"up": {"uv": [20, 29], "uv_size": [1.75, 1.75]},
								"down": {"uv": [29, 26.75], "uv_size": [1.75, -1.75]}
							}
						},
						{
							"origin": [-21.19492, 14.25, 8.96546],
							"size": [2, 1.75, 4.25],
							"pivot": [-19.7162, 14.88125, 8.87126],
							"rotation": [0, -45, 0],
							"uv": {
								"north": {"uv": [10, 28], "uv_size": [2, 1.75]},
								"east": {"uv": [26, 0], "uv_size": [4.25, 1.75]},
								"south": {"uv": [12, 28], "uv_size": [2, 1.75]},
								"west": {"uv": [26, 2], "uv_size": [4.25, 1.75]},
								"up": {"uv": [25, 5], "uv_size": [2, 4.25]},
								"down": {"uv": [25, 14.25], "uv_size": [2, -4.25]}
							}
						},
						{
							"origin": [-27.43347, 14.5, 14.36149],
							"size": [1.25, 1.25, 1.25],
							"uv": {
								"north": {"uv": [6, 32], "uv_size": [1.25, 1.25]},
								"east": {"uv": [32, 6], "uv_size": [1.25, 1.25]},
								"south": {"uv": [8, 32], "uv_size": [1.25, 1.25]},
								"west": {"uv": [32, 8], "uv_size": [1.25, 1.25]},
								"up": {"uv": [10, 32], "uv_size": [1.25, 1.25]},
								"down": {"uv": [32, 11.25], "uv_size": [1.25, -1.25]}
							}
						},
						{
							"origin": [-24.95695, 14.25, 15.33819],
							"size": [1.75, 1.75, 1.75],
							"pivot": [-19.7162, 14.88125, 8.87126],
							"rotation": [0, -22.5, 0],
							"uv": {
								"north": {"uv": [26, 29], "uv_size": [1.75, 1.75]},
								"east": {"uv": [29, 27], "uv_size": [1.75, 1.75]},
								"south": {"uv": [28, 29], "uv_size": [1.75, 1.75]},
								"west": {"uv": [0, 30], "uv_size": [1.75, 1.75]},
								"up": {"uv": [2, 30], "uv_size": [1.75, 1.75]},
								"down": {"uv": [4, 31.75], "uv_size": [1.75, -1.75]}
							}
						},
						{
							"origin": [-25.20695, 14, 10.83819],
							"size": [2.25, 2.25, 4.5],
							"pivot": [-19.7162, 14.88125, 8.87126],
							"rotation": [0, -22.5, 0],
							"uv": {
								"north": {"uv": [27, 4], "uv_size": [2.25, 2.25]},
								"east": {"uv": [19, 16], "uv_size": [4.5, 2.25]},
								"south": {"uv": [27, 7], "uv_size": [2.25, 2.25]},
								"west": {"uv": [19, 19], "uv_size": [4.5, 2.25]},
								"up": {"uv": [22, 6], "uv_size": [2.25, 4.5]},
								"down": {"uv": [22, 15.5], "uv_size": [2.25, -4.5]}
							}
						},
						{
							"origin": [-20.55575, 15, 6.64353],
							"size": [0.55, 0.275, 0.825],
							"uv": {
								"north": {"uv": [33, 24], "uv_size": [0.5, 0.25]},
								"east": {"uv": [33, 16], "uv_size": [0.75, 0.25]},
								"south": {"uv": [25, 33], "uv_size": [0.5, 0.25]},
								"west": {"uv": [33, 17], "uv_size": [0.75, 0.25]},
								"up": {"uv": [33, 0], "uv_size": [0.5, 0.75]},
								"down": {"uv": [33, 1.75], "uv_size": [0.5, -0.75]}
							}
						},
						{
							"origin": [-19.86594, 14.725, 6.02357],
							"size": [1.1, 0.825, 1.375],
							"pivot": [-16.7162, 14.88125, 9.17126],
							"rotation": [0, 22.5, 0],
							"uv": {
								"north": {"uv": [18, 28], "uv_size": [1, 0.75]},
								"east": {"uv": [32, 21], "uv_size": [1.5, 0.75]},
								"south": {"uv": [24, 32], "uv_size": [1, 0.75]},
								"west": {"uv": [22, 32], "uv_size": [1.5, 0.75]},
								"up": {"uv": [14, 32], "uv_size": [1, 1.5]},
								"down": {"uv": [15, 33.5], "uv_size": [1, -1.5]}
							}
						},
						{
							"origin": [-19.20187, 14.45, 6.22291],
							"size": [1.65, 1.375, 1.65],
							"pivot": [-16.7162, 14.88125, 9.17126],
							"rotation": [0, 45, 0],
							"uv": {
								"north": {"uv": [22, 30], "uv_size": [1.75, 1.5]},
								"east": {"uv": [30, 23], "uv_size": [1.75, 1.5]},
								"south": {"uv": [24, 30], "uv_size": [1.75, 1.5]},
								"west": {"uv": [30, 29], "uv_size": [1.75, 1.5]},
								"up": {"uv": [30, 4], "uv_size": [1.75, 1.75]},
								"down": {"uv": [6, 31.75], "uv_size": [1.75, -1.75]}
							}
						},
						{
							"origin": [-14.28053, 14.45, 10.26961],
							"size": [1.65, 1.375, 1.65],
							"uv": {
								"north": {"uv": [31, 0], "uv_size": [1.75, 1.5]},
								"east": {"uv": [31, 2], "uv_size": [1.75, 1.5]},
								"south": {"uv": [31, 14], "uv_size": [1.75, 1.5]},
								"west": {"uv": [31, 16], "uv_size": [1.75, 1.5]},
								"up": {"uv": [30, 6], "uv_size": [1.75, 1.75]},
								"down": {"uv": [8, 31.75], "uv_size": [1.75, -1.75]}
							}
						},
						{
							"origin": [-13.06646, 14.725, 10.74395],
							"size": [1.1, 0.825, 1.375],
							"pivot": [-15.1162, 14.88125, 8.97126],
							"rotation": [0, -22.5, 0],
							"uv": {
								"north": {"uv": [32, 24], "uv_size": [1, 0.75]},
								"east": {"uv": [32, 22], "uv_size": [1.5, 0.75]},
								"south": {"uv": [25, 32], "uv_size": [1, 0.75]},
								"west": {"uv": [32, 23], "uv_size": [1.5, 0.75]},
								"up": {"uv": [16, 32], "uv_size": [1, 1.5]},
								"down": {"uv": [17, 33.5], "uv_size": [1, -1.5]}
							}
						},
						{
							"origin": [-17.64393, 15, 12.26081],
							"size": [0.825, 0.275, 0.55],
							"pivot": [-15.1162, 14.88125, 8.97126],
							"rotation": [0, 45, 0],
							"uv": {
								"north": {"uv": [19, 33], "uv_size": [0.75, 0.25]},
								"east": {"uv": [33, 25], "uv_size": [0.5, 0.25]},
								"south": {"uv": [20, 33], "uv_size": [0.75, 0.25]},
								"west": {"uv": [26, 33], "uv_size": [0.5, 0.25]},
								"up": {"uv": [33, 2], "uv_size": [0.75, 0.5]},
								"down": {"uv": [33, 3.5], "uv_size": [0.75, -0.5]}
							}
						},
						{
							"origin": [-26.75, 15.25, 9.26002],
							"size": [18.6, 0, 13.5],
							"uv": {
								"north": {"uv": [0, 0], "uv_size": [18.5, 0]},
								"east": {"uv": [0, 0], "uv_size": [13.5, 0]},
								"south": {"uv": [0, 0], "uv_size": [18.5, 0]},
								"west": {"uv": [0, 0], "uv_size": [13.5, 0]},
								"up": {"uv": [0, 0], "uv_size": [18.5, 13.5]},
								"down": {"uv": [0, 27.5], "uv_size": [18.5, -13.5]}
							}
						}
					]
				}
			]
		}
	]
}