{
	"format_version": "1.12.0",
	"minecraft:geometry": [
		{
			"description": {
				"identifier": "geometry.doom_x_godaxe",
				"texture_width": 64,
				"texture_height": 64,
				"visible_bounds_width": 4,
				"visible_bounds_height": 5,
				"visible_bounds_offset": [0, 1.5, 0]
			},
			"bones": [
				{
					"name": "RightArm",
					"pivot": [-5, 22, 0]
				},
				{
					"name": "bone",
					"parent": "RightArm",
					"pivot": [0, 26, -16],
					"rotation": [-90, 0, 0]
				},
				{
					"name": "skull",
					"parent": "bone",
					"pivot": [0, 42, -11],
					"rotation": [-90, 0, 0],
					"cubes": [
						{
							"origin": [-1.5, 47, -13],
							"size": [3, 4, 4],
							"uv": {
								"north": {"uv": [52, 12], "uv_size": [-2.875, 10.875]},
								"east": {"uv": [48.75, 12.875], "uv_size": [3.75, 9.5]},
								"south": {"uv": [49, 23], "uv_size": [4, -10.375]},
								"west": {"uv": [52.75, 13.625], "uv_size": [-3.375, 8]},
								"up": {"uv": [52.5, 22], "uv_size": [-3.375, -8.75]},
								"down": {"uv": [49.375, 13.75], "uv_size": [3.125, 7.625]}
							}
						},
						{
							"origin": [1.2, 46.55, -10.2],
							"size": [0.4, 1.4, 0.4],
							"pivot": [1.4, 47.75, -10],
							"rotation": [-22.5, 0, 0],
							"uv": {
								"north": {"uv": [52, 12], "uv_size": [-2.875, 10.875]},
								"east": {"uv": [48.75, 22.375], "uv_size": [3.75, -9.5]},
								"south": {"uv": [49, 12.625], "uv_size": [4, 10.375]},
								"west": {"uv": [49.375, 13.625], "uv_size": [3.375, 8]},
								"up": {"uv": [52.5, 22], "uv_size": [-3.375, -8.75]},
								"down": {"uv": [49.375, 13.75], "uv_size": [3.125, 7.625]}
							}
						},
						{
							"origin": [-1.6, 46.55, -10.2],
							"size": [0.4, 1.4, 0.4],
							"pivot": [-1.4, 47.75, -10],
							"rotation": [-22.5, 0, 0],
							"uv": {
								"north": {"uv": [52, 12], "uv_size": [-2.875, 10.875]},
								"east": {"uv": [48.75, 22.375], "uv_size": [3.75, -9.5]},
								"south": {"uv": [49, 12.625], "uv_size": [4, 10.375]},
								"west": {"uv": [49.375, 13.625], "uv_size": [3.375, 8]},
								"up": {"uv": [52.5, 22], "uv_size": [-3.375, -8.75]},
								"down": {"uv": [49.375, 13.75], "uv_size": [3.125, 7.625]}
							}
						},
						{
							"origin": [1.2, 46.55, -12.2],
							"size": [0.4, 1.4, 0.4],
							"pivot": [1.4, 47.75, -12],
							"rotation": [22.5, 0, 0],
							"uv": {
								"north": {"uv": [52, 12], "uv_size": [-2.875, 10.875]},
								"east": {"uv": [48.75, 22.375], "uv_size": [3.75, -9.5]},
								"south": {"uv": [49, 12.625], "uv_size": [4, 10.375]},
								"west": {"uv": [49.375, 13.625], "uv_size": [3.375, 8]},
								"up": {"uv": [52.5, 22], "uv_size": [-3.375, -8.75]},
								"down": {"uv": [49.375, 13.75], "uv_size": [3.125, 7.625]}
							}
						},
						{
							"origin": [-1.6, 46.55, -12.2],
							"size": [0.4, 1.4, 0.4],
							"pivot": [-1.4, 47.75, -12],
							"rotation": [22.5, 0, 0],
							"uv": {
								"north": {"uv": [52, 12], "uv_size": [-2.875, 10.875]},
								"east": {"uv": [48.75, 22.375], "uv_size": [3.75, -9.5]},
								"south": {"uv": [49, 12.625], "uv_size": [4, 10.375]},
								"west": {"uv": [49.375, 13.625], "uv_size": [3.375, 8]},
								"up": {"uv": [52.5, 22], "uv_size": [-3.375, -8.75]},
								"down": {"uv": [49.375, 13.75], "uv_size": [3.125, 7.625]}
							}
						},
						{
							"origin": [1.35, 47.35, -14.15],
							"size": [0.8, 2.8, 0.8],
							"pivot": [1.75, 47.75, -13.75],
							"rotation": [22.5, 0, 0],
							"uv": {
								"north": {"uv": [52, 12], "uv_size": [-2.875, 10.875]},
								"east": {"uv": [48.75, 22.375], "uv_size": [3.75, -9.5]},
								"south": {"uv": [49, 23], "uv_size": [4, -10.375]},
								"west": {"uv": [49.375, 13.625], "uv_size": [3.375, 8]},
								"up": {"uv": [52.5, 22], "uv_size": [-3.375, -8.75]},
								"down": {"uv": [49.375, 13.75], "uv_size": [3.125, 7.625]}
							}
						},
						{
							"origin": [-2.15, 47.35, -14.15],
							"size": [0.8, 2.8, 0.8],
							"pivot": [-1.75, 47.75, -13.75],
							"rotation": [22.5, 0, 0],
							"uv": {
								"north": {"uv": [52, 12], "uv_size": [-2.875, 10.875]},
								"east": {"uv": [48.75, 22.375], "uv_size": [3.75, -9.5]},
								"south": {"uv": [49, 23], "uv_size": [4, -10.375]},
								"west": {"uv": [49.375, 13.625], "uv_size": [3.375, 8]},
								"up": {"uv": [52.5, 22], "uv_size": [-3.375, -8.75]},
								"down": {"uv": [49.375, 13.75], "uv_size": [3.125, 7.625]}
							}
						},
						{
							"origin": [0.65, 50.4, -13.6],
							"size": [1.2, 2.2, 1.2],
							"pivot": [1.25, 51, -13],
							"rotation": [45, 0, 0],
							"uv": {
								"north": {"uv": [52, 12], "uv_size": [-2.875, 10.875]},
								"east": {"uv": [48.75, 22.375], "uv_size": [3.75, -9.5]},
								"south": {"uv": [49, 12.625], "uv_size": [4, 10.375]},
								"west": {"uv": [49.375, 13.625], "uv_size": [3.375, 8]},
								"up": {"uv": [52.5, 22], "uv_size": [-3.375, -8.75]},
								"down": {"uv": [49.375, 13.75], "uv_size": [3.125, 7.625]}
							}
						},
						{
							"origin": [-1.85, 50.4, -13.6],
							"size": [1.2, 2.2, 1.2],
							"pivot": [-1.25, 51, -13],
							"rotation": [45, 0, 0],
							"uv": {
								"north": {"uv": [52, 12], "uv_size": [-2.875, 10.875]},
								"east": {"uv": [48.75, 22.375], "uv_size": [3.75, -9.5]},
								"south": {"uv": [49, 12.625], "uv_size": [4, 10.375]},
								"west": {"uv": [49.375, 13.625], "uv_size": [3.375, 8]},
								"up": {"uv": [52.5, 22], "uv_size": [-3.375, -8.75]},
								"down": {"uv": [49.375, 13.75], "uv_size": [3.125, 7.625]}
							}
						},
						{
							"origin": [0.65, 50.4, -9.6],
							"size": [1.2, 2.2, 1.2],
							"pivot": [1.25, 51, -9],
							"rotation": [-45, 0, 0],
							"uv": {
								"north": {"uv": [52, 12], "uv_size": [-2.875, 10.875]},
								"east": {"uv": [48.75, 22.375], "uv_size": [3.75, -9.5]},
								"south": {"uv": [49, 12.625], "uv_size": [4, 10.375]},
								"west": {"uv": [49.375, 13.625], "uv_size": [3.375, 8]},
								"up": {"uv": [52.5, 22], "uv_size": [-3.375, -8.75]},
								"down": {"uv": [49.375, 13.75], "uv_size": [3.125, 7.625]}
							}
						},
						{
							"origin": [-1.85, 50.4, -9.6],
							"size": [1.2, 2.2, 1.2],
							"pivot": [-1.25, 51, -9],
							"rotation": [-45, 0, 0],
							"uv": {
								"north": {"uv": [52, 12], "uv_size": [-2.875, 10.875]},
								"east": {"uv": [48.75, 22.375], "uv_size": [3.75, -9.5]},
								"south": {"uv": [49, 12.625], "uv_size": [4, 10.375]},
								"west": {"uv": [49.375, 13.625], "uv_size": [3.375, 8]},
								"up": {"uv": [52.5, 22], "uv_size": [-3.375, -8.75]},
								"down": {"uv": [49.375, 13.75], "uv_size": [3.125, 7.625]}
							}
						},
						{
							"origin": [0.75, 51.75, -14.5],
							"size": [1, 2, 1],
							"uv": {
								"north": {"uv": [52, 12], "uv_size": [-2.875, 10.875]},
								"east": {"uv": [48.75, 22.375], "uv_size": [3.75, -9.5]},
								"south": {"uv": [49, 12.625], "uv_size": [4, 10.375]},
								"west": {"uv": [49.375, 13.625], "uv_size": [3.375, 8]},
								"up": {"uv": [52.5, 22], "uv_size": [-3.375, -8.75]},
								"down": {"uv": [49.375, 13.75], "uv_size": [3.125, 7.625]}
							}
						},
						{
							"origin": [-1.75, 51.75, -14.5],
							"size": [1, 2, 1],
							"uv": {
								"north": {"uv": [52, 12], "uv_size": [-2.875, 10.875]},
								"east": {"uv": [48.75, 22.375], "uv_size": [3.75, -9.5]},
								"south": {"uv": [49, 12.625], "uv_size": [4, 10.375]},
								"west": {"uv": [49.375, 13.625], "uv_size": [3.375, 8]},
								"up": {"uv": [52.5, 22], "uv_size": [-3.375, -8.75]},
								"down": {"uv": [49.375, 13.75], "uv_size": [3.125, 7.625]}
							}
						},
						{
							"origin": [0.75, 51.75, -8.5],
							"size": [1, 2, 1],
							"uv": {
								"north": {"uv": [52, 12], "uv_size": [-2.875, 10.875]},
								"east": {"uv": [48.75, 22.375], "uv_size": [3.75, -9.5]},
								"south": {"uv": [49, 12.625], "uv_size": [4, 10.375]},
								"west": {"uv": [49.375, 13.625], "uv_size": [3.375, 8]},
								"up": {"uv": [52.5, 22], "uv_size": [-3.375, -8.75]},
								"down": {"uv": [49.375, 13.75], "uv_size": [3.125, 7.625]}
							}
						},
						{
							"origin": [-1.75, 51.75, -8.5],
							"size": [1, 2, 1],
							"uv": {
								"north": {"uv": [52, 12], "uv_size": [-2.875, 10.875]},
								"east": {"uv": [48.75, 22.375], "uv_size": [3.75, -9.5]},
								"south": {"uv": [49, 12.625], "uv_size": [4, 10.375]},
								"west": {"uv": [49.375, 13.625], "uv_size": [3.375, 8]},
								"up": {"uv": [52.5, 22], "uv_size": [-3.375, -8.75]},
								"down": {"uv": [49.375, 13.75], "uv_size": [3.125, 7.625]}
							}
						},
						{
							"origin": [0.85, 53.35, -14.15],
							"size": [0.8, 2.8, 0.8],
							"pivot": [1.25, 53.75, -13.75],
							"rotation": [-45, 0, 0],
							"uv": {
								"north": {"uv": [52, 12], "uv_size": [-2.875, 10.875]},
								"east": {"uv": [48.75, 22.375], "uv_size": [3.75, -9.5]},
								"south": {"uv": [49, 23], "uv_size": [4, -10.375]},
								"west": {"uv": [49.375, 13.625], "uv_size": [3.375, 8]},
								"up": {"uv": [52.5, 22], "uv_size": [-3.375, -8.75]},
								"down": {"uv": [49.375, 13.75], "uv_size": [3.125, 7.625]}
							}
						},
						{
							"origin": [-1.65, 53.35, -14.15],
							"size": [0.8, 2.8, 0.8],
							"pivot": [-1.25, 53.75, -13.75],
							"rotation": [-45, 0, 0],
							"uv": {
								"north": {"uv": [52, 12], "uv_size": [-2.875, 10.875]},
								"east": {"uv": [48.75, 22.375], "uv_size": [3.75, -9.5]},
								"south": {"uv": [49, 23], "uv_size": [4, -10.375]},
								"west": {"uv": [49.375, 13.625], "uv_size": [3.375, 8]},
								"up": {"uv": [52.5, 22], "uv_size": [-3.375, -8.75]},
								"down": {"uv": [49.375, 13.75], "uv_size": [3.125, 7.625]}
							}
						},
						{
							"origin": [0.85, 53.35, -8.65],
							"size": [0.8, 2.8, 0.8],
							"pivot": [1.25, 53.75, -8.25],
							"rotation": [45, 0, 0],
							"uv": {
								"north": {"uv": [52, 12], "uv_size": [-2.875, 10.875]},
								"east": {"uv": [48.75, 22.375], "uv_size": [3.75, -9.5]},
								"south": {"uv": [49, 23], "uv_size": [4, -10.375]},
								"west": {"uv": [49.375, 13.625], "uv_size": [3.375, 8]},
								"up": {"uv": [52.5, 22], "uv_size": [-3.375, -8.75]},
								"down": {"uv": [49.375, 13.75], "uv_size": [3.125, 7.625]}
							}
						},
						{
							"origin": [-1.65, 53.35, -8.65],
							"size": [0.8, 2.8, 0.8],
							"pivot": [-1.25, 53.75, -8.25],
							"rotation": [45, 0, 0],
							"uv": {
								"north": {"uv": [52, 12], "uv_size": [-2.875, 10.875]},
								"east": {"uv": [48.75, 22.375], "uv_size": [3.75, -9.5]},
								"south": {"uv": [49, 23], "uv_size": [4, -10.375]},
								"west": {"uv": [49.375, 13.625], "uv_size": [3.375, 8]},
								"up": {"uv": [52.5, 22], "uv_size": [-3.375, -8.75]},
								"down": {"uv": [49.375, 13.75], "uv_size": [3.125, 7.625]}
							}
						},
						{
							"origin": [0.95, 55.2, -12.55],
							"size": [0.6, 1.6, 0.6],
							"uv": {
								"north": {"uv": [52, 12], "uv_size": [-2.875, 10.875]},
								"east": {"uv": [48.75, 22.375], "uv_size": [3.75, -9.5]},
								"south": {"uv": [49, 12.625], "uv_size": [4, 10.375]},
								"west": {"uv": [49.375, 13.625], "uv_size": [3.375, 8]},
								"up": {"uv": [52.5, 22], "uv_size": [-3.375, -8.75]},
								"down": {"uv": [49.375, 13.75], "uv_size": [3.125, 7.625]}
							}
						},
						{
							"origin": [-1.55, 55.2, -12.55],
							"size": [0.6, 1.6, 0.6],
							"uv": {
								"north": {"uv": [52, 12], "uv_size": [-2.875, 10.875]},
								"east": {"uv": [48.75, 22.375], "uv_size": [3.75, -9.5]},
								"south": {"uv": [49, 12.625], "uv_size": [4, 10.375]},
								"west": {"uv": [49.375, 13.625], "uv_size": [3.375, 8]},
								"up": {"uv": [52.5, 22], "uv_size": [-3.375, -8.75]},
								"down": {"uv": [49.375, 13.75], "uv_size": [3.125, 7.625]}
							}
						},
						{
							"origin": [0.95, 55.2, -10.05],
							"size": [0.6, 1.6, 0.6],
							"uv": {
								"north": {"uv": [52, 12], "uv_size": [-2.875, 10.875]},
								"east": {"uv": [48.75, 22.375], "uv_size": [3.75, -9.5]},
								"south": {"uv": [49, 12.625], "uv_size": [4, 10.375]},
								"west": {"uv": [49.375, 13.625], "uv_size": [3.375, 8]},
								"up": {"uv": [52.5, 22], "uv_size": [-3.375, -8.75]},
								"down": {"uv": [49.375, 13.75], "uv_size": [3.125, 7.625]}
							}
						},
						{
							"origin": [-1.55, 55.2, -10.05],
							"size": [0.6, 1.6, 0.6],
							"uv": {
								"north": {"uv": [52, 12], "uv_size": [-2.875, 10.875]},
								"east": {"uv": [48.75, 22.375], "uv_size": [3.75, -9.5]},
								"south": {"uv": [49, 12.625], "uv_size": [4, 10.375]},
								"west": {"uv": [49.375, 13.625], "uv_size": [3.375, 8]},
								"up": {"uv": [52.5, 22], "uv_size": [-3.375, -8.75]},
								"down": {"uv": [49.375, 13.75], "uv_size": [3.125, 7.625]}
							}
						},
						{
							"origin": [1.35, 47.35, -8.65],
							"size": [0.8, 2.8, 0.8],
							"pivot": [1.75, 47.75, -8.25],
							"rotation": [-22.5, 0, 0],
							"uv": {
								"north": {"uv": [52, 12], "uv_size": [-2.875, 10.875]},
								"east": {"uv": [48.75, 22.375], "uv_size": [3.75, -9.5]},
								"south": {"uv": [49, 23], "uv_size": [4, -10.375]},
								"west": {"uv": [49.375, 13.625], "uv_size": [3.375, 8]},
								"up": {"uv": [52.5, 22], "uv_size": [-3.375, -8.75]},
								"down": {"uv": [49.375, 13.75], "uv_size": [3.125, 7.625]}
							}
						},
						{
							"origin": [-2.15, 47.35, -8.65],
							"size": [0.8, 2.8, 0.8],
							"pivot": [-1.75, 47.75, -8.25],
							"rotation": [-22.5, 0, 0],
							"uv": {
								"north": {"uv": [52, 12], "uv_size": [-2.875, 10.875]},
								"east": {"uv": [48.75, 22.375], "uv_size": [3.75, -9.5]},
								"south": {"uv": [49, 23], "uv_size": [4, -10.375]},
								"west": {"uv": [49.375, 13.625], "uv_size": [3.375, 8]},
								"up": {"uv": [52.5, 22], "uv_size": [-3.375, -8.75]},
								"down": {"uv": [49.375, 13.75], "uv_size": [3.125, 7.625]}
							}
						},
						{
							"origin": [0.55, 47.3, -13.95],
							"size": [0.9, 0.9, 2.9],
							"pivot": [1, 47.75, -11.5],
							"rotation": [0, -22.5, 0],
							"uv": {
								"north": {"uv": [52, 22.875], "uv_size": [-2.875, -10.875]},
								"east": {"uv": [48.75, 12.875], "uv_size": [3.75, 9.5]},
								"south": {"uv": [49, 12.625], "uv_size": [4, 10.375]},
								"west": {"uv": [49.375, 13.625], "uv_size": [3.375, 8]},
								"up": {"uv": [52.5, 22], "uv_size": [-3.375, -8.75]},
								"down": {"uv": [49.375, 13.75], "uv_size": [3.125, 7.625]}
							}
						},
						{
							"origin": [-1.45, 47.3, -13.95],
							"size": [0.9, 0.9, 2.9],
							"pivot": [-1, 47.75, -11.5],
							"rotation": [0, 22.5, 0],
							"uv": {
								"north": {"uv": [52, 22.875], "uv_size": [-2.875, -10.875]},
								"east": {"uv": [48.75, 12.875], "uv_size": [3.75, 9.5]},
								"south": {"uv": [53, 12.625], "uv_size": [-4, 10.375]},
								"west": {"uv": [49.375, 13.625], "uv_size": [3.375, 8]},
								"up": {"uv": [52.5, 22], "uv_size": [-3.375, -8.75]},
								"down": {"uv": [49.375, 13.75], "uv_size": [3.125, 7.625]}
							}
						},
						{
							"origin": [0.55, 47.3, -10.95],
							"size": [0.9, 0.9, 2.9],
							"pivot": [1, 47.75, -10.5],
							"rotation": [0, 22.5, 0],
							"uv": {
								"north": {"uv": [52, 22.875], "uv_size": [-2.875, -10.875]},
								"east": {"uv": [48.75, 12.875], "uv_size": [3.75, 9.5]},
								"south": {"uv": [49, 12.625], "uv_size": [4, 10.375]},
								"west": {"uv": [49.375, 13.625], "uv_size": [3.375, 8]},
								"up": {"uv": [52.5, 22], "uv_size": [-3.375, -8.75]},
								"down": {"uv": [49.375, 13.75], "uv_size": [3.125, 7.625]}
							}
						},
						{
							"origin": [-1.45, 47.3, -10.95],
							"size": [0.9, 0.9, 2.9],
							"pivot": [-1, 47.75, -10.5],
							"rotation": [0, -22.5, 0],
							"uv": {
								"north": {"uv": [52, 22.875], "uv_size": [-2.875, -10.875]},
								"east": {"uv": [48.75, 12.875], "uv_size": [3.75, 9.5]},
								"south": {"uv": [53, 12.625], "uv_size": [-4, 10.375]},
								"west": {"uv": [49.375, 13.625], "uv_size": [3.375, 8]},
								"up": {"uv": [52.5, 22], "uv_size": [-3.375, -8.75]},
								"down": {"uv": [49.375, 13.75], "uv_size": [3.125, 7.625]}
							}
						}
					]
				},
				{
					"name": "MIX",
					"parent": "RightArm",
					"pivot": [-0.2, 15.9115, 2.06752]
				},
				{
					"name": "atas",
					"parent": "MIX",
					"pivot": [-0.2, 15.9115, 2.06752],
					"cubes": [
						{
							"origin": [-0.25, 6.25, -11.375],
							"size": [0, 16.5, 22.25],
							"uv": {
								"north": {"uv": [0, 0], "uv_size": [0, 16.5]},
								"east": {"uv": [0, 0], "uv_size": [22.25, 16.5]},
								"south": {"uv": [0, 0], "uv_size": [0, 16.5]},
								"west": {"uv": [0, 17], "uv_size": [22.25, 16.5]},
								"up": {"uv": [0, 0], "uv_size": [0, 22.25]},
								"down": {"uv": [0, 22.25], "uv_size": [0, -22.25]}
							}
						},
						{
							"origin": [-0.5, 6.25, -0.375],
							"size": [0, 15.5, 10],
							"uv": {
								"north": {"uv": [0, 0], "uv_size": [0, 15.5]},
								"east": {"uv": [23, 0], "uv_size": [10, 15.5]},
								"south": {"uv": [0, 0], "uv_size": [0, 15.5]},
								"west": {"uv": [23, 16], "uv_size": [10, 15.5]},
								"up": {"uv": [0, 0], "uv_size": [0, 10]},
								"down": {"uv": [0, 10], "uv_size": [0, -10]}
							}
						},
						{
							"origin": [0, 6.25, -0.375],
							"size": [0, 15.5, 10],
							"uv": {
								"north": {"uv": [0, 0], "uv_size": [0, 15.5]},
								"east": {"uv": [23, 0], "uv_size": [10, 15.5]},
								"south": {"uv": [0, 0], "uv_size": [0, 15.5]},
								"west": {"uv": [23, 16], "uv_size": [10, 15.5]},
								"up": {"uv": [0, 0], "uv_size": [0, 10]},
								"down": {"uv": [0, 10], "uv_size": [0, -10]}
							}
						},
						{
							"origin": [-0.5, 6.25, -10.375],
							"size": [0, 15.5, 10],
							"uv": {
								"north": {"uv": [0, 0], "uv_size": [0, 15.5]},
								"east": {"uv": [23, 32], "uv_size": [10, 15.5]},
								"south": {"uv": [0, 0], "uv_size": [0, 15.5]},
								"west": {"uv": [33, 0], "uv_size": [10, 15.5]},
								"up": {"uv": [0, 0], "uv_size": [0, 10]},
								"down": {"uv": [0, 10], "uv_size": [0, -10]}
							}
						},
						{
							"origin": [0, 6.25, -10.375],
							"size": [0, 15.5, 10],
							"uv": {
								"north": {"uv": [0, 0], "uv_size": [0, 15.5]},
								"east": {"uv": [23, 32], "uv_size": [10, 15.5]},
								"south": {"uv": [0, 0], "uv_size": [0, 15.5]},
								"west": {"uv": [33, 0], "uv_size": [10, 15.5]},
								"up": {"uv": [0, 0], "uv_size": [0, 10]},
								"down": {"uv": [0, 10], "uv_size": [0, -10]}
							}
						},
						{
							"origin": [-0.45, 1.74579, 8.80864],
							"size": [0.5, 5, 5.06636],
							"pivot": [0, 5.2794, 2.75],
							"rotation": [45, 0, 0],
							"uv": {
								"east": {"uv": [43, 12], "uv_size": [5.125, 5]},
								"west": {"uv": [43, 17], "uv_size": [5.125, 5]}
							}
						},
						{
							"origin": [-0.45, 15.94896, 7.02303],
							"size": [0.5, 5, 5.06636],
							"pivot": [-0.2, 18.44896, 9.55621],
							"rotation": [-45, 0, 0],
							"uv": {
								"east": {"uv": [43, 22], "uv_size": [5.125, 5]},
								"west": {"uv": [43, 27], "uv_size": [5.125, 5]}
							}
						},
						{
							"origin": [-0.45, 17.64936, -1.16789],
							"size": [0.5, 5, 5.06636],
							"pivot": [0, 6.11575, -2.04289],
							"rotation": [45, 0, 0],
							"uv": {
								"east": {"uv": [43, 32], "uv_size": [5.125, 5]},
								"west": {"uv": [43, 37], "uv_size": [5.125, 5]}
							}
						},
						{
							"origin": [-0.45, 1.74579, -13.875],
							"size": [0.5, 5, 5.06636],
							"pivot": [0, 5.2794, -2.75],
							"rotation": [-45, 0, 0],
							"uv": {
								"east": {"uv": [43, 42], "uv_size": [5.125, 5]},
								"west": {"uv": [43, 47], "uv_size": [5.125, 5]}
							}
						}
					]
				},
				{
					"name": "bawah",
					"parent": "MIX",
					"pivot": [0.5, 2.44936, -8.25],
					"cubes": [
						{
							"origin": [-0.675, 3.95, -1.2875],
							"size": [1.35, 1.8, 1.8],
							"uv": {
								"north": {"uv": [3, 57], "uv_size": [1.375, 1.75]},
								"east": {"uv": [55, 30], "uv_size": [1.75, 1.75]},
								"south": {"uv": [5, 57], "uv_size": [1.375, 1.75]},
								"west": {"uv": [55, 48], "uv_size": [1.75, 1.75]},
								"up": {"uv": [7, 57], "uv_size": [1.375, 1.75]},
								"down": {"uv": [9, 58.75], "uv_size": [1.375, -1.75]}
							}
						},
						{
							"origin": [-0.675, 6.65, -1.2875],
							"size": [1.35, 1.8, 1.8],
							"uv": {
								"north": {"uv": [57, 9], "uv_size": [1.375, 1.75]},
								"east": {"uv": [55, 50], "uv_size": [1.75, 1.75]},
								"south": {"uv": [11, 57], "uv_size": [1.375, 1.75]},
								"west": {"uv": [55, 52], "uv_size": [1.75, 1.75]},
								"up": {"uv": [57, 24], "uv_size": [1.375, 1.75]},
								"down": {"uv": [57, 27.75], "uv_size": [1.375, -1.75]}
							}
						},
						{
							"origin": [-0.675, 9.35, -1.2875],
							"size": [1.35, 1.8, 1.8],
							"uv": {
								"north": {"uv": [57, 28], "uv_size": [1.375, 1.75]},
								"east": {"uv": [56, 12], "uv_size": [1.75, 1.75]},
								"south": {"uv": [30, 57], "uv_size": [1.375, 1.75]},
								"west": {"uv": [14, 56], "uv_size": [1.75, 1.75]},
								"up": {"uv": [57, 30], "uv_size": [1.375, 1.75]},
								"down": {"uv": [32, 58.75], "uv_size": [1.375, -1.75]}
							}
						},
						{
							"origin": [-1.125, 8.45, -1.7375],
							"size": [2.25, 1.8, 2.7],
							"uv": {
								"north": {"uv": [0, 55], "uv_size": [2.25, 1.75]},
								"east": {"uv": [54, 9], "uv_size": [2.75, 1.75]},
								"south": {"uv": [55, 0], "uv_size": [2.25, 1.75]},
								"west": {"uv": [14, 54], "uv_size": [2.75, 1.75]},
								"up": {"uv": [51, 8], "uv_size": [2.25, 2.75]},
								"down": {"uv": [49, 53.75], "uv_size": [2.25, -2.75]}
							}
						},
						{
							"origin": [-1.125, 5.75, -1.7375],
							"size": [2.25, 1.8, 2.7],
							"uv": {
								"north": {"uv": [55, 2], "uv_size": [2.25, 1.75]},
								"east": {"uv": [17, 54], "uv_size": [2.75, 1.75]},
								"south": {"uv": [3, 55], "uv_size": [2.25, 1.75]},
								"west": {"uv": [20, 54], "uv_size": [2.75, 1.75]},
								"up": {"uv": [6, 52], "uv_size": [2.25, 2.75]},
								"down": {"uv": [9, 54.75], "uv_size": [2.25, -2.75]}
							}
						},
						{
							"origin": [-0.9, 3.05, -1.5125],
							"size": [1.8, 1.8, 2.25],
							"uv": {
								"north": {"uv": [56, 14], "uv_size": [1.75, 1.75]},
								"east": {"uv": [6, 55], "uv_size": [2.25, 1.75]},
								"south": {"uv": [16, 56], "uv_size": [1.75, 1.75]},
								"west": {"uv": [9, 55], "uv_size": [2.25, 1.75]},
								"up": {"uv": [55, 24], "uv_size": [1.75, 2.25]},
								"down": {"uv": [55, 29.25], "uv_size": [1.75, -2.25]}
							}
						},
						{
							"origin": [-1.25, 14.50878, 9.58979],
							"size": [2.5, 2, 2],
							"pivot": [0, 3.7794, 1.75],
							"rotation": [45, 0, 0],
							"uv": {
								"north": {"uv": [53, 16], "uv_size": [2.5, 2]},
								"east": {"uv": [47, 52], "uv_size": [2, 2]},
								"south": {"uv": [53, 18], "uv_size": [2.5, 2]},
								"west": {"uv": [23, 54], "uv_size": [2, 2]},
								"up": {"uv": [53, 20], "uv_size": [2.5, 2]},
								"down": {"uv": [53, 24], "uv_size": [2.5, -2]}
							}
						},
						{
							"origin": [-1.25, -6.10264, 8.73382],
							"size": [2.5, 2, 2],
							"pivot": [0, 5.7794, 1.75],
							"rotation": [-45, 0, 0],
							"uv": {
								"north": {"uv": [53, 40], "uv_size": [2.5, 2]},
								"east": {"uv": [25, 54], "uv_size": [2, 2]},
								"south": {"uv": [53, 42], "uv_size": [2.5, 2]},
								"west": {"uv": [27, 54], "uv_size": [2, 2]},
								"up": {"uv": [53, 44], "uv_size": [2.5, 2]},
								"down": {"uv": [53, 48], "uv_size": [2.5, -2]}
							}
						},
						{
							"origin": [-0.675, -6.85, -1.0625],
							"size": [1.35, 4.5, 1.35],
							"uv": {
								"north": {"uv": [12, 52], "uv_size": [1.375, 4.5]},
								"east": {"uv": [30, 52], "uv_size": [1.375, 4.5]},
								"south": {"uv": [32, 52], "uv_size": [1.375, 4.5]},
								"west": {"uv": [34, 52], "uv_size": [1.375, 4.5]},
								"up": {"uv": [36, 57], "uv_size": [1.375, 1.375]},
								"down": {"uv": [38, 58.375], "uv_size": [1.375, -1.375]}
							}
						},
						{
							"origin": [-0.9, -2.35, -1.2875],
							"size": [1.8, 1.8, 1.8],
							"uv": {
								"north": {"uv": [56, 16], "uv_size": [1.75, 1.75]},
								"east": {"uv": [18, 56], "uv_size": [1.75, 1.75]},
								"south": {"uv": [56, 18], "uv_size": [1.75, 1.75]},
								"west": {"uv": [20, 56], "uv_size": [1.75, 1.75]},
								"up": {"uv": [56, 20], "uv_size": [1.75, 1.75]},
								"down": {"uv": [22, 57.75], "uv_size": [1.75, -1.75]}
							}
						},
						{
							"origin": [-0.9, -5.05, -1.2875],
							"size": [1.8, 1.8, 1.8],
							"uv": {
								"north": {"uv": [56, 22], "uv_size": [1.75, 1.75]},
								"east": {"uv": [24, 56], "uv_size": [1.75, 1.75]},
								"south": {"uv": [26, 56], "uv_size": [1.75, 1.75]},
								"west": {"uv": [28, 56], "uv_size": [1.75, 1.75]},
								"up": {"uv": [56, 32], "uv_size": [1.75, 1.75]},
								"down": {"uv": [56, 35.75], "uv_size": [1.75, -1.75]}
							}
						},
						{
							"origin": [-1, -8, -1.375],
							"size": [2, 2, 2],
							"uv": {
								"north": {"uv": [54, 32], "uv_size": [2, 2]},
								"east": {"uv": [54, 34], "uv_size": [2, 2]},
								"south": {"uv": [54, 36], "uv_size": [2, 2]},
								"west": {"uv": [54, 38], "uv_size": [2, 2]},
								"up": {"uv": [44, 54], "uv_size": [2, 2]},
								"down": {"uv": [46, 56], "uv_size": [2, -2]}
							}
						},
						{
							"origin": [-0.9, 0.35, -1.2875],
							"size": [1.8, 1.8, 1.8],
							"uv": {
								"north": {"uv": [56, 36], "uv_size": [1.75, 1.75]},
								"east": {"uv": [56, 38], "uv_size": [1.75, 1.75]},
								"south": {"uv": [56, 40], "uv_size": [1.75, 1.75]},
								"west": {"uv": [56, 42], "uv_size": [1.75, 1.75]},
								"up": {"uv": [44, 56], "uv_size": [1.75, 1.75]},
								"down": {"uv": [56, 45.75], "uv_size": [1.75, -1.75]}
							}
						},
						{
							"origin": [-0.675, -1.45, -1.0625],
							"size": [1.35, 4.5, 1.35],
							"uv": {
								"north": {"uv": [36, 52], "uv_size": [1.375, 4.5]},
								"east": {"uv": [38, 52], "uv_size": [1.375, 4.5]},
								"south": {"uv": [40, 52], "uv_size": [1.375, 4.5]},
								"west": {"uv": [42, 52], "uv_size": [1.375, 4.5]},
								"up": {"uv": [40, 57], "uv_size": [1.375, 1.375]},
								"down": {"uv": [42, 58.375], "uv_size": [1.375, -1.375]}
							}
						},
						{
							"origin": [-1.1, 16, -2.875],
							"size": [2, 1, 5],
							"uv": {
								"north": {"uv": [20, 47], "uv_size": [2, 1]},
								"east": {"uv": [53, 7], "uv_size": [5, 1]},
								"south": {"uv": [57, 11], "uv_size": [2, 1]},
								"west": {"uv": [54, 8], "uv_size": [5, 1]},
								"up": {"uv": [20, 34], "uv_size": [2, 5]},
								"down": {"uv": [20, 44], "uv_size": [2, -5]}
							}
						},
						{
							"origin": [-1.6, 16, -1.875],
							"size": [3, 2, 3],
							"uv": {
								"north": {"uv": [44, 52], "uv_size": [3, 2]},
								"east": {"uv": [52, 48], "uv_size": [3, 2]},
								"south": {"uv": [52, 50], "uv_size": [3, 2]},
								"west": {"uv": [52, 52], "uv_size": [3, 2]},
								"up": {"uv": [20, 44], "uv_size": [3, 3]},
								"down": {"uv": [49, 51], "uv_size": [3, -3]}
							}
						},
						{
							"origin": [-2, 12, -3.125],
							"size": [4, 4, 5.5],
							"uv": {
								"north": {"uv": [49, 40], "uv_size": [4, 4]},
								"east": {"uv": [30, 48], "uv_size": [5.5, 4]},
								"south": {"uv": [49, 44], "uv_size": [4, 4]},
								"west": {"uv": [36, 48], "uv_size": [5.5, 4]},
								"up": {"uv": [49, 12], "uv_size": [4, 5.5]},
								"down": {"uv": [49, 23.5], "uv_size": [4, -5.5]}
							}
						},
						{
							"origin": [-2.25, 12, -3.125],
							"size": [4.5, 4, 5.5],
							"uv": {
								"north": {"uv": [49, 32], "uv_size": [4.5, 4]},
								"east": {"uv": [49, 28], "uv_size": [5.5, 4]},
								"south": {"uv": [49, 36], "uv_size": [4.5, 4]},
								"west": {"uv": [49, 28], "uv_size": [5.5, 4]},
								"up": {"uv": [20, 48], "uv_size": [4.5, 5.5]},
								"down": {"uv": [25, 53.5], "uv_size": [4.5, -5.5]}
							}
						},
						{
							"origin": [2, 13, 1.875],
							"size": [0.5, 1.5, 0.5],
							"uv": {
								"north": {"uv": [54, 58], "uv_size": [0.5, 1.5]},
								"east": {"uv": [58, 54], "uv_size": [0.5, 1.5]},
								"south": {"uv": [55, 58], "uv_size": [0.5, 1.5]},
								"west": {"uv": [56, 58], "uv_size": [0.5, 1.5]},
								"up": {"uv": [40, 59], "uv_size": [0.5, 0.5]},
								"down": {"uv": [59, 40.5], "uv_size": [0.5, -0.5]}
							}
						},
						{
							"origin": [-2.5, 13, 1.875],
							"size": [0.5, 1.5, 0.5],
							"uv": {
								"north": {"uv": [54, 58], "uv_size": [0.5, 1.5]},
								"east": {"uv": [58, 54], "uv_size": [0.5, 1.5]},
								"south": {"uv": [55, 58], "uv_size": [0.5, 1.5]},
								"west": {"uv": [56, 58], "uv_size": [0.5, 1.5]},
								"up": {"uv": [40, 59], "uv_size": [0.5, 0.5]},
								"down": {"uv": [59, 40.5], "uv_size": [0.5, -0.5]}
							}
						},
						{
							"origin": [2, 12, -3.125],
							"size": [0.5, 1, 5.5],
							"uv": {
								"north": {"uv": [59, 24], "uv_size": [0.5, 1]},
								"east": {"uv": [53, 5], "uv_size": [5.5, 1]},
								"south": {"uv": [59, 25], "uv_size": [0.5, 1]},
								"west": {"uv": [53, 6], "uv_size": [5.5, 1]},
								"up": {"uv": [1, 57], "uv_size": [0.5, 5.5]},
								"down": {"uv": [2, 62.5], "uv_size": [0.5, -5.5]}
							}
						},
						{
							"origin": [-2.5, 12, -3.125],
							"size": [0.5, 1, 5.5],
							"uv": {
								"north": {"uv": [59, 24], "uv_size": [0.5, 1]},
								"east": {"uv": [53, 5], "uv_size": [5.5, 1]},
								"south": {"uv": [59, 25], "uv_size": [0.5, 1]},
								"west": {"uv": [53, 6], "uv_size": [5.5, 1]},
								"up": {"uv": [1, 57], "uv_size": [0.5, 5.5]},
								"down": {"uv": [2, 62.5], "uv_size": [0.5, -5.5]}
							}
						},
						{
							"origin": [2, 13, -1.125],
							"size": [0.5, 0.5, 1.5],
							"uv": {
								"north": {"uv": [41, 59], "uv_size": [0.5, 0.5]},
								"east": {"uv": [58, 56], "uv_size": [1.5, 0.5]},
								"south": {"uv": [59, 41], "uv_size": [0.5, 0.5]},
								"west": {"uv": [57, 58], "uv_size": [1.5, 0.5]},
								"up": {"uv": [59, 0], "uv_size": [0.5, 1.5]},
								"down": {"uv": [59, 3.5], "uv_size": [0.5, -1.5]}
							}
						},
						{
							"origin": [-2.5, 13, -1.125],
							"size": [0.5, 0.5, 1.5],
							"uv": {
								"north": {"uv": [41, 59], "uv_size": [0.5, 0.5]},
								"east": {"uv": [58, 56], "uv_size": [1.5, 0.5]},
								"south": {"uv": [59, 41], "uv_size": [0.5, 0.5]},
								"west": {"uv": [57, 58], "uv_size": [1.5, 0.5]},
								"up": {"uv": [59, 0], "uv_size": [0.5, 1.5]},
								"down": {"uv": [59, 3.5], "uv_size": [0.5, -1.5]}
							}
						},
						{
							"origin": [2, 13.5, -0.625],
							"size": [0.5, 1.5, 0.5],
							"uv": {
								"north": {"uv": [3, 59], "uv_size": [0.5, 1.5]},
								"east": {"uv": [4, 59], "uv_size": [0.5, 1.5]},
								"south": {"uv": [59, 4], "uv_size": [0.5, 1.5]},
								"west": {"uv": [5, 59], "uv_size": [0.5, 1.5]},
								"up": {"uv": [42, 59], "uv_size": [0.5, 0.5]},
								"down": {"uv": [59, 42.5], "uv_size": [0.5, -0.5]}
							}
						},
						{
							"origin": [-2.5, 13.5, -0.625],
							"size": [0.5, 1.5, 0.5],
							"uv": {
								"north": {"uv": [3, 59], "uv_size": [0.5, 1.5]},
								"east": {"uv": [4, 59], "uv_size": [0.5, 1.5]},
								"south": {"uv": [59, 4], "uv_size": [0.5, 1.5]},
								"west": {"uv": [5, 59], "uv_size": [0.5, 1.5]},
								"up": {"uv": [42, 59], "uv_size": [0.5, 0.5]},
								"down": {"uv": [59, 42.5], "uv_size": [0.5, -0.5]}
							}
						},
						{
							"origin": [2, 13, -3.125],
							"size": [0.5, 1.5, 0.5],
							"uv": {
								"north": {"uv": [6, 59], "uv_size": [0.5, 1.5]},
								"east": {"uv": [7, 59], "uv_size": [0.5, 1.5]},
								"south": {"uv": [8, 59], "uv_size": [0.5, 1.5]},
								"west": {"uv": [59, 8], "uv_size": [0.5, 1.5]},
								"up": {"uv": [43, 59], "uv_size": [0.5, 0.5]},
								"down": {"uv": [59, 43.5], "uv_size": [0.5, -0.5]}
							}
						},
						{
							"origin": [-2.5, 13, -3.125],
							"size": [0.5, 1.5, 0.5],
							"uv": {
								"north": {"uv": [6, 59], "uv_size": [0.5, 1.5]},
								"east": {"uv": [7, 59], "uv_size": [0.5, 1.5]},
								"south": {"uv": [8, 59], "uv_size": [0.5, 1.5]},
								"west": {"uv": [59, 8], "uv_size": [0.5, 1.5]},
								"up": {"uv": [43, 59], "uv_size": [0.5, 0.5]},
								"down": {"uv": [59, 43.5], "uv_size": [0.5, -0.5]}
							}
						},
						{
							"origin": [-1.35, 11, -1.875],
							"size": [2.7, 2, 3],
							"uv": {
								"north": {"uv": [53, 12], "uv_size": [2.75, 2]},
								"east": {"uv": [0, 53], "uv_size": [3, 2]},
								"south": {"uv": [53, 14], "uv_size": [2.75, 2]},
								"west": {"uv": [3, 53], "uv_size": [3, 2]},
								"up": {"uv": [0, 50], "uv_size": [2.75, 3]},
								"down": {"uv": [3, 53], "uv_size": [2.75, -3]}
							}
						},
						{
							"origin": [-0.4, 14.49901, 0.82461],
							"size": [0.8, 1, 1.5],
							"uv": {
								"north": {"uv": [22, 47], "uv_size": [0.75, 1]},
								"east": {"uv": [57, 48], "uv_size": [1.5, 1]},
								"south": {"uv": [58, 57], "uv_size": [0.75, 1]},
								"west": {"uv": [57, 49], "uv_size": [1.5, 1]},
								"up": {"uv": [22, 58], "uv_size": [0.75, 1.5]},
								"down": {"uv": [58, 23.5], "uv_size": [0.75, -1.5]}
							}
						},
						{
							"origin": [-0.4, 14.49901, -3.07461],
							"size": [0.8, 1, 1.5],
							"uv": {
								"north": {"uv": [59, 6], "uv_size": [0.75, 1]},
								"east": {"uv": [57, 50], "uv_size": [1.5, 1]},
								"south": {"uv": [9, 59], "uv_size": [0.75, 1]},
								"west": {"uv": [57, 51], "uv_size": [1.5, 1]},
								"up": {"uv": [23, 58], "uv_size": [0.75, 1.5]},
								"down": {"uv": [24, 59.5], "uv_size": [0.75, -1.5]}
							}
						},
						{
							"origin": [-0.5, -7.9652, -0.41033],
							"size": [1, 1.5, 2],
							"uv": {
								"north": {"uv": [57, 52], "uv_size": [1, 1.5]},
								"east": {"uv": [46, 56], "uv_size": [2, 1.5]},
								"south": {"uv": [58, 0], "uv_size": [1, 1.5]},
								"west": {"uv": [56, 46], "uv_size": [2, 1.5]},
								"up": {"uv": [22, 40], "uv_size": [1, 2]},
								"down": {"uv": [22, 44], "uv_size": [1, -2]}
							}
						},
						{
							"origin": [-0.4, -4.53463, -8.51143],
							"size": [0.8, 1.5, 1],
							"pivot": [0, 5.7794, 1.75],
							"rotation": [45, 0, 0],
							"uv": {
								"north": {"uv": [25, 58], "uv_size": [0.75, 1.5]},
								"east": {"uv": [58, 2], "uv_size": [1, 1.5]},
								"south": {"uv": [26, 58], "uv_size": [0.75, 1.5]},
								"west": {"uv": [58, 12], "uv_size": [1, 1.5]},
								"up": {"uv": [10, 59], "uv_size": [0.75, 1]},
								"down": {"uv": [59, 11], "uv_size": [0.75, -1]}
							}
						},
						{
							"origin": [-0.3, -9.2652, 1.68967],
							"size": [0.6, 1, 0.5],
							"uv": {
								"north": {"uv": [59, 14], "uv_size": [0.625, 1]},
								"east": {"uv": [59, 26], "uv_size": [0.5, 1]},
								"south": {"uv": [59, 15], "uv_size": [0.625, 1]},
								"west": {"uv": [59, 27], "uv_size": [0.5, 1]},
								"up": {"uv": [32, 59], "uv_size": [0.625, 0.5]},
								"down": {"uv": [59, 32.5], "uv_size": [0.625, -0.5]}
							}
						},
						{
							"origin": [-0.5, -7.9652, -2.33967],
							"size": [1, 1.5, 2],
							"uv": {
								"north": {"uv": [14, 58], "uv_size": [1, 1.5]},
								"east": {"uv": [48, 56], "uv_size": [2, 1.5]},
								"south": {"uv": [58, 14], "uv_size": [1, 1.5]},
								"west": {"uv": [50, 56], "uv_size": [2, 1.5]},
								"up": {"uv": [42, 48], "uv_size": [1, 2]},
								"down": {"uv": [42, 52], "uv_size": [1, -2]}
							}
						},
						{
							"origin": [-0.4, -7.53983, 8.00622],
							"size": [0.8, 1.5, 1],
							"pivot": [0, 5.7794, 1.75],
							"rotation": [-45, 0, 0],
							"uv": {
								"north": {"uv": [27, 58], "uv_size": [0.75, 1.5]},
								"east": {"uv": [15, 58], "uv_size": [1, 1.5]},
								"south": {"uv": [28, 58], "uv_size": [0.75, 1.5]},
								"west": {"uv": [16, 58], "uv_size": [1, 1.5]},
								"up": {"uv": [11, 59], "uv_size": [0.75, 1]},
								"down": {"uv": [59, 12], "uv_size": [0.75, -1]}
							}
						},
						{
							"origin": [-0.3, -9.2652, -2.93967],
							"size": [0.6, 1, 0.5],
							"uv": {
								"north": {"uv": [59, 16], "uv_size": [0.625, 1]},
								"east": {"uv": [59, 28], "uv_size": [0.5, 1]},
								"south": {"uv": [59, 17], "uv_size": [0.625, 1]},
								"west": {"uv": [59, 29], "uv_size": [0.5, 1]},
								"up": {"uv": [33, 59], "uv_size": [0.625, 0.5]},
								"down": {"uv": [59, 33.5], "uv_size": [0.625, -0.5]}
							}
						},
						{
							"origin": [-1, 11.5, -3.675],
							"size": [2, 2, 3.5],
							"uv": {
								"north": {"uv": [48, 54], "uv_size": [2, 2]},
								"east": {"uv": [6, 50], "uv_size": [3.5, 2]},
								"south": {"uv": [50, 54], "uv_size": [2, 2]},
								"west": {"uv": [10, 50], "uv_size": [3.5, 2]},
								"up": {"uv": [14, 50], "uv_size": [2, 3.5]},
								"down": {"uv": [16, 53.5], "uv_size": [2, -3.5]}
							}
						},
						{
							"origin": [-0.5, 12.85723, 2.67653],
							"size": [1, 1.5, 2],
							"pivot": [0, 3.7794, 1.75],
							"rotation": [45, 0, 0],
							"uv": {
								"north": {"uv": [58, 16], "uv_size": [1, 1.5]},
								"east": {"uv": [52, 56], "uv_size": [2, 1.5]},
								"south": {"uv": [17, 58], "uv_size": [1, 1.5]},
								"west": {"uv": [54, 56], "uv_size": [2, 1.5]},
								"up": {"uv": [29, 54], "uv_size": [1, 2]},
								"down": {"uv": [13, 59], "uv_size": [1, -2]}
							}
						},
						{
							"origin": [-0.4, 10.2, -4.775],
							"size": [0.8, 1.5, 1],
							"uv": {
								"north": {"uv": [29, 58], "uv_size": [0.75, 1.5]},
								"east": {"uv": [18, 58], "uv_size": [1, 1.5]},
								"south": {"uv": [58, 32], "uv_size": [0.75, 1.5]},
								"west": {"uv": [58, 18], "uv_size": [1, 1.5]},
								"up": {"uv": [12, 59], "uv_size": [0.75, 1]},
								"down": {"uv": [59, 13], "uv_size": [0.75, -1]}
							}
						},
						{
							"origin": [-0.3, 11.55723, 2.07653],
							"size": [0.6, 1, 0.5],
							"pivot": [0, 3.7794, 1.75],
							"rotation": [45, 0, 0],
							"uv": {
								"north": {"uv": [59, 18], "uv_size": [0.625, 1]},
								"east": {"uv": [30, 59], "uv_size": [0.5, 1]},
								"south": {"uv": [59, 19], "uv_size": [0.625, 1]},
								"west": {"uv": [59, 30], "uv_size": [0.5, 1]},
								"up": {"uv": [34, 59], "uv_size": [0.625, 0.5]},
								"down": {"uv": [59, 34.5], "uv_size": [0.625, -0.5]}
							}
						},
						{
							"origin": [-1, 11.5, -0.575],
							"size": [2, 2, 3.5],
							"uv": {
								"north": {"uv": [52, 54], "uv_size": [2, 2]},
								"east": {"uv": [51, 0], "uv_size": [3.5, 2]},
								"south": {"uv": [54, 54], "uv_size": [2, 2]},
								"west": {"uv": [51, 2], "uv_size": [3.5, 2]},
								"up": {"uv": [18, 50], "uv_size": [2, 3.5]},
								"down": {"uv": [51, 7.5], "uv_size": [2, -3.5]}
							}
						},
						{
							"origin": [-0.5, 9.85202, -4.18173],
							"size": [1, 1.5, 2],
							"pivot": [0, 3.7794, 1.75],
							"rotation": [-45, 0, 0],
							"uv": {
								"north": {"uv": [19, 58], "uv_size": [1, 1.5]},
								"east": {"uv": [56, 54], "uv_size": [2, 1.5]},
								"south": {"uv": [20, 58], "uv_size": [1, 1.5]},
								"west": {"uv": [56, 56], "uv_size": [2, 1.5]},
								"up": {"uv": [34, 57], "uv_size": [1, 2]},
								"down": {"uv": [35, 59], "uv_size": [1, -2]}
							}
						},
						{
							"origin": [-0.4, 10.2, 3.025],
							"size": [0.8, 1.5, 1],
							"uv": {
								"north": {"uv": [58, 34], "uv_size": [0.75, 1.5]},
								"east": {"uv": [58, 20], "uv_size": [1, 1.5]},
								"south": {"uv": [58, 36], "uv_size": [0.75, 1.5]},
								"west": {"uv": [21, 58], "uv_size": [1, 1.5]},
								"up": {"uv": [13, 59], "uv_size": [0.75, 1]},
								"down": {"uv": [59, 14], "uv_size": [0.75, -1]}
							}
						},
						{
							"origin": [-0.3, 8.55202, -2.08173],
							"size": [0.6, 1, 0.5],
							"pivot": [0, 3.7794, 1.75],
							"rotation": [-45, 0, 0],
							"uv": {
								"north": {"uv": [59, 20], "uv_size": [0.625, 1]},
								"east": {"uv": [31, 59], "uv_size": [0.5, 1]},
								"south": {"uv": [59, 21], "uv_size": [0.625, 1]},
								"west": {"uv": [59, 31], "uv_size": [0.5, 1]},
								"up": {"uv": [35, 59], "uv_size": [0.625, 0.5]},
								"down": {"uv": [59, 35.5], "uv_size": [0.625, -0.5]}
							}
						},
						{
							"origin": [0.001, -10.97499, -4.29935],
							"size": [0, 6, 8],
							"uv": {
								"north": {"uv": [0, 0], "uv_size": [0, 6]},
								"east": {"uv": [43, 0], "uv_size": [8, 6]},
								"south": {"uv": [0, 0], "uv_size": [0, 6]},
								"west": {"uv": [30.125, 16.375], "uv_size": [8, 6]},
								"up": {"uv": [0, 0], "uv_size": [0, 8]},
								"down": {"uv": [0, 8], "uv_size": [0, -8]}
							}
						}
					]
				}
			]
		}
	]
}