{
	"format_version": "1.10.0",
	"animation_controllers": {
		"controller.animation.attack": {
			"states": {
				"default": {
					"on_entry": [
						"/tag @s remove no_delay"
					],
					"on_exit": [
						"/tag @s add no_delay"
					],
					"transitions": [
						{
							"default2": "variable.attack_time"
						}
					]
				},
                "default2": {
					"on_exit": [
						"/scoreboard players set @s attack_delay 0"
					],
					"transitions": [
						{
							"attack_avarice_scythe1": "variable.attack_time && !query.is_sneaking && q.get_equipped_item_name == 'avarice_scythe'"
						},
						{
						    "attack_avarice_scythe_awaked1": "variable.attack_time && !query.is_sneaking && q.get_equipped_item_name == 'avarice_scythe_awaked'"
						},
						{
							"attack_doombringer_slash1": "variable.attack_time && !query.is_sneaking && q.get_equipped_item_name == 'doombringer_axe'"
					    },
						{
							"attack_doombringer_brutal_slash1": "variable.attack_time && !query.is_sneaking && q.get_equipped_item_name == 'doombringer_axe_awaked'"
					    },
						{
							"attack_dragon_slash1": "variable.attack_time && !query.is_sneaking && q.get_equipped_item_name == 'dragon_spear'"
                        },
                        {
                             "attack_dagger_slash1": "variable.attack_time && !query.is_sneaking && q.get_equipped_item_name == 'dagger_ravenous'"
				        }
					]
				},
				"attack_avarice_scythe1": {
					"on_entry": [
						"/playsound items.soul_slice1 @a[r=30]",
						"/particle custom:soul_slice ~ ~ ~"
					],
					"on_exit": [
						"/scoreboard players set @s attack_delay 0"
					],
					"transitions": [
						{
							"attack_avarice_scythe2": "variable.attack_time && query.scoreboard('attack_delay') <= 12 && query.scoreboard('attack_delay') >= 10"
						},
						{
							"default": "query.scoreboard('attack_delay') >= 12"
						}
					]
				},
				"attack_avarice_scythe2": {
					"on_entry": [
						"/playsound items.soul_slice2 @a[r=30]",
						"/particle custom:soul_slice ~ ~ ~"
					],
					"on_exit": [
						"/scoreboard players set @s attack_delay 0"
					],
					"transitions": [
						{
							"attack_avarice_scythe3": "variable.attack_time && query.scoreboard('attack_delay') <= 12 && query.scoreboard('attack_delay') >= 10"
						},
						{
							"default": "query.scoreboard('attack_delay') >= 14"
						}
					]
				},
				"attack_avarice_scythe3": {
					"on_entry": [
						"/playsound items.soul_slice3 @a[r=30]",
						"/particle custom:soul_slice ~ ~ ~",
						"/effect @s levitation 1 18 true",
						"/execute at @s positioned ^ ^ ^2.5 run effect @e[r=2] levitation 1 18 true"
					],
					"on_exit": [
						"/scoreboard players set @s attack_delay 0"
					],
					"transitions": [
						{
							"attack_avarice_scythe4": "variable.attack_time && query.scoreboard('attack_delay') >= 8 && !q.is_using_item"
						},
						{
							"default": "query.scoreboard('attack_delay') >= 15"
						}
					]
				},
				"attack_avarice_scythe4": {
					"on_entry": [
						"/playsound items.soul_slice4 @a[r=30]",
						"/particle custom:soul_slice ~ ~ ~"
					],
					"on_exit": [
						"/scoreboard players set @s attack_delay 0"
					],
					"transitions": [
						{
							"attack_avarice_scythe1": "variable.attack_time && query.scoreboard('attack_delay') <= 14 && query.scoreboard('attack_delay') >= 12"
						},
						{
							"default": "query.scoreboard('attack_delay') >= 16"
						}
					]
				},
			    "attack_avarice_scythe_awaked1": {
					"on_entry": [
						"/playsound items.soul_slice1 @a[r=30]",
						"/particle bl:soul_slice_v2 ~ ~ ~"
					],
					"on_exit": [
						"/scoreboard players set @s attack_delay 0"
					],
					"transitions": [
						{
							"attack_avarice_scythe_awaked2": "variable.attack_time && query.scoreboard('attack_delay') <= 12 && query.scoreboard('attack_delay') >= 10"
						},
						{
							"default": "query.scoreboard('attack_delay') >= 12"
						}
					]
				},
				"attack_avarice_scythe_awaked2": {
					"on_entry": [
						"/playsound items.soul_slice2 @a[r=30]",
						"/particle bl:soul_slice_v2 ~ ~ ~"
					],
					"on_exit": [
						"/scoreboard players set @s attack_delay 0"
					],
					"transitions": [
						{
							"attack_avarice_scythe_awaked3": "variable.attack_time && query.scoreboard('attack_delay') <= 12 && query.scoreboard('attack_delay') >= 10"
						},
						{
							"default": "query.scoreboard('attack_delay') >= 14"
						}
					]
				},
				"attack_avarice_scythe_awaked3": {
					"on_entry": [
						"/playsound items.soul_slice3 @a[r=30]",
						"/particle bl:soul_slice_v2 ~ ~ ~",
						"/effect @s levitation 1 18 true",
						"/execute at @s positioned ^ ^ ^2.5 run effect @e[r=2] levitation 1 18 true"
					],
					"on_exit": [
						"/scoreboard players set @s attack_delay 0"
					],
					"transitions": [
						{
							"attack_avarice_scythe_awaked4": "variable.attack_time && query.scoreboard('attack_delay') >= 8 && !q.is_using_item"
						},
						{
							"default": "query.scoreboard('attack_delay') >= 15"
						}
					]
				},
				"attack_avarice_scythe_awaked4": {
					"on_entry": [
						"/playsound items.soul_slice4 @a[r=30]",
						"/particle bl:soul_slice_v2 ~ ~ ~"
					],
					"on_exit": [
						"/scoreboard players set @s attack_delay 0"
					],
					"transitions": [
						{
							"attack_avarice_scythe_awaked1": "variable.attack_time && query.scoreboard('attack_delay') <= 14 && query.scoreboard('attack_delay') >= 12"
						},
						{
							"default": "query.scoreboard('attack_delay') >= 16"
						}
					]
				},
			    "attack_doombringer_slash1": {
					"on_entry": [
						"/playsound items.flamos_slash @a[r=30]",
						"/particle custom:flame_slash ~ ~ ~"
					],
					"on_exit": [
						"/scoreboard players set @s attack_delay 0"
					],
					"transitions": [
						{
							"attack_doombringer_slash2": "variable.attack_time && query.scoreboard('attack_delay') <= 12 && query.scoreboard('attack_delay') >= 10"
						},
						{
							"default": "query.scoreboard('attack_delay') >= 12"
						}
					]
				},
				"attack_doombringer_slash2": {
					"on_entry": [
						"/playsound items.flamos_slash_1 @a[r=30]",
						"/particle custom:flame_slash ~ ~ ~"
					],
					"on_exit": [
						"/scoreboard players set @s attack_delay 0"
					],
					"transitions": [
						{
							"attack_doombringer_slash3": "variable.attack_time && query.scoreboard('attack_delay') <= 12 && query.scoreboard('attack_delay') >= 10"
						},
						{
							"default": "query.scoreboard('attack_delay') >= 14"
						}
					]
				},
				"attack_doombringer_slash3": {
					"on_entry": [
						"/playsound items.flamos_slash_2 @a[r=30]",
						"/particle custom:flame_slash ~ ~ ~"
					],
					"on_exit": [
						"/scoreboard players set @s attack_delay 0"
					],
					"transitions": [
						{
							"attack_doombringer_slash1": "variable.attack_time && query.scoreboard('attack_delay') >= 8 && !q.is_using_item"
						},
						{
							"default": "query.scoreboard('attack_delay') >= 15"
						}
					]
				},
				"attack_doombringer_brutal_slash1": {
					"on_entry": [
						"/playsound items.brutal_slash @a[r=30]",
						"/particle bl:brutal_slash ~ ~ ~"
					],
					"on_exit": [
						"/scoreboard players set @s attack_delay 0"
					],
					"transitions": [
						{
							"attack_doombringer_brutal_slash2": "variable.attack_time && query.scoreboard('attack_delay') <= 12 && query.scoreboard('attack_delay') >= 10"
						},
						{
							"default": "query.scoreboard('attack_delay') >= 12"
						}
					]
				},
				"attack_doombringer_brutal_slash2": {
					"on_entry": [
						"/playsound items.brutal_slash @a[r=30]",
						"/particle bl:brutal_slash ~ ~ ~"
					],
					"on_exit": [
						"/scoreboard players set @s attack_delay 0"
					],
					"transitions": [
						{
							"attack_doombringer_brutal_slash3": "variable.attack_time && query.scoreboard('attack_delay') <= 12 && query.scoreboard('attack_delay') >= 10"
						},
						{
							"default": "query.scoreboard('attack_delay') >= 14"
						}
					]
				},
				"attack_doombringer_brutal_slash3": {
					"on_entry": [
						"/playsound items.brutal_slash2 @a[r=30]",
						"/particle bl:brutal_slash ~ ~ ~"
					],
					"on_exit": [
						"/scoreboard players set @s attack_delay 0"
					],
					"transitions": [
						{
							"attack_doombringer_brutal_slash1": "variable.attack_time && query.scoreboard('attack_delay') >= 8 && !q.is_using_item"
						},
						{
							"default": "query.scoreboard('attack_delay') >= 15"
						}
					]
				},
				"attack_doom_x_godaxe_brutal_slash1": {
					"on_entry": [
						"/playsound items.brutal_slash @a[r=30]",
						"/particle god_slash ~ ~ ~"
					],
					"on_exit": [
						"/scoreboard players set @s attack_delay 0"
					],
					"transitions": [
						{
							"attack_doom_x_godaxe_brutal_slash2": "variable.attack_time && query.scoreboard('attack_delay') <= 12 && query.scoreboard('attack_delay') >= 10"
						},
						{
							"default": "query.scoreboard('attack_delay') >= 12"
						}
					]
				},
				"attack_doom_x_godaxe_brutal_slash2": {
					"on_entry": [
						"/playsound items.brutal_slash @a[r=30]",
						"/particle god_slash ~ ~ ~"
					],
					"on_exit": [
						"/scoreboard players set @s attack_delay 0"
					],
					"transitions": [
						{
							"attack_doom_x_godaxe_brutal_slash3": "variable.attack_time && query.scoreboard('attack_delay') <= 12 && query.scoreboard('attack_delay') >= 10"
						},
						{
							"default": "query.scoreboard('attack_delay') >= 14"
						}
					]
				},
				"attack_doom_x_godaxe_brutal_slash3": {
					"on_entry": [
						"/playsound items.brutal_slash2 @a[r=30]",
						"/particle god_slash ~ ~ ~"
					],
					"on_exit": [
						"/scoreboard players set @s attack_delay 0"
					],
					"transitions": [
						{
							"attack_doom_x_godaxe_brutal_slash1": "variable.attack_time && query.scoreboard('attack_delay') >= 8 && !q.is_using_item"
						},
						{
							"default": "query.scoreboard('attack_delay') >= 15"
                        }
					]
				},
			    "attack_dragon_slash1": {
					"on_entry": [
						"/playsound items.dragon_slash @a[r=30]",
						"/particle custom:dragon_slash ~ ~ ~"
					],
					"on_exit": [
						"/scoreboard players set @s attack_delay 0"
					],
					"transitions": [
						{
							"attack_dragon_slash2": "variable.attack_time && query.scoreboard('attack_delay') <= 12 && query.scoreboard('attack_delay') >= 10"
						},
						{
							"default": "query.scoreboard('attack_delay') >= 12"
                         }
					]
				},
			    "attack_dragon_slash2": {
					"on_entry": [
						"/playsound items.dragon_slash @a[r=30]",
						"/particle custom:dragon_slash ~ ~ ~"
					],
					"on_exit": [
						"/scoreboard players set @s attack_delay 0"
					],
					"transitions": [
						{
							"attack_dragon_slash3": "variable.attack_time && query.scoreboard('attack_delay') <= 12 && query.scoreboard('attack_delay') >= 10"
						},
						{
							"default": "query.scoreboard('attack_delay') >= 12"
                        }
					]
				},
			    "attack_dragon_slash3": {
					"on_entry": [
						"/playsound items.dragon_slash @a[r=30]",
						"/particle custom:dragon_slash ~ ~ ~"
					],
					"on_exit": [
						"/scoreboard players set @s attack_delay 0"
					],
					"transitions": [
						{
							"attack_dragon_slash1": "variable.attack_time && query.scoreboard('attack_delay') <= 12 && query.scoreboard('attack_delay') >= 10"
						},
						{
							"default": "query.scoreboard('attack_delay') >= 12"
                         }
					]
				},
			    "attack_dagger_slash1": {
					"on_entry": [
						"/playsound items.blood_slash_1 @a[r=30]",
                        "/effect @s invisibility 0 0 true",
                        "/effect @s speed 0 0 true",
						"/particle bl:slash_red ~ ~ ~"
					],
					"on_exit": [
						"/scoreboard players set @s attack_delay 0"
					],
					"transitions": [
						{
							"attack_dagger_slash2": "variable.attack_time && query.scoreboard('attack_delay') <= 12 && query.scoreboard('attack_delay') >= 10"
						},
						{
							"default": "query.scoreboard('attack_delay') >= 10"
                         }
					]
				},
			    "attack_dagger_slash2": {
					"on_entry": [
						"/playsound items.blood_slash_1 @a[r=30]",
						"/particle bl:slash_red ~ ~ ~"
					],
					"on_exit": [
						"/scoreboard players set @s attack_delay 0"
					],
					"transitions": [
						{
							"attack_dagger_slash3": "variable.attack_time && query.scoreboard('attack_delay') <= 12 && query.scoreboard('attack_delay') >= 10"
						},
						{
							"default": "query.scoreboard('attack_delay') >= 10"
                         }
					]
				},
			    "attack_dagger_slash3": {
					"on_entry": [
						"/playsound items.blood_slash_2 @a[r=30]",
						"/particle bl:slash_red ~ ~ ~"
					],
					"on_exit": [
						"/scoreboard players set @s attack_delay 0"
					],
					"transitions": [
						{
							"attack_dagger_slash4": "variable.attack_time && query.scoreboard('attack_delay') <= 12 && query.scoreboard('attack_delay') >= 10"
						},
						{
							"default": "query.scoreboard('attack_delay') >= 10"
                         }
					]
				},
			    "attack_dagger_slash4": {
					"on_entry": [
						"/playsound items.blood_slash_2 @a[r=30]",
						"/particle bl:slash_red ~ ~ ~"
					],
					"on_exit": [
						"/scoreboard players set @s attack_delay 0"
					],
					"transitions": [
						{
							"attack_dagger_slash1": "variable.attack_time && query.scoreboard('attack_delay') <= 12 && query.scoreboard('attack_delay') >= 10"
						},
						{
							"default": "query.scoreboard('attack_delay') >= 10"
						}
					]
				}
			}
		}
	}
}