{
    "format_version": "1.10.0",
    "animation_controllers": {
        "controller.animation.items.custom": {
            "initial_state": "default",
            "states": {
                "default":{
                    "transitions": [
                        {"avarice_scythe": "(query.get_equipped_item_name == 'avarice_scythe')"},
                        {"doombringer_axe": "(query.get_equipped_item_name == 'doombringer_axe')"},
                        {"doombringer_axe_awaked": "(query.get_equipped_item_name == 'doombringer_axe_awaked')"},
                        {"avarice_scythe_awaked": "(query.get_equipped_item_name == 'avarice_scythe_awaked')"},
                        {"crossbow_envious_arrow": "(query.get_equipped_item_name == 'crossbow_envious_arrow')"},
                        {"dragon_spear": "(query.get_equipped_item_name == 'dragon_spear')"}
                    ]
                },
                "avarice_scythe": {
                    "transitions": [
                        {"default": "(1.0)"}
                    ],
                    "on_entry":[
                        "/particle brutal:soul_particle_1 ~ ~ ~"
                    ]
               },
               "avarice_scythe_awaked": {
                    "transitions": [
                        {"default": "(1.0)"}
                    ],
                    "on_entry":[
                        "/particle custom:soul_ring_1 ~ ~ ~",
                        "/particle custom:soul_ring_2 ~ ~ ~"
                    ]
               },
               "dragon_spear": {
                    "transitions": [
                        {"default": "(1.0)"}
                    ],
                    "on_entry":[
                       "/particle custom:dragon_particle ~ ~ ~"
                    ]
                },
                "crossbow_envious_arrow": {
                    "transitions": [
                        {"default": "(1.0)"}
                    ],
                    "on_entry":[
                        "/particle bl:purple_circle ~ ~ ~"
                    ]
                },
                "doombringer_axe": {
                    "transitions": [
                        {"default": "(1.0)"}
                    ],
                    "on_entry":[
                        "/particle brutal:lava_particle ~ ~ ~"
                    ]
                },
                "doombringer_axe_awaked": {
                    "transitions": [
                        {"default": "(1.0)"}
                    ],
                    "on_entry":[
                        "/particle brutal:lava_particle ~ ~ ~",
                        "/particle brutal:small_smoke_particle ~ ~ ~"
                    ]
                }
            }
        },
        "controller.animation.items.custom_crossbow": {
            "initial_state": "default",
            "states": {
                "default":{
                    "transitions": [
                        {"reload": "(query.get_equipped_item_name == 'crossbow_envious') && (!query.is_sneaking) && (query.item_remaining_use_duration > 0.0)"}
                    ]
                },
                "reload": {
                    "transitions": [
                        {"default": "(query.item_remaining_use_duration <= 0.0)"}
                    ],
                    "on_exit":[
                        "/playsound crossbow.loading.start @a[r=10] ~~~ 1.0",
                        "/replaceitem entity @s slot.weapon.mainhand 0 bl:crossbow_envious_arrow"
                    ]
                }
            }
        },
        "controller.animation.items.custom_use": {
            "initial_state": "default",
            "states": {
                "default":{
                    "transitions": [
                        {"doombringer_axe_change": "(query.get_equipped_item_name == 'doombringer_axe') && (query.is_sneaking) && (!query.is_using_item) && (variable.attack_time > 0.0)"},
                        {"doombringer_axe_use": "(query.get_equipped_item_name == 'doombringer_axe') && query.scoreboard('doombringer') <= 1 && query.scoreboard('doombringer') >= 0 && (query.is_using_item)"},
                        {"doombringer_axe_use1": "(query.get_equipped_item_name == 'doombringer_axe') && query.scoreboard('doombringer') <= 2 && query.scoreboard('doombringer') >= 1 && (query.is_using_item)"},
                        {"doombringer_axe_use2": "(query.get_equipped_item_name == 'doombringer_axe') && query.scoreboard('doombringer') <= 3 && query.scoreboard('doombringer') >= 2 && (query.is_using_item)"},
                        {"doombringer_axe_change2": "(query.get_equipped_item_name == 'doombringer_axe_awaked') && (query.is_sneaking) && (!query.is_using_item) && (variable.attack_time > 0.0)"},
                        {"doombringer_axe_use_2": "(query.get_equipped_item_name == 'doombringer_axe_awaked') && query.scoreboard('doombringer2') <= 1 && query.scoreboard('doombringer2') >= 0 && (query.is_using_item)"},
                        {"doombringer_axe_use1_2": "(query.get_equipped_item_name == 'doombringer_axe_awaked') && query.scoreboard('doombringer2') <= 2 && query.scoreboard('doombringer2') >= 1 && (query.is_using_item)"},
                        {"doombringer_axe_use2_2": "(query.get_equipped_item_name == 'doombringer_axe_awaked') && query.scoreboard('doombringer2') <= 3 && query.scoreboard('doombringer2') >= 2 && (query.is_using_item)"},
                        {"doombringer_axe_use3_2": "(query.get_equipped_item_name == 'doombringer_axe_awaked') && query.scoreboard('doombringer2') <= 4 && query.scoreboard('doombringer2') >= 3 && (query.is_using_item)"},
                        {"doombringer_axe_use4_2": "(query.get_equipped_item_name == 'doombringer_axe_awaked') && query.scoreboard('doombringer2') <= 5 && query.scoreboard('doombringer2') >= 4 && (query.is_using_item)"},
                        {"doombringer_axe_use5_2": "(query.get_equipped_item_name == 'doombringer_axe_awaked') && query.scoreboard('doombringer2') <= 6 && query.scoreboard('doombringer2') >= 5 && (query.is_using_item)"},
                        {"doombringer_axe_use6_2": "(query.get_equipped_item_name == 'doombringer_axe_awaked') && query.scoreboard('doombringer2') <= 7 && query.scoreboard('doombringer2') >= 6 && (query.is_using_item)"},
                        {"doombringer_axe_use7_2": "(query.get_equipped_item_name == 'doombringer_axe_awaked') && query.scoreboard('doombringer2') <= 8 && query.scoreboard('doombringer2') >= 7 && (query.is_using_item)"},
                        {"avarice_scythe_change": "(query.get_equipped_item_name == 'avarice_scythe') && (query.is_sneaking) && (!query.is_using_item) && (variable.attack_time > 0.0)"},
                        {"avarice_scythe_use": "(query.get_equipped_item_name == 'avarice_scythe') && query.scoreboard('avarice') <= 1 && query.scoreboard('avarice') >= 0 && (query.is_using_item)"},
                        {"avarice_scythe_use1": "(query.get_equipped_item_name == 'avarice_scythe') && query.scoreboard('avarice') <= 2 && query.scoreboard('avarice') >= 1 && (query.is_using_item)"},
                        {"avarice_scythe_use2": "(query.get_equipped_item_name == 'avarice_scythe') && query.scoreboard('avarice') <= 3 && query.scoreboard('avarice') >= 2 && (query.is_using_item)"},
                        {"avarice_scythe_use3": "(query.get_equipped_item_name == 'avarice_scythe') && query.scoreboard('avarice') <= 4 && query.scoreboard('avarice') >= 3 && (query.is_using_item)"},
                        {"avarice_scythe_change2": "(query.get_equipped_item_name == 'avarice_scythe_awaked') && (query.is_sneaking) && (!query.is_using_item) && (variable.attack_time > 0.0)"},
                        {"avarice_scythe_use_2": "(query.get_equipped_item_name == 'avarice_scythe_awaked') && query.scoreboard('avarice2') <= 1 && query.scoreboard('avarice2') >= 0 && (query.is_using_item)"},
                        {"avarice_scythe_use1_2": "(query.get_equipped_item_name == 'avarice_scythe_awaked') && query.scoreboard('avarice2') <= 2 && query.scoreboard('avarice2') >= 1 && (query.is_using_item)"},
                        {"avarice_scythe_use2_2": "(query.get_equipped_item_name == 'avarice_scythe_awaked') && query.scoreboard('avarice2') <= 3 && query.scoreboard('avarice2') >= 2 && (query.is_using_item)"},
                        {"avarice_scythe_use3_2": "(query.get_equipped_item_name == 'avarice_scythe_awaked') && query.scoreboard('avarice2') <= 4 && query.scoreboard('avarice2') >= 3 && (query.is_using_item)"},
                        {"avarice_scythe_use4_2": "(query.get_equipped_item_name == 'avarice_scythe_awaked') && query.scoreboard('avarice2') <= 5 && query.scoreboard('avarice2') >= 4 && (query.is_using_item)"},
                        {"avarice_scythe_use5_2": "(query.get_equipped_item_name == 'avarice_scythe_awaked') && query.scoreboard('avarice2') <= 6 && query.scoreboard('avarice2') >= 5 && (query.is_using_item)"},
                        {"envious_crossbow_change": "(query.get_equipped_item_name == 'crossbow_envious_arrow') && (!query.is_using_item) && (variable.attack_time > 0.0)"},
                        {"crossbow_envious_use1": "(query.get_equipped_item_name == 'crossbow_envious_arrow') && query.scoreboard('envious') <= 1 && query.scoreboard('envious') >= 0 && (query.is_using_item) && (query.is_sneaking)"},
                        {"crossbow_envious_use2": "(query.get_equipped_item_name == 'crossbow_envious_arrow') && query.scoreboard('envious') <= 2 && query.scoreboard('envious') >= 1 && (query.is_using_item) && (query.is_sneaking)"},
                        {"crossbow_envious_use3": "(query.get_equipped_item_name == 'crossbow_envious_arrow') && query.scoreboard('envious') <= 3 && query.scoreboard('envious') >= 2 && (query.is_using_item) && (query.is_sneaking)"},
                        {"ass_dash": "(query.get_equipped_item_name == 'dagger_ravenous') && (query.is_sneaking) && (query.is_jumping)"},
                        {"dagger_throw": "(query.get_equipped_item_name == 'dagger_ravenous') && (query.is_jumping) && (variable.attack_time)"},
                        {"shadow_walk": "(query.get_equipped_item_name == 'dagger_ravenous') && (query.is_sneaking) && (query.is_using_item)"},
                        {"shadow_kill": "(query.get_equipped_item_name == 'dagger_ravenous') && (query.is_sneaking) && (variable.attack_time)"},
                        {"dragon_spear_change": "(query.get_equipped_item_name == 'dragon_spear') && (query.is_sneaking) && (!query.is_using_item) && (variable.attack_time > 0.0)"},
                        {"dragon_spear_use": "(query.get_equipped_item_name == 'dragon_spear') && query.scoreboard('dragon') <= 1 && query.scoreboard('dragon') >= 0 && (query.is_using_item)"},
                        {"dragon_spear_use1": "(query.get_equipped_item_name == 'dragon_spear') && query.scoreboard('dragon') <= 2 && query.scoreboard('dragon') >= 1 && (query.is_using_item)"},
                        {"dragon_spear_use2": "(query.get_equipped_item_name == 'dragon_spear') && query.scoreboard('dragon') <= 3 && query.scoreboard('dragon') >= 2 && (query.is_using_item)"}
                    ],
                    "on_exit":[
                        "/tag @p remove custom"
                    ]
                },
                "envious_crossbow_change": {
                    "transitions": [
                        {"default": "(variable.attack_time <= 0.0)"}
                    ],
                    "on_entry":[
                        "/function skills/enviouschange"
                    ]
                },
                "doombringer_axe_change": {
                    "transitions": [
                        {"default": "(variable.attack_time <= 0.0)"}
                    ],
                    "on_entry":[
                        "/function skills/doombringerchange"
                    ]
                },
                "doombringer_axe_change2": {
                    "transitions": [
                        {"default": "(variable.attack_time <= 0.0)"}
                    ],
                    "on_entry":[
                        "/function skills/doombringerchange2"
                    ]
                },
                "avarice_scythe_change2": {
                    "transitions": [
                        {"default": "(variable.attack_time <= 0.0)"}
                    ],
                    "on_entry":[
                        "/function skills/avaricechange2"
                    ]
                },
                "avarice_scythe_change": {
                    "transitions": [
                        {"default": "(variable.attack_time <= 0.0)"}
                    ],
                    "on_entry":[
                        "/function skills/avaricechange"
                    ]
                },
                "doombringer_axe_change": {
                    "transitions": [
                        {"default": "(variable.attack_time <= 0.0)"}
                    ],
                    "on_entry":[
                        "/function skills/doombringerchange"
                    ]
                },
                "doombringer_axe_use": {
                    "transitions": [
                        {"default": "(query.all_animations_finished)"}
                    ],
                    "animations":[
                        "doombringer_axe_finished"
                    ]
                },
                "doombringer_axe_use1": {
                    "transitions": [
                        {"default": "(query.all_animations_finished)"}
                    ],
                    "animations":[
                        "doombringer_axe_finished1"
                    ]
                },
                "doombringer_axe_use2": {
                    "transitions": [
                        {"default": "(query.all_animations_finished)"}
                    ],
                    "animations":[
                        "doombringer_axe_finished2"
                    ]
                },
                "doombringer_axe_use_2": {
                    "transitions": [
                        {"default": "(query.all_animations_finished)"}
                    ],
                    "animations":[
                        "doombringer_axe_finished"
                    ]
                },
                "doombringer_axe_use1_2": {
                    "transitions": [
                        {"default": "(query.all_animations_finished)"}
                    ],
                    "animations":[
                        "doombringer_axe_finished1"
                    ]
                },
                "doombringer_axe_use2_2": {
                    "transitions": [
                        {"default": "(query.all_animations_finished)"}
                    ],
                    "animations":[
                        "doombringer_axe_finished2"
                    ]
                },
                "doombringer_axe_use3_2": {
                    "transitions": [
                        {"default": "(query.all_animations_finished)"}
                    ],
                    "animations":[
                        "doombringer_axe_finished3"
                    ]
                },
                "doombringer_axe_use4_2": {
                    "transitions": [
                        {"default": "!query.is_using_item"}
                    ],
                    "on_exit":[
                        "/summon custom:knock_1 ~ ~ ~",
                        "/playsound items.warrior_charge @a[r=30]"
                    ]
                },
                "doombringer_axe_use5_2": {
                    "transitions": [
                        {"default": "(query.all_animations_finished)"}
                    ],
                    "animations":[
                        "doombringer_axe_combo"
                    ]
                },
                "doombringer_axe_use6_2": {
                    "transitions": [
                        {"default": "(query.all_animations_finished)"}
                    ],
                    "animations":[
                        "doombringer_axe_combo1"
                    ]
                },
                "doombringer_axe_use7_2": {
                    "transitions": [
                        {"default": "(query.all_animations_finished)"}
                    ],
                    "animations":[
                        "doombringer_axe_combo2"
                    ]
                },
                "avarice_scythe_use": {
                    "transitions": [
                        {"default": "(query.all_animations_finished)"}
                    ],
                    "animations":[
                        "avarice_scythe_finished"
                    ]
                },
                "avarice_scythe_use1": {
                    "transitions": [
                        {"default": "(query.all_animations_finished)"}
                    ],
                    "animations":[
                        "avarice_scythe_finished1"
                    ]
                },
                "avarice_scythe_use2": {
                    "transitions": [
                        {"default": "(query.all_animations_finished)"}
                    ],
                    "animations":[
                        "avarice_scythe_finished2"
                    ]
                },
                "avarice_scythe_use3": {
                    "transitions": [
                        {"default": "(query.all_animations_finished)"}
                    ],
                    "animations":[
                        "avarice_scythe_finished3"
                    ]
                },
                "avarice_scythe_use_2": {
                    "transitions": [
                        {"default": "(query.all_animations_finished)"}
                    ],
                    "animations":[
                        "avarice_scythe_finished4"
                    ]
                },
                "avarice_scythe_use1_2": {
                    "transitions": [
                        {"default": "(query.all_animations_finished)"}
                    ],
                    "animations":[
                        "avarice_scythe_finished1"
                    ]
                },
                "avarice_scythe_use2_2": {
                    "transitions": [
                        {"default": "(query.all_animations_finished)"}
                    ],
                    "animations":[
                        "avarice_scythe_finished2"
                    ]
                },
                "avarice_scythe_use3_2": {
                    "transitions": [
                        {"default": "(query.all_animations_finished)"}
                    ],
                    "animations":[
                        "avarice_scythe_finished5"
                    ]
                },
                "avarice_scythe_use4_2": {
                    "transitions": [
                        {"default": "(query.all_animations_finished)"}
                    ],
                    "animations":[
                        "avarice_scythe_finished6"
                    ]
                },
                "avarice_scythe_use5_2": {
                    "transitions": [
                        {"default": "(query.all_animations_finished)"}
                    ],
                    "animations":[
                        "avarice_scythe_combo"
                    ]
                },
                "crossbow_envious_use1": {
                    "transitions": [
                        {"default": "(query.all_animations_finished)"}
                    ],
                    "animations":[
                        "retreat"
                    ]
                },
                "crossbow_envious_use2": {
                    "transitions": [
                        {"default": "(query.all_animations_finished)"}
                    ],
                    "animations":[
                        "blackhole_shot"
                    ]
                },
                "crossbow_envious_use3": {
                    "transitions": [
                        {"default": "(query.all_animations_finished)"}
                    ],
                    "animations":[
                        "void_rain"
                    ]
                },
                "ass_dash": {
                "transitions": [
                        {"default": "(query.all_animations_finished)"}
                    ],
                    "animations":[
                        "ass_dash"
                    ]
                },
                "dagger_throw": {
                "transitions": [
                        {"default": "(query.all_animations_finished)"}
                    ],
                    "animations":[
                        "dagger_throw"
                    ]
                },
                "shadow_walk": {
                "transitions": [
                        {"default": "(query.all_animations_finished)"}
                    ],
                    "animations":[
                        "shadow_walk"
                    ]
                },
                "shadow_kill": {
                "transitions": [
                        {"default": "(query.all_animations_finished)"}
                    ],
                    "animations":[
                        "shadow_kill"
                     ]
                },
                "dragon_spear_change": {
                    "transitions": [
                        {"default": "(variable.attack_time <= 0.0)"}
                    ],
                    "on_entry":[
                        "/function skills/dragonchange"
                    ]
                },
                "dragon_spear_use": {
                    "transitions": [
                        {"default": "(query.all_animations_finished)"}
                     ],
                     "animations":[
                         "dragon_spear_finished"
                    ]
                },
                "dragon_spear_use1": {
                    "transitions": [
                        {"default": "(query.all_animations_finished)"}
                     ],
                     "animations":[
                        "dragon_spear_finished1"
                     ]
                },
                "dragon_spear_use2": {
                    "transitions": [
                        {"default": "(query.all_animations_finished)"}
                     ],
                     "animations":[
                        "dragon_spear_finished2"
                    ]
                }
            }
        }
    }
}