{
	"format_version": "1.16.0",
	"minecraft:geometry": [
		{
			"description": {
				"identifier": "geometry.avarice_scythe_awaked_back",
				"texture_width": 32,
				"texture_height": 32,
				"visible_bounds_width": 5,
				"visible_bounds_height": 5,
				"visible_bounds_offset": [0, 1.5, 0]
			},
			"bones": [
				{
					"name": "body",
					"pivot": [0, 0, 0],
					"binding": "q.item_slot_to_bone_name(c.item_slot)"
				},
				{
					"name": "bone5",
					"parent": "body",
					"pivot": [0, 0, 0]
				},
				{
					"name": "bone6",
					"parent": "bone5",
					"pivot": [0, 0, 0]
				},
				{
					"name": "avarice_scythe",
					"parent": "bone6",
					"pivot": [0, 0, 0]
				},
				{
					"name": "group",
					"parent": "avarice_scythe",
					"pivot": [-8, 12, -8],
					"cubes": [
						{
							"origin": [-0.2, 21.8, -2.5],
							"size": [0, 4, 5],
							"uv": {
								"north": {"uv": [5.125, 1.5], "uv_size": [0.625, -0.5]},
								"east": {"uv": [30.75, 8.625], "uv_size": [1.25, -1]},
								"south": {"uv": [5.125, 1.5], "uv_size": [0.625, -0.5]},
								"west": {"uv": [30.75, 8.625], "uv_size": [1.25, -1]},
								"up": {"uv": [4.375, 1.625], "uv_size": [0.75, -0.625]},
								"down": {"uv": [4.375, 1.625], "uv_size": [0.75, -0.625]}
							}
						},
						{
							"origin": [-0.1222, 6.8, -26],
							"size": [0, 23, 26],
							"uv": {
								"north": {"uv": [5.125, 1.5], "uv_size": [0.625, -0.5]},
								"east": {"uv": [24, 21.125], "uv_size": [-5.75, -5.5]},
								"south": {"uv": [5.125, 1.5], "uv_size": [0.625, -0.5]},
								"west": {"uv": [26, 21.5], "uv_size": [5.75, -5.5]},
								"up": {"uv": [4.375, 1.625], "uv_size": [0.75, -0.625]},
								"down": {"uv": [4.375, 1.625], "uv_size": [0.75, -0.625]}
							}
						},
						{
							"origin": [-0.1222, 25.8, -4],
							"size": [0, 7, 5],
							"pivot": [3.8, 12.27578, -6.15843],
							"rotation": [32.5, 0, 0],
							"uv": {
								"north": {"uv": [5.125, 1.5], "uv_size": [0.625, -0.5]},
								"east": {"uv": [15.375, 30.125], "uv_size": [-1.5, 1.625]},
								"south": {"uv": [5.125, 1.5], "uv_size": [0.625, -0.5]},
								"west": {"uv": [27.375, 23.75], "uv_size": [2.75, -1.75]},
								"up": {"uv": [4.375, 1.625], "uv_size": [0.75, -0.625]},
								"down": {"uv": [4.375, 1.625], "uv_size": [0.75, -0.625]}
							}
						},
						{
							"origin": [-0.4785, 6.8, -26],
							"size": [0, 23, 26],
							"uv": {
								"north": {"uv": [5.75, 1.5], "uv_size": [-0.625, -0.5]},
								"east": {"uv": [24.75, 21.625], "uv_size": [-5.75, -5.5]},
								"south": {"uv": [5.75, 1.5], "uv_size": [-0.625, -0.5]},
								"west": {"uv": [26, 21.5], "uv_size": [5.75, -5.5]},
								"up": {"uv": [4.375, 1], "uv_size": [0.75, 0.625]},
								"down": {"uv": [4.375, 1], "uv_size": [0.75, 0.625]}
							}
						},
						{
							"origin": [-1.8, 16.5, -1.5],
							"size": [3, 4.8, 3],
							"uv": {
								"north": {"uv": [4.875, 3.125], "uv_size": [-0.75, -0.75]},
								"east": {"uv": [4.125, 3.125], "uv_size": [-0.75, -0.75]},
								"south": {"uv": [4.875, 3.125], "uv_size": [-0.75, -0.75]},
								"west": {"uv": [4.125, 3.125], "uv_size": [-0.75, -0.75]},
								"up": {"uv": [5.625, 2.375], "uv_size": [-0.75, 0.75]},
								"down": {"uv": [5.625, 2.375], "uv_size": [-0.75, 0.75]}
							}
						},
						{
							"origin": [-0.2, 4, 10.48155],
							"size": [0, 11, 9],
							"pivot": [-0.2, 13.43214, 5.68155],
							"rotation": [90, 0, 0],
							"uv": {
								"north": {"uv": [0.375, 3.5], "uv_size": [0.375, 0.5]},
								"east": {"uv": [19.75, 11.375], "uv_size": [2.25, 2.75]},
								"south": {"uv": [0.375, 3.5], "uv_size": [0.375, 0.5]},
								"west": {"uv": [22.875, 11.25], "uv_size": [2.25, -2.75]},
								"up": {"uv": [0.875, 3.5], "uv_size": [-0.375, -0.25]},
								"down": {"uv": [1.75, 3.5], "uv_size": [-0.375, -0.25]}
							}
						},
						{
							"origin": [-0.2, -10, 9.48155],
							"size": [0, 13, 6],
							"pivot": [-0.2, 13.43214, 5.68155],
							"rotation": [175, 0, 0],
							"uv": {
								"north": {"uv": [0.375, 3.5], "uv_size": [0.375, 0.5]},
								"east": {"uv": [19.75, 11.375], "uv_size": [2.25, 2.75]},
								"south": {"uv": [0.375, 3.5], "uv_size": [0.375, 0.5]},
								"west": {"uv": [16, 31], "uv_size": [1.625, -3.875]},
								"up": {"uv": [0.875, 3.5], "uv_size": [-0.375, -0.25]},
								"down": {"uv": [1.75, 3.5], "uv_size": [-0.375, -0.25]}
							}
						},
						{
							"origin": [-0.2, -11, 1.48155],
							"size": [0, 13, 10],
							"pivot": [-0.2, 13.43214, 5.68155],
							"rotation": [170, 0, 0],
							"uv": {
								"north": {"uv": [0.375, 3.5], "uv_size": [0.375, 0.5]},
								"east": {"uv": [10.625, 12], "uv_size": [7.625, 11.875]},
								"south": {"uv": [0.375, 3.5], "uv_size": [0.375, 0.5]},
								"west": {"uv": [30.375, 25.75], "uv_size": [1.625, -3.875]},
								"up": {"uv": [0.875, 3.5], "uv_size": [-0.375, -0.25]},
								"down": {"uv": [1.75, 3.5], "uv_size": [-0.375, -0.25]}
							}
						},
						{
							"origin": [-1.3, 16.4, -2.25],
							"size": [2, 2, 4.5],
							"uv": {
								"north": {"uv": [7.375, 0.5], "uv_size": [-0.5, -0.5]},
								"east": {"uv": [6.875, 0.5], "uv_size": [-1.125, -0.5]},
								"south": {"uv": [7.375, 0.5], "uv_size": [-0.5, -0.5]},
								"west": {"uv": [6.875, 0.5], "uv_size": [-1.125, -0.5]},
								"up": {"uv": [6.875, 0.5], "uv_size": [-1.125, 0.5]},
								"down": {"uv": [6.875, 0.5], "uv_size": [-1.125, 0.5]}
							}
						},
						{
							"origin": [-0.6, 15.4, 2.2],
							"size": [0.8, 0.5, 1],
							"pivot": [-0.2, 16.93564, 3.21336],
							"rotation": [45, 0, 0],
							"uv": {
								"north": {"uv": [0.5, 3.25], "uv_size": [-0.125, -0.25]},
								"east": {"uv": [0, 3], "uv_size": [0.125, 0.25]},
								"south": {"uv": [0.5, 3.25], "uv_size": [-0.125, -0.25]},
								"west": {"uv": [0.125, 3], "uv_size": [-0.125, 0.25]},
								"up": {"uv": [0.375, 3.25], "uv_size": [-0.25, -0.25]},
								"down": {"uv": [0.375, 3], "uv_size": [-0.25, 0.25]}
							}
						},
						{
							"origin": [-0.55, 15.42699, 3.1458],
							"size": [0.7, 0.5, 1],
							"pivot": [-0.2, 16.93564, 3.21336],
							"rotation": [-22.5, 0, 0],
							"uv": {
								"north": {"uv": [0.825, 3], "uv_size": [0.175, 0.125]},
								"east": {"uv": [1, 3], "uv_size": [-0.25, -0.125]},
								"south": {"uv": [0.825, 3], "uv_size": [0.175, 0.125]},
								"west": {"uv": [1, 3], "uv_size": [-0.25, -0.125]},
								"up": {"uv": [0.5, 3], "uv_size": [0.25, 0.175]},
								"down": {"uv": [0.5, 3], "uv_size": [0.25, 0.175]}
							}
						},
						{
							"origin": [-0.7, 15.30065, 3.14225],
							"size": [1, 1.5, 1],
							"pivot": [-0.2, 16.93564, 3.21336],
							"rotation": [45, 0, 0],
							"uv": {
								"north": {"uv": [2.375, 2.25], "uv_size": [-0.375, 0.25]},
								"east": {"uv": [2, 2.75], "uv_size": [-0.375, -0.25]},
								"south": {"uv": [2.375, 2.25], "uv_size": [-0.375, 0.25]},
								"west": {"uv": [2, 2.5], "uv_size": [-0.375, 0.25]},
								"up": {"uv": [2.25, 2.5], "uv_size": [-0.25, 0.25]},
								"down": {"uv": [2.25, 2.5], "uv_size": [-0.25, 0.25]}
							}
						},
						{
							"origin": [-0.95, 16.80065, 2.79225],
							"size": [1.5, 1.5, 1.5],
							"pivot": [-0.2, 16.93564, 3.21336],
							"rotation": [45, 0, 0],
							"uv": {
								"north": {"uv": [0.75, 2.625], "uv_size": [-0.375, 0.375]},
								"east": {"uv": [2, 2.5], "uv_size": [-0.375, -0.375]},
								"south": {"uv": [0.75, 2.625], "uv_size": [-0.375, 0.375]},
								"west": {"uv": [2, 2.125], "uv_size": [-0.375, 0.375]},
								"up": {"uv": [1.625, 2.375], "uv_size": [-0.375, 0.375]},
								"down": {"uv": [1.625, 2.375], "uv_size": [-0.375, 0.375]}
							}
						},
						{
							"origin": [-0.95, 16.80065, -4.29225],
							"size": [1.5, 1.5, 1.5],
							"pivot": [-0.2, 16.93564, -3.21336],
							"rotation": [-45, 0, 0],
							"uv": {
								"north": {"uv": [0.75, 3], "uv_size": [-0.375, -0.375]},
								"east": {"uv": [2, 2.125], "uv_size": [-0.375, 0.375]},
								"south": {"uv": [0.75, 3], "uv_size": [-0.375, -0.375]},
								"west": {"uv": [2, 2.5], "uv_size": [-0.375, -0.375]},
								"up": {"uv": [1.625, 2.75], "uv_size": [-0.375, -0.375]},
								"down": {"uv": [1.625, 2.75], "uv_size": [-0.375, -0.375]}
							}
						},
						{
							"origin": [-0.7, 15.30065, -4.14225],
							"size": [1, 1.5, 1],
							"pivot": [-0.2, 16.93564, -3.21336],
							"rotation": [-45, 0, 0],
							"uv": {
								"north": {"uv": [2.375, 2.5], "uv_size": [-0.375, -0.25]},
								"east": {"uv": [2, 2.5], "uv_size": [-0.375, 0.25]},
								"south": {"uv": [2.375, 2.5], "uv_size": [-0.375, -0.25]},
								"west": {"uv": [2, 2.75], "uv_size": [-0.375, -0.25]},
								"up": {"uv": [2.25, 2.75], "uv_size": [-0.25, -0.25]},
								"down": {"uv": [2.25, 2.75], "uv_size": [-0.25, -0.25]}
							}
						},
						{
							"origin": [-0.6, 15.4, -3.2],
							"size": [0.8, 0.5, 1],
							"pivot": [-0.2, 16.93564, -3.21336],
							"rotation": [-45, 0, 0],
							"uv": {
								"north": {"uv": [0.5, 3], "uv_size": [-0.125, 0.25]},
								"east": {"uv": [0, 3.25], "uv_size": [0.125, -0.25]},
								"south": {"uv": [0.5, 3], "uv_size": [-0.125, 0.25]},
								"west": {"uv": [0.125, 3.25], "uv_size": [-0.125, -0.25]},
								"up": {"uv": [0.375, 3], "uv_size": [-0.25, 0.25]},
								"down": {"uv": [0.375, 3.25], "uv_size": [-0.25, -0.25]}
							}
						},
						{
							"origin": [-0.55, 15.42699, -4.1458],
							"size": [0.7, 0.5, 1],
							"pivot": [-0.2, 16.93564, -3.21336],
							"rotation": [22.5, 0, 0],
							"uv": {
								"north": {"uv": [1, 3], "uv_size": [-0.175, 0.125]},
								"east": {"uv": [0.75, 3], "uv_size": [0.25, -0.125]},
								"south": {"uv": [1, 3], "uv_size": [-0.175, 0.125]},
								"west": {"uv": [0.75, 3], "uv_size": [0.25, -0.125]},
								"up": {"uv": [0.75, 3], "uv_size": [-0.25, 0.175]},
								"down": {"uv": [0.75, 3], "uv_size": [-0.25, 0.175]}
							}
						},
						{
							"origin": [-2.3, 22.84564, 4.33995],
							"size": [4.1, 2, 0.5],
							"pivot": [11.9, 15.04564, 10.93995],
							"rotation": [22.5, 0, 0],
							"uv": {
								"north": {"uv": [5, 23.25], "uv_size": [1.25, 0.375]},
								"east": {"uv": [6.25, 24], "uv_size": [1.25, 0.125]},
								"south": {"uv": [6.25, 24], "uv_size": [1.25, 0.125]},
								"west": {"uv": [3.5, 22.625], "uv_size": [0.125, 0.375]},
								"up": {"uv": [7.5, 24.125], "uv_size": [-1.25, -0.125]},
								"down": {"uv": [7, 24], "uv_size": [-1.25, -0.375]}
							}
						},
						{
							"origin": [-2.3, 14.9, -6.6],
							"size": [4.1, 2, 0.5],
							"pivot": [11.9, 7.1, 8],
							"rotation": [-22.5, 0, 0],
							"uv": {
								"north": {"uv": [5.125, 23.25], "uv_size": [1.125, 0.375]},
								"east": {"uv": [6.25, 24], "uv_size": [1.25, 0.125]},
								"south": {"uv": [6.25, 24], "uv_size": [1.25, 0.125]},
								"west": {"uv": [3.5, 22.625], "uv_size": [0.125, 0.375]},
								"up": {"uv": [7.5, 24.125], "uv_size": [-1.25, -0.125]},
								"down": {"uv": [7, 24], "uv_size": [-1.25, -0.375]}
							}
						},
						{
							"origin": [-2.3, 14.3, -6],
							"size": [4.1, 2, 0.5],
							"pivot": [11.9, 7.1, 8],
							"rotation": [-22.5, 0, 0],
							"uv": {
								"north": {"uv": [3.25, 28.75], "uv_size": [3.125, 0.125]},
								"east": {"uv": [3.25, 28.75], "uv_size": [3.125, 0.125]},
								"south": {"uv": [3.25, 28.75], "uv_size": [3.125, 0.125]},
								"west": {"uv": [3.25, 28.75], "uv_size": [3.125, 0.125]},
								"up": {"uv": [6.375, 28.875], "uv_size": [-3.125, -0.125]},
								"down": {"uv": [6.375, 28.875], "uv_size": [-3.125, -0.125]}
							}
						},
						{
							"origin": [-2.3, 16.4, 0.6],
							"size": [4.1, 0.4, 0.2],
							"uv": {
								"north": {"uv": [7.25, 26.375], "uv_size": [1.125, 0.25]},
								"east": {"uv": [3.75, 25.375], "uv_size": [0.625, 0.125]},
								"south": {"uv": [3.75, 25.75], "uv_size": [0.75, 0.25]},
								"west": {"uv": [3.75, 25.5], "uv_size": [0.625, 0.125]},
								"up": {"uv": [4.375, 25.75], "uv_size": [-0.625, -0.125]},
								"down": {"uv": [4.5, 26], "uv_size": [-0.125, -0.25]}
							}
						},
						{
							"origin": [-2.3, 16.4, -1.1],
							"size": [4.1, 0.4, 0.2],
							"uv": {
								"north": {"uv": [7.25, 26.375], "uv_size": [1.125, 0.25]},
								"east": {"uv": [3.75, 25.375], "uv_size": [0.625, 0.125]},
								"south": {"uv": [3.75, 25.75], "uv_size": [0.75, 0.25]},
								"west": {"uv": [3.75, 25.5], "uv_size": [0.625, 0.125]},
								"up": {"uv": [4.375, 25.75], "uv_size": [-0.625, -0.125]},
								"down": {"uv": [4.5, 26], "uv_size": [-0.125, -0.25]}
							}
						},
						{
							"origin": [-2.3, 18, -1.1],
							"size": [4.1, 0.4, 1.9],
							"uv": {
								"north": {"uv": [3.125, 28.75], "uv_size": [3.275, 0.125]},
								"east": {"uv": [3.125, 28.75], "uv_size": [3.275, 0.125]},
								"south": {"uv": [3.125, 28.75], "uv_size": [3.275, 0.125]},
								"west": {"uv": [3.125, 28.75], "uv_size": [3.275, 0.125]},
								"up": {"uv": [6.4, 28.875], "uv_size": [-3.275, -0.125]},
								"down": {"uv": [6.4, 28.875], "uv_size": [-3.275, -0.125]}
							}
						},
						{
							"origin": [-2.3, 17, -1.1],
							"size": [4.1, 0.3, 0.3],
							"uv": {
								"north": {"uv": [4, 26], "uv_size": [0.5, 0.5]},
								"east": {"uv": [4, 26], "uv_size": [0.5, 0.5]},
								"south": {"uv": [4, 26], "uv_size": [0.5, 0.5]},
								"west": {"uv": [4, 26], "uv_size": [0.5, 0.5]},
								"up": {"uv": [4.5, 26.5], "uv_size": [-0.5, -0.5]},
								"down": {"uv": [4.5, 26.5], "uv_size": [-0.5, -0.5]}
							}
						},
						{
							"origin": [-2.3, 17, -0.7],
							"size": [4.1, 0.3, 0.3],
							"uv": {
								"north": {"uv": [4, 26], "uv_size": [0.5, 0.5]},
								"east": {"uv": [4, 26], "uv_size": [0.5, 0.5]},
								"south": {"uv": [4, 26], "uv_size": [0.5, 0.5]},
								"west": {"uv": [4, 26], "uv_size": [0.5, 0.5]},
								"up": {"uv": [4.5, 26.5], "uv_size": [-0.5, -0.5]},
								"down": {"uv": [4.5, 26.5], "uv_size": [-0.5, -0.5]}
							}
						},
						{
							"origin": [-2.3, 17, 0.5],
							"size": [4.1, 0.3, 0.3],
							"uv": {
								"north": {"uv": [4, 26], "uv_size": [0.5, 0.5]},
								"east": {"uv": [4, 26], "uv_size": [0.5, 0.5]},
								"south": {"uv": [4, 26], "uv_size": [0.5, 0.5]},
								"west": {"uv": [4, 26], "uv_size": [0.5, 0.5]},
								"up": {"uv": [4.5, 26.5], "uv_size": [-0.5, -0.5]},
								"down": {"uv": [4.5, 26.5], "uv_size": [-0.5, -0.5]}
							}
						},
						{
							"origin": [-2.3, 17, -0.3],
							"size": [4.1, 0.3, 0.3],
							"uv": {
								"north": {"uv": [4, 26], "uv_size": [0.5, 0.5]},
								"east": {"uv": [4, 26], "uv_size": [0.5, 0.5]},
								"south": {"uv": [4, 26], "uv_size": [0.5, 0.5]},
								"west": {"uv": [4, 26], "uv_size": [0.5, 0.5]},
								"up": {"uv": [4.5, 26.5], "uv_size": [-0.5, -0.5]},
								"down": {"uv": [4.5, 26.5], "uv_size": [-0.5, -0.5]}
							}
						},
						{
							"origin": [-2.3, 17, 0.1],
							"size": [4.1, 0.3, 0.3],
							"uv": {
								"north": {"uv": [4, 26], "uv_size": [0.5, 0.5]},
								"east": {"uv": [4, 26], "uv_size": [0.5, 0.5]},
								"south": {"uv": [4, 26], "uv_size": [0.5, 0.5]},
								"west": {"uv": [4, 26], "uv_size": [0.5, 0.5]},
								"up": {"uv": [4.5, 26.5], "uv_size": [-0.5, -0.5]},
								"down": {"uv": [4.5, 26.5], "uv_size": [-0.5, -0.5]}
							}
						},
						{
							"origin": [-2.3, 17.7, -0.7],
							"size": [4.1, 0.3, 0.3],
							"uv": {
								"north": {"uv": [4, 26], "uv_size": [0.5, 0.5]},
								"east": {"uv": [4, 26], "uv_size": [0.5, 0.5]},
								"south": {"uv": [4, 26], "uv_size": [0.5, 0.5]},
								"west": {"uv": [4, 26], "uv_size": [0.5, 0.5]},
								"up": {"uv": [4.5, 26.5], "uv_size": [-0.5, -0.5]},
								"down": {"uv": [4.5, 26.5], "uv_size": [-0.5, -0.5]}
							}
						},
						{
							"origin": [-2.3, 17.7, -0.3],
							"size": [4.1, 0.3, 0.3],
							"uv": {
								"north": {"uv": [4, 26], "uv_size": [0.5, 0.5]},
								"east": {"uv": [4, 26], "uv_size": [0.5, 0.5]},
								"south": {"uv": [4, 26], "uv_size": [0.5, 0.5]},
								"west": {"uv": [4, 26], "uv_size": [0.5, 0.5]},
								"up": {"uv": [4.5, 26.5], "uv_size": [-0.5, -0.5]},
								"down": {"uv": [4.5, 26.5], "uv_size": [-0.5, -0.5]}
							}
						},
						{
							"origin": [-2.3, 17.7, 0.1],
							"size": [4.1, 0.3, 0.3],
							"uv": {
								"north": {"uv": [4, 26], "uv_size": [0.5, 0.5]},
								"east": {"uv": [4, 26], "uv_size": [0.5, 0.5]},
								"south": {"uv": [4, 26], "uv_size": [0.5, 0.5]},
								"west": {"uv": [4, 26], "uv_size": [0.5, 0.5]},
								"up": {"uv": [4.5, 26.5], "uv_size": [-0.5, -0.5]},
								"down": {"uv": [4.5, 26.5], "uv_size": [-0.5, -0.5]}
							}
						},
						{
							"origin": [-2.2, 17.7, 0.7],
							"size": [3.9, 0.4, 0.15679],
							"uv": {
								"north": {"uv": [4, 26.375], "uv_size": [0.5, 0.5]},
								"east": {"uv": [4, 26.375], "uv_size": [0.5, 0.5]},
								"south": {"uv": [4, 26.375], "uv_size": [0.5, 0.5]},
								"west": {"uv": [4, 26.375], "uv_size": [0.5, 0.5]},
								"up": {"uv": [4.5, 26.875], "uv_size": [-0.5, -0.5]},
								"down": {"uv": [4.5, 26.875], "uv_size": [-0.5, -0.5]}
							}
						},
						{
							"origin": [-2.2, 17.7, -1.15678],
							"size": [3.9, 0.5, 0.15679],
							"uv": {
								"north": {"uv": [4, 26.375], "uv_size": [0.5, 0.5]},
								"east": {"uv": [4, 26.375], "uv_size": [0.5, 0.5]},
								"south": {"uv": [4, 26.375], "uv_size": [0.5, 0.5]},
								"west": {"uv": [4, 26.375], "uv_size": [0.5, 0.5]},
								"up": {"uv": [4.5, 26.875], "uv_size": [-0.5, -0.5]},
								"down": {"uv": [4.5, 26.875], "uv_size": [-0.5, -0.5]}
							}
						},
						{
							"origin": [-2.2, 17.8, -1],
							"size": [3.9, 0.2, 0.15679],
							"uv": {
								"north": {"uv": [4, 26.375], "uv_size": [0.5, 0.5]},
								"east": {"uv": [4, 26.375], "uv_size": [0.5, 0.5]},
								"south": {"uv": [4, 26.375], "uv_size": [0.5, 0.5]},
								"west": {"uv": [4, 26.375], "uv_size": [0.5, 0.5]},
								"up": {"uv": [4.5, 26.875], "uv_size": [-0.5, -0.5]},
								"down": {"uv": [4.5, 26.875], "uv_size": [-0.5, -0.5]}
							}
						},
						{
							"origin": [-2.2, 17.8, 0.54321],
							"size": [3.9, 0.2, 0.15679],
							"uv": {
								"north": {"uv": [4, 26.375], "uv_size": [0.5, 0.5]},
								"east": {"uv": [4, 26.375], "uv_size": [0.5, 0.5]},
								"south": {"uv": [4, 26.375], "uv_size": [0.5, 0.5]},
								"west": {"uv": [4, 26.375], "uv_size": [0.5, 0.5]},
								"up": {"uv": [4.5, 26.875], "uv_size": [-0.5, -0.5]},
								"down": {"uv": [4.5, 26.875], "uv_size": [-0.5, -0.5]}
							}
						},
						{
							"origin": [-2.3, 16.8, -1.1],
							"size": [4.1, 0.2, 1.9],
							"uv": {
								"north": {"uv": [1.625, 24.875], "uv_size": [2.125, 0.5]},
								"east": {"uv": [1.625, 24.875], "uv_size": [2.125, 0.5]},
								"south": {"uv": [1.625, 24.875], "uv_size": [2.125, 0.5]},
								"west": {"uv": [1.625, 24.875], "uv_size": [2.125, 0.5]},
								"up": {"uv": [3.75, 25.375], "uv_size": [-2.125, -0.5]},
								"down": {"uv": [3.75, 25.375], "uv_size": [-2.125, -0.5]}
							}
						},
						{
							"origin": [-2.3, 13.8, 2],
							"size": [4.1, 0.4, 0.2],
							"pivot": [11.9, 7.2, -8.4],
							"rotation": [22.5, 0, 0],
							"uv": {
								"north": {"uv": [0, 26], "uv_size": [0.5, 0.5]},
								"east": {"uv": [0, 26], "uv_size": [0.5, 0.5]},
								"south": {"uv": [0, 26], "uv_size": [0.5, 0.5]},
								"west": {"uv": [0, 26], "uv_size": [0.5, 0.5]},
								"up": {"uv": [0.5, 26.5], "uv_size": [-0.5, -0.5]},
								"down": {"uv": [0.5, 26.5], "uv_size": [-0.5, -0.5]}
							}
						},
						{
							"origin": [-2.4, 20.28268, -3.72388],
							"size": [4.3, 0.4, 0.4],
							"pivot": [11.9, 7.58268, -9.72388],
							"rotation": [-22.5, 0, 0],
							"uv": {
								"north": {"uv": [9.875, 25.625], "uv_size": [-2.625, 0.25]},
								"east": {"uv": [7, 25.625], "uv_size": [-0.125, 0.25]},
								"south": {"uv": [9.375, 25], "uv_size": [-2.625, 0.25]},
								"west": {"uv": [7, 25.625], "uv_size": [-0.125, 0.25]},
								"up": {"uv": [6.75, 26], "uv_size": [2.625, 0.25]},
								"down": {"uv": [6.75, 25.5], "uv_size": [2.625, -0.25]}
							}
						},
						{
							"origin": [-2.4, 13.47674, 1.68582],
							"size": [4.3, 0.4, 0.3],
							"pivot": [11.9, 7.77674, -8.31418],
							"rotation": [22.5, 0, 0],
							"uv": {
								"north": {"uv": [9.875, 25.625], "uv_size": [-2.625, 0.25]},
								"east": {"uv": [7, 25.625], "uv_size": [-0.125, 0.25]},
								"south": {"uv": [9.375, 25], "uv_size": [-2.625, 0.25]},
								"west": {"uv": [7, 25.625], "uv_size": [-0.125, 0.25]},
								"up": {"uv": [6.75, 26], "uv_size": [2.625, 0.25]},
								"down": {"uv": [6.75, 25.5], "uv_size": [2.625, -0.25]}
							}
						},
						{
							"origin": [-2.3, 20.3, -3.8],
							"size": [4.1, 0.3, 0.2],
							"pivot": [11.9, 7.2, -8.8],
							"rotation": [-22.5, 0, 0],
							"uv": {
								"north": {"uv": [2.75, 24.5], "uv_size": [0.5, 0.5]},
								"east": {"uv": [2.75, 24.5], "uv_size": [0.5, 0.5]},
								"south": {"uv": [2.75, 24.5], "uv_size": [0.5, 0.5]},
								"west": {"uv": [2.75, 24.5], "uv_size": [0.5, 0.5]},
								"up": {"uv": [3.25, 25], "uv_size": [-0.5, -0.5]},
								"down": {"uv": [3.25, 25], "uv_size": [-0.5, -0.5]}
							}
						},
						{
							"origin": [-2.3, 29.9, -1.3],
							"size": [4.1, 1.7, 0.4],
							"pivot": [11.9, 21.9, -14.4],
							"rotation": [-45, 0, 0],
							"uv": {
								"north": {"uv": [3.625, 28.5], "uv_size": [2.4, 0.075]},
								"east": {"uv": [3.625, 28.5], "uv_size": [2.4, 0.075]},
								"south": {"uv": [3.625, 28.5], "uv_size": [2.4, 0.075]},
								"west": {"uv": [3.625, 28.5], "uv_size": [2.4, 0.075]},
								"up": {"uv": [6.025, 28.575], "uv_size": [-2.4, -0.075]},
								"down": {"uv": [6.025, 28.575], "uv_size": [-2.4, -0.075]}
							}
						},
						{
							"origin": [-2.3, 14.5, 5.4],
							"size": [4.1, 2, 0.5],
							"pivot": [11.9, 7, -7.7],
							"rotation": [22.5, 0, 0],
							"uv": {
								"north": {"uv": [2.5, 28.75], "uv_size": [3.875, 0.125]},
								"east": {"uv": [2.5, 28.75], "uv_size": [3.875, 0.125]},
								"south": {"uv": [2.5, 28.75], "uv_size": [3.875, 0.125]},
								"west": {"uv": [2.5, 28.75], "uv_size": [3.875, 0.125]},
								"up": {"uv": [6.375, 28.875], "uv_size": [-3.875, -0.125]},
								"down": {"uv": [6.375, 28.875], "uv_size": [-3.875, -0.125]}
							}
						},
						{
							"origin": [-2.3, 20.5, -1.4],
							"size": [4.1, 0.5, 2.6],
							"uv": {
								"north": {"uv": [3.875, 28.75], "uv_size": [2.5, 0.125]},
								"east": {"uv": [3.875, 28.75], "uv_size": [2.5, 0.125]},
								"south": {"uv": [3.875, 28.75], "uv_size": [2.5, 0.125]},
								"west": {"uv": [3.875, 28.75], "uv_size": [2.5, 0.125]},
								"up": {"uv": [6.375, 28.875], "uv_size": [-2.5, -0.125]},
								"down": {"uv": [6.375, 28.875], "uv_size": [-2.5, -0.125]}
							}
						},
						{
							"origin": [-2.4, 19.8, -0.9],
							"size": [4.3, 0.2, 1.7],
							"uv": {
								"north": {"uv": [5, 30.25], "uv_size": [0.375, 0.125]},
								"east": {"uv": [5, 30.25], "uv_size": [0.375, 0.125]},
								"south": {"uv": [5, 30.25], "uv_size": [0.375, 0.125]},
								"west": {"uv": [5, 30.25], "uv_size": [0.375, 0.125]},
								"up": {"uv": [5.375, 30.375], "uv_size": [-0.375, -0.125]},
								"down": {"uv": [5.375, 30.375], "uv_size": [-0.375, -0.125]}
							}
						},
						{
							"origin": [-2.3, 20.9, 9.8],
							"size": [4.1, 0.4, 1.6],
							"pivot": [11.9, 34.5, 1.7],
							"rotation": [-45, 0, 0],
							"uv": {
								"north": {"uv": [3.625, 28.75], "uv_size": [2.75, 0.125]},
								"east": {"uv": [3.625, 28.75], "uv_size": [2.75, 0.125]},
								"south": {"uv": [3.625, 28.75], "uv_size": [2.75, 0.125]},
								"west": {"uv": [3.625, 28.75], "uv_size": [2.75, 0.125]},
								"up": {"uv": [6.375, 28.875], "uv_size": [-2.75, -0.125]},
								"down": {"uv": [6.375, 28.875], "uv_size": [-2.75, -0.125]}
							}
						},
						{
							"origin": [-2.4, 20, -0.7],
							"size": [4.3, 1.5, 1.3],
							"uv": {
								"north": {"uv": [6.25, 24.5], "uv_size": [0.375, 0.375]},
								"east": {"uv": [6.25, 24.5], "uv_size": [0.375, 0.375]},
								"south": {"uv": [6.25, 24.5], "uv_size": [0.375, 0.375]},
								"west": {"uv": [6.25, 24.5], "uv_size": [0.375, 0.375]},
								"up": {"uv": [6.625, 24.875], "uv_size": [-0.375, -0.375]},
								"down": {"uv": [6.625, 24.875], "uv_size": [-0.375, -0.375]}
							}
						},
						{
							"origin": [-2.3, 16.9, -7.2],
							"size": [4.1, 0.4, 1.1],
							"pivot": [11.9, 7.1, 8],
							"rotation": [-22.5, 0, 0],
							"uv": {
								"north": {"uv": [7.5, 24], "uv_size": [-1.25, 0.125]},
								"east": {"uv": [5.375, 23.375], "uv_size": [-1.25, 0.25]},
								"south": {"uv": [5.25, 23.625], "uv_size": [-1.25, 0.125]},
								"west": {"uv": [4.75, 23.125], "uv_size": [-0.375, 0.125]},
								"up": {"uv": [5.375, 24], "uv_size": [1.375, -0.375]},
								"down": {"uv": [3.875, 23.875], "uv_size": [1.375, -0.125]}
							}
						},
						{
							"origin": [-2.3, 25.84061, 4.14204],
							"size": [4.1, 0.4, 1.1],
							"pivot": [9.9, 16.04061, 13.34204],
							"rotation": [22.5, 0, 0],
							"uv": {
								"north": {"uv": [7.5, 24], "uv_size": [-1.25, 0.125]},
								"east": {"uv": [5.375, 23.375], "uv_size": [-1.25, 0.25]},
								"south": {"uv": [5.25, 23.625], "uv_size": [-1.25, 0.125]},
								"west": {"uv": [4.75, 23.125], "uv_size": [-0.375, 0.125]},
								"up": {"uv": [5.375, 24], "uv_size": [1.375, -0.375]},
								"down": {"uv": [3.875, 23.875], "uv_size": [1.375, -0.125]}
							}
						}
					]
				},
				{
					"name": "bone",
					"parent": "avarice_scythe",
					"pivot": [8, 0, -8],
					"cubes": [
						{
							"origin": [-1.45, 16.88922, -13.80421],
							"size": [2.5, 2, 2],
							"pivot": [-0.2, 5.08501, 0],
							"rotation": [-45, 0, 0],
							"uv": {
								"north": {"uv": [3.375, 0.5], "uv_size": [-0.5, 0.5]},
								"east": {"uv": [3.375, 0.5], "uv_size": [-0.5, -0.5]},
								"south": {"uv": [3.375, 1.5], "uv_size": [-0.5, -0.5]},
								"west": {"uv": [3.375, 0.5], "uv_size": [-0.5, -0.5]},
								"up": {"uv": [2.875, 1], "uv_size": [0.5, 0.5]},
								"down": {"uv": [2.875, 0.5], "uv_size": [0.5, 0.5]}
							}
						},
						{
							"origin": [-0.7, 22.2, 0],
							"size": [1, 1.5, 2],
							"pivot": [-0.2, 23.675, 1.575],
							"rotation": [22.5, 0, 0],
							"uv": {
								"north": {"uv": [1, 3.25], "uv_size": [0.25, -0.375]},
								"east": {"uv": [1.75, 3.125], "uv_size": [-0.5, -0.375]},
								"south": {"uv": [1, 3.25], "uv_size": [0.25, -0.375]},
								"west": {"uv": [1.25, 3.125], "uv_size": [0.5, -0.375]},
								"up": {"uv": [1.75, 3], "uv_size": [0.5, -0.25]},
								"down": {"uv": [1.75, 3], "uv_size": [0.5, -0.25]}
							}
						},
						{
							"origin": [-0.6, 23.08188, 1.52574],
							"size": [0.8, 1.5, 1],
							"pivot": [-0.2, 23.675, 1.575],
							"rotation": [-22.5, 0, 0],
							"uv": {
								"north": {"uv": [2.875, 2], "uv_size": [-0.375, 0.2]},
								"east": {"uv": [2.5, 1.75], "uv_size": [0.375, 0.25]},
								"south": {"uv": [2.875, 2], "uv_size": [-0.375, 0.2]},
								"west": {"uv": [2.875, 1.75], "uv_size": [-0.375, 0.25]},
								"up": {"uv": [2.625, 2.25], "uv_size": [-0.2, 0.25]},
								"down": {"uv": [2.625, 2.25], "uv_size": [-0.2, 0.25]}
							}
						},
						{
							"origin": [-0.45, 23.9, 1.9],
							"size": [0.5, 1, 0.5],
							"pivot": [-0.2, 23.675, 1.575],
							"rotation": [22.5, 0, 0],
							"uv": {
								"north": {"uv": [2.5, 2.5], "uv_size": [-0.25, 0.125]},
								"east": {"uv": [2.5, 2.5], "uv_size": [-0.25, 0.125]},
								"south": {"uv": [2.5, 2.5], "uv_size": [-0.25, 0.125]},
								"west": {"uv": [2.5, 2.5], "uv_size": [-0.25, 0.125]},
								"up": {"uv": [2.625, 2.5], "uv_size": [-0.125, 0.125]},
								"down": {"uv": [2.625, 2.5], "uv_size": [-0.125, 0.125]}
							}
						},
						{
							"origin": [-0.7, 22.2, -2],
							"size": [1, 1.5, 2],
							"pivot": [-0.2, 23.675, -1.575],
							"rotation": [-22.5, 0, 0],
							"uv": {
								"north": {"uv": [1.25, 3.25], "uv_size": [-0.25, -0.375]},
								"east": {"uv": [1.25, 3.125], "uv_size": [0.5, -0.375]},
								"south": {"uv": [1.25, 3.25], "uv_size": [-0.25, -0.375]},
								"west": {"uv": [1.75, 3.125], "uv_size": [-0.5, -0.375]},
								"up": {"uv": [2.25, 3], "uv_size": [-0.5, -0.25]},
								"down": {"uv": [2.25, 3], "uv_size": [-0.5, -0.25]}
							}
						},
						{
							"origin": [-0.6, 23.08188, -2.52574],
							"size": [0.8, 1.5, 1],
							"pivot": [-0.2, 23.675, -1.575],
							"rotation": [22.5, 0, 0],
							"uv": {
								"north": {"uv": [2.875, 2.2], "uv_size": [-0.375, -0.2]},
								"east": {"uv": [2.5, 2], "uv_size": [0.375, -0.25]},
								"south": {"uv": [2.875, 2.2], "uv_size": [-0.375, -0.2]},
								"west": {"uv": [2.875, 2], "uv_size": [-0.375, -0.25]},
								"up": {"uv": [2.625, 2.5], "uv_size": [-0.2, -0.25]},
								"down": {"uv": [2.625, 2.5], "uv_size": [-0.2, -0.25]}
							}
						},
						{
							"origin": [-0.45, 23.9, -2.4],
							"size": [0.5, 1, 0.5],
							"pivot": [-0.2, 23.675, -1.575],
							"rotation": [-22.5, 0, 0],
							"uv": {
								"north": {"uv": [2.5, 2.625], "uv_size": [-0.25, -0.125]},
								"east": {"uv": [2.5, 2.625], "uv_size": [-0.25, -0.125]},
								"south": {"uv": [2.5, 2.625], "uv_size": [-0.25, -0.125]},
								"west": {"uv": [2.5, 2.625], "uv_size": [-0.25, -0.125]},
								"up": {"uv": [2.625, 2.625], "uv_size": [-0.125, -0.125]},
								"down": {"uv": [2.625, 2.625], "uv_size": [-0.125, -0.125]}
							}
						},
						{
							"origin": [-0.95, 15, 0.65],
							"size": [1.5, 2.7, 1.3],
							"pivot": [-0.2, 13.21499, 0],
							"rotation": [22.5, 0, 0],
							"uv": {
								"north": {"uv": [27.5, 27.25], "uv_size": [0.375, 0.625]},
								"east": {"uv": [27.5, 27.25], "uv_size": [0.375, 0.625]},
								"south": {"uv": [27.5, 27.25], "uv_size": [0.375, 0.625]},
								"west": {"uv": [27.5, 27.25], "uv_size": [0.375, 0.625]},
								"up": {"uv": [27.875, 27.875], "uv_size": [-0.375, -0.625]},
								"down": {"uv": [27.875, 27.875], "uv_size": [-0.375, -0.625]}
							}
						},
						{
							"origin": [-0.95, 12.6, -0.15],
							"size": [1.5, 3.1, 1.3],
							"uv": {
								"north": {"uv": [26, 27], "uv_size": [0.375, 0.5]},
								"east": {"uv": [26, 27], "uv_size": [0.375, 0.5]},
								"south": {"uv": [26, 27], "uv_size": [0.375, 0.5]},
								"west": {"uv": [26, 27], "uv_size": [0.375, 0.5]},
								"up": {"uv": [26.375, 27.5], "uv_size": [-0.375, -0.5]},
								"down": {"uv": [26.375, 27.5], "uv_size": [-0.375, -0.5]}
							}
						},
						{
							"origin": [-0.95, 10.1, -0.05],
							"size": [1.5, 3.1, 1.3],
							"pivot": [-0.2, 13.21499, 0],
							"rotation": [-22.5, 0, 0],
							"uv": {
								"north": {"uv": [24.875, 27.5], "uv_size": [-0.375, -0.75]},
								"east": {"uv": [24.875, 27.5], "uv_size": [-0.375, -0.75]},
								"south": {"uv": [24.875, 27.5], "uv_size": [-0.375, -0.75]},
								"west": {"uv": [24.875, 27.5], "uv_size": [-0.375, -0.75]},
								"up": {"uv": [24.5, 26.75], "uv_size": [0.375, 0.75]},
								"down": {"uv": [24.5, 26.75], "uv_size": [0.375, 0.75]}
							}
						},
						{
							"origin": [-0.95, 7.5, -0.05],
							"size": [1.5, 2.6, 1.3],
							"pivot": [-0.2, 13.21499, 0],
							"rotation": [-22.5, 0, 0],
							"uv": {
								"north": {"uv": [24.5, 26.75], "uv_size": [0.375, 0.75]},
								"east": {"uv": [24.5, 26.75], "uv_size": [0.375, 0.75]},
								"south": {"uv": [24.5, 26.75], "uv_size": [0.375, 0.75]},
								"west": {"uv": [24.5, 26.75], "uv_size": [0.375, 0.75]},
								"up": {"uv": [24.875, 27.5], "uv_size": [-0.375, -0.75]},
								"down": {"uv": [24.875, 27.5], "uv_size": [-0.375, -0.75]}
							}
						},
						{
							"origin": [-0.95, -3.3, -2.15],
							"size": [1.5, 11, 1.3],
							"uv": {
								"north": {"uv": [24.875, 24], "uv_size": [-0.375, 2.125]},
								"east": {"uv": [24.875, 24], "uv_size": [-0.375, 2.125]},
								"south": {"uv": [24.875, 24], "uv_size": [-0.375, 2.125]},
								"west": {"uv": [24.875, 24], "uv_size": [-0.375, 2.125]},
								"up": {"uv": [24.5, 26.125], "uv_size": [0.375, -2.125]},
								"down": {"uv": [24.5, 26.125], "uv_size": [0.375, -2.125]}
							}
						},
						{
							"origin": [-0.95, -2.8, -6.15],
							"size": [1.5, 1.1, 1.3],
							"pivot": [-0.2, 7.41499, 0],
							"rotation": [22.5, 0, 0],
							"uv": {
								"north": {"uv": [24, 26.375], "uv_size": [0.375, 1]},
								"east": {"uv": [24, 26.375], "uv_size": [0.375, 1]},
								"south": {"uv": [24, 26.375], "uv_size": [0.375, 1]},
								"west": {"uv": [24, 26.375], "uv_size": [0.375, 1]},
								"up": {"uv": [24.375, 27.375], "uv_size": [-0.375, -1]},
								"down": {"uv": [24.375, 27.375], "uv_size": [-0.375, -1]}
							}
						},
						{
							"origin": [-0.95, -10.1, -1.65],
							"size": [1.5, 6, 1.3],
							"uv": {
								"north": {"uv": [24.5, 26.25], "uv_size": [0.375, 1.25]},
								"east": {"uv": [24.5, 26.25], "uv_size": [0.375, 1.25]},
								"south": {"uv": [24.5, 26.25], "uv_size": [0.375, 1.25]},
								"west": {"uv": [24.5, 26.25], "uv_size": [0.375, 1.25]},
								"up": {"uv": [24.875, 27.5], "uv_size": [-0.375, -1.25]},
								"down": {"uv": [24.875, 27.5], "uv_size": [-0.375, -1.25]}
							}
						},
						{
							"origin": [-0.95, -13.6, 4.95],
							"size": [1.5, 4.7, 1.3],
							"pivot": [-0.2, 7.31499, 0],
							"rotation": [-22.5, 0, 0],
							"uv": {
								"north": {"uv": [24.875, 27], "uv_size": [-0.375, 0.5]},
								"east": {"uv": [24.875, 27], "uv_size": [-0.375, 0.5]},
								"south": {"uv": [24.875, 27], "uv_size": [-0.375, 0.5]},
								"west": {"uv": [24.875, 27], "uv_size": [-0.375, 0.5]},
								"up": {"uv": [24.5, 27.5], "uv_size": [0.375, -0.5]},
								"down": {"uv": [24.5, 27.5], "uv_size": [0.375, -0.5]}
							}
						},
						{
							"origin": [-1.05, -14.9, 4.65],
							"size": [1.7, 1.5, 1.8],
							"pivot": [-0.2, 7.31499, 0],
							"rotation": [-22.5, 0, 0],
							"uv": {
								"north": {"uv": [25, 27.25], "uv_size": [0.5, 0.5]},
								"east": {"uv": [25, 27.25], "uv_size": [0.5, 0.5]},
								"south": {"uv": [25, 27.25], "uv_size": [0.5, 0.5]},
								"west": {"uv": [25, 27.25], "uv_size": [0.5, 0.5]},
								"up": {"uv": [25.5, 27.75], "uv_size": [-0.5, -0.5]},
								"down": {"uv": [25.5, 27.75], "uv_size": [-0.5, -0.5]}
							}
						},
						{
							"origin": [-1.15, 7.6, -2.45],
							"size": [1.9, 0.6, 2],
							"uv": {
								"north": {"uv": [28, 25.5], "uv_size": [-0.375, -0.25]},
								"east": {"uv": [28, 25.5], "uv_size": [-0.375, -0.25]},
								"south": {"uv": [28, 25.5], "uv_size": [-0.375, -0.25]},
								"west": {"uv": [28, 25.5], "uv_size": [-0.375, -0.25]},
								"up": {"uv": [27.625, 25.25], "uv_size": [0.375, 0.25]},
								"down": {"uv": [27.625, 25.25], "uv_size": [0.375, 0.25]}
							}
						},
						{
							"origin": [-1.05, -3.97475, -2.94766],
							"size": [1.7, 0.9, 1.8],
							"pivot": [-0.1, -1.57475, -0.49766],
							"rotation": [22.5, 0, 0],
							"uv": {
								"north": {"uv": [28, 25.5], "uv_size": [-0.375, -0.25]},
								"east": {"uv": [28, 25.5], "uv_size": [-0.375, -0.25]},
								"south": {"uv": [28, 25.5], "uv_size": [-0.375, -0.25]},
								"west": {"uv": [28, 25.5], "uv_size": [-0.375, -0.25]},
								"up": {"uv": [27.625, 25.25], "uv_size": [0.375, 0.25]},
								"down": {"uv": [27.625, 25.25], "uv_size": [0.375, 0.25]}
							}
						},
						{
							"origin": [-1.05, -11.22321, 0.62139],
							"size": [1.7, 0.5, 1.8],
							"pivot": [-0.1, -3.82321, 3.07139],
							"rotation": [-22.5, 0, 0],
							"uv": {
								"north": {"uv": [28, 25.5], "uv_size": [-0.375, -0.25]},
								"east": {"uv": [28, 25.5], "uv_size": [-0.375, -0.25]},
								"south": {"uv": [28, 25.5], "uv_size": [-0.375, -0.25]},
								"west": {"uv": [28, 25.5], "uv_size": [-0.375, -0.25]},
								"up": {"uv": [27.625, 25.25], "uv_size": [0.375, 0.25]},
								"down": {"uv": [27.625, 25.25], "uv_size": [0.375, 0.25]}
							}
						},
						{
							"origin": [-1.05, -15.03844, 0.69793],
							"size": [1.7, 0.5, 1.8],
							"pivot": [-0.1, -3.63844, 3.14793],
							"rotation": [-22.5, 0, 0],
							"uv": {
								"north": {"uv": [28, 25.5], "uv_size": [-0.375, -0.25]},
								"east": {"uv": [28, 25.5], "uv_size": [-0.375, -0.25]},
								"south": {"uv": [28, 25.5], "uv_size": [-0.375, -0.25]},
								"west": {"uv": [28, 25.5], "uv_size": [-0.375, -0.25]},
								"up": {"uv": [27.625, 25.25], "uv_size": [0.375, 0.25]},
								"down": {"uv": [27.625, 25.25], "uv_size": [0.375, 0.25]}
							}
						},
						{
							"origin": [-1.15, 12.7, -0.55],
							"size": [1.9, 0.6, 2],
							"uv": {
								"north": {"uv": [28, 25.5], "uv_size": [-0.375, -0.25]},
								"east": {"uv": [28, 25.5], "uv_size": [-0.375, -0.25]},
								"south": {"uv": [28, 25.5], "uv_size": [-0.375, -0.25]},
								"west": {"uv": [28, 25.5], "uv_size": [-0.375, -0.25]},
								"up": {"uv": [27.625, 25.25], "uv_size": [0.375, 0.25]},
								"down": {"uv": [27.625, 25.25], "uv_size": [0.375, 0.25]}
							}
						},
						{
							"origin": [-1.15, 17.3, 4.69653],
							"size": [1.9, 0.6, 2],
							"pivot": [0, 3.27849, 7.14653],
							"rotation": [22.5, 0, 0],
							"uv": {
								"north": {"uv": [28, 25.5], "uv_size": [-0.375, -0.25]},
								"east": {"uv": [28, 25.5], "uv_size": [-0.375, -0.25]},
								"south": {"uv": [28, 25.5], "uv_size": [-0.375, -0.25]},
								"west": {"uv": [28, 25.5], "uv_size": [-0.375, -0.25]},
								"up": {"uv": [27.625, 25.25], "uv_size": [0.375, 0.25]},
								"down": {"uv": [27.625, 25.25], "uv_size": [0.375, 0.25]}
							}
						},
						{
							"origin": [-1.15, 10.26424, -5.37567],
							"size": [1.9, 0.6, 2],
							"pivot": [0, 0.66424, -2.92567],
							"rotation": [-22.5, 0, 0],
							"uv": {
								"north": {"uv": [28, 25.5], "uv_size": [-0.375, -0.25]},
								"east": {"uv": [28, 25.5], "uv_size": [-0.375, -0.25]},
								"south": {"uv": [28, 25.5], "uv_size": [-0.375, -0.25]},
								"west": {"uv": [28, 25.5], "uv_size": [-0.375, -0.25]},
								"up": {"uv": [27.625, 25.25], "uv_size": [0.375, 0.25]},
								"down": {"uv": [27.625, 25.25], "uv_size": [0.375, 0.25]}
							}
						},
						{
							"origin": [-0.75, 10.8, 0.6],
							"size": [1.1, 2.3, 0.3],
							"pivot": [-0.2, 14.13492, -2.66014],
							"rotation": [25, 0, 0],
							"uv": {
								"north": {"uv": [27.625, 25.375], "uv_size": [-0.125, -0.375]},
								"east": {"uv": [27.625, 25.375], "uv_size": [-0.125, -0.375]},
								"south": {"uv": [27.625, 25.375], "uv_size": [-0.125, -0.375]},
								"west": {"uv": [27.5, 25.375], "uv_size": [0.125, -0.375]},
								"up": {"uv": [27.5, 25.375], "uv_size": [0.125, 0.25]},
								"down": {"uv": [27.5, 25.375], "uv_size": [0.125, 0.25]}
							}
						},
						{
							"origin": [-0.2, -8.18258, -10.24682],
							"size": [0, 2.3, 1.3],
							"pivot": [-0.2, 13.15234, -5.50696],
							"rotation": [25, 0, 0],
							"uv": {
								"north": {"uv": [29.75, 25.5], "uv_size": [-0.125, -0.375]},
								"east": {"uv": [30.125, 26.375], "uv_size": [-0.125, -0.375]},
								"south": {"uv": [31.375, 26], "uv_size": [-0.25, -0.375]},
								"west": {"uv": [31.125, 25.625], "uv_size": [0.25, 0.375]},
								"up": {"uv": [29.875, 25.125], "uv_size": [0.125, 0.25]},
								"down": {"uv": [30.375, 25.875], "uv_size": [0.125, 0.25]}
							}
						},
						{
							"origin": [-0.2, -6.18258, -10.24682],
							"size": [0, 2.3, 1.3],
							"pivot": [-0.2, 13.15234, -5.50696],
							"rotation": [25, 0, 0],
							"uv": {
								"north": {"uv": [29.75, 25.5], "uv_size": [-0.125, -0.375]},
								"east": {"uv": [30.125, 26.375], "uv_size": [-0.125, -0.375]},
								"south": {"uv": [31.375, 26], "uv_size": [-0.25, -0.375]},
								"west": {"uv": [31.125, 25.625], "uv_size": [0.25, 0.375]},
								"up": {"uv": [29.875, 25.125], "uv_size": [0.125, 0.25]},
								"down": {"uv": [30.375, 25.875], "uv_size": [0.125, 0.25]}
							}
						},
						{
							"origin": [-0.75, -8.18258, -9.24682],
							"size": [1.1, 2.3, 0.3],
							"pivot": [-0.2, 13.15234, -5.50696],
							"rotation": [25, 0, 0],
							"uv": {
								"north": {"uv": [27.625, 25.375], "uv_size": [-0.125, -0.375]},
								"east": {"uv": [27.625, 25.375], "uv_size": [-0.125, -0.375]},
								"south": {"uv": [27.625, 25.375], "uv_size": [-0.125, -0.375]},
								"west": {"uv": [27.5, 25.375], "uv_size": [0.125, -0.375]},
								"up": {"uv": [27.5, 25.375], "uv_size": [0.125, 0.25]},
								"down": {"uv": [27.5, 25.375], "uv_size": [0.125, 0.25]}
							}
						},
						{
							"origin": [-0.75, -11, -9],
							"size": [1.1, 2.3, 0.3],
							"pivot": [-0.2, 10.07666, -7.47809],
							"rotation": [25, 0, 0],
							"uv": {
								"north": {"uv": [27.625, 25.375], "uv_size": [-0.125, -0.375]},
								"east": {"uv": [27.625, 25.375], "uv_size": [-0.125, -0.375]},
								"south": {"uv": [27.625, 25.375], "uv_size": [-0.125, -0.375]},
								"west": {"uv": [27.5, 25.375], "uv_size": [0.125, -0.375]},
								"up": {"uv": [27.5, 25.375], "uv_size": [0.125, 0.25]},
								"down": {"uv": [27.5, 25.375], "uv_size": [0.125, 0.25]}
							}
						},
						{
							"origin": [-0.75, -7.23626, -6.39694],
							"size": [1.1, 2.3, 0.3],
							"pivot": [-0.2, 8.09866, -6.65708],
							"rotation": [25, 0, 0],
							"uv": {
								"north": {"uv": [27.625, 25.375], "uv_size": [-0.125, -0.375]},
								"east": {"uv": [27.625, 25.375], "uv_size": [-0.125, -0.375]},
								"south": {"uv": [27.625, 25.375], "uv_size": [-0.125, -0.375]},
								"west": {"uv": [27.5, 25.375], "uv_size": [0.125, -0.375]},
								"up": {"uv": [27.5, 25.375], "uv_size": [0.125, 0.25]},
								"down": {"uv": [27.5, 25.375], "uv_size": [0.125, 0.25]}
							}
						},
						{
							"origin": [-0.75, 9.1, 0.1],
							"size": [1.1, 2, 0.3],
							"pivot": [-0.2, 12.17084, -3.16634],
							"rotation": [20, 0, 0],
							"uv": {
								"north": {"uv": [27.625, 25.375], "uv_size": [-0.125, -0.375]},
								"east": {"uv": [27.625, 25.375], "uv_size": [-0.125, -0.375]},
								"south": {"uv": [27.625, 25.375], "uv_size": [-0.125, -0.375]},
								"west": {"uv": [27.5, 25.375], "uv_size": [0.125, -0.375]},
								"up": {"uv": [27.5, 25.375], "uv_size": [0.125, 0.25]},
								"down": {"uv": [27.5, 25.375], "uv_size": [0.125, 0.25]}
							}
						},
						{
							"origin": [-0.75, 13.07847, 0.1883],
							"size": [1.1, 2, 0.3],
							"pivot": [-0.2, 16.59346, -2.9417],
							"rotation": [25, 0, 0],
							"uv": {
								"north": {"uv": [27.625, 25.375], "uv_size": [-0.125, -0.375]},
								"east": {"uv": [27.625, 25.375], "uv_size": [-0.125, -0.375]},
								"south": {"uv": [27.625, 25.375], "uv_size": [-0.125, -0.375]},
								"west": {"uv": [27.5, 25.375], "uv_size": [0.125, -0.375]},
								"up": {"uv": [27.5, 25.375], "uv_size": [0.125, 0.25]},
								"down": {"uv": [27.5, 25.375], "uv_size": [0.125, 0.25]}
							}
						},
						{
							"origin": [-0.75, 10.61765, -1.1828],
							"size": [1.1, 0.2, 1.3],
							"pivot": [-0.2, 15.13264, -3.3128],
							"rotation": [25, 0, 0],
							"uv": {
								"north": {"uv": [27.75, 25.125], "uv_size": [-0.25, -0.125]},
								"east": {"uv": [27.75, 25.125], "uv_size": [-0.25, -0.125]},
								"south": {"uv": [27.5, 25], "uv_size": [0.25, 0.125]},
								"west": {"uv": [27.5, 25.125], "uv_size": [0.25, -0.125]},
								"up": {"uv": [27.5, 25.375], "uv_size": [0.125, 0.25]},
								"down": {"uv": [27.5, 25.375], "uv_size": [0.125, 0.25]}
							}
						},
						{
							"origin": [-0.75, -5.91552, -9.39975],
							"size": [1.1, 0.2, 1.3],
							"pivot": [-0.2, 12.59947, -4.52975],
							"rotation": [25, 0, 0],
							"uv": {
								"north": {"uv": [27.75, 25.125], "uv_size": [-0.25, -0.125]},
								"east": {"uv": [27.75, 25.125], "uv_size": [-0.25, -0.125]},
								"south": {"uv": [27.5, 25], "uv_size": [0.25, 0.125]},
								"west": {"uv": [27.5, 25.125], "uv_size": [0.25, -0.125]},
								"up": {"uv": [27.5, 25.375], "uv_size": [0.125, 0.25]},
								"down": {"uv": [27.5, 25.375], "uv_size": [0.125, 0.25]}
							}
						},
						{
							"origin": [-0.75, -7.99016, -9.33915],
							"size": [1.1, 0.2, 1.3],
							"pivot": [-0.2, 10.52483, -4.46915],
							"rotation": [25, 0, 0],
							"uv": {
								"north": {"uv": [27.75, 25.125], "uv_size": [-0.25, -0.125]},
								"east": {"uv": [27.75, 25.125], "uv_size": [-0.25, -0.125]},
								"south": {"uv": [27.5, 25], "uv_size": [0.25, 0.125]},
								"west": {"uv": [27.5, 25.125], "uv_size": [0.25, -0.125]},
								"up": {"uv": [27.5, 25.375], "uv_size": [0.125, 0.25]},
								"down": {"uv": [27.5, 25.375], "uv_size": [0.125, 0.25]}
							}
						},
						{
							"origin": [-0.75, -10.08182, -10.25452],
							"size": [1.1, 0.2, 1.3],
							"pivot": [-0.2, 10.43317, -5.38452],
							"rotation": [25, 0, 0],
							"uv": {
								"north": {"uv": [27.75, 25.125], "uv_size": [-0.25, -0.125]},
								"east": {"uv": [27.75, 25.125], "uv_size": [-0.25, -0.125]},
								"south": {"uv": [27.5, 25], "uv_size": [0.25, 0.125]},
								"west": {"uv": [27.5, 25.125], "uv_size": [0.25, -0.125]},
								"up": {"uv": [27.5, 25.375], "uv_size": [0.125, 0.25]},
								"down": {"uv": [27.5, 25.375], "uv_size": [0.125, 0.25]}
							}
						},
						{
							"origin": [-0.75, 8.76498, -2.87238],
							"size": [1.1, 0.2, 1.3],
							"pivot": [-0.2, 15.27997, -4.00238],
							"rotation": [25, 0, 0],
							"uv": {
								"north": {"uv": [27.75, 25.125], "uv_size": [-0.25, -0.125]},
								"east": {"uv": [27.75, 25.125], "uv_size": [-0.25, -0.125]},
								"south": {"uv": [27.5, 25], "uv_size": [0.25, 0.125]},
								"west": {"uv": [27.5, 25.125], "uv_size": [0.25, -0.125]},
								"up": {"uv": [27.5, 25.375], "uv_size": [0.125, 0.25]},
								"down": {"uv": [27.5, 25.375], "uv_size": [0.125, 0.25]}
							}
						},
						{
							"origin": [-0.75, 12.85799, -1.50621],
							"size": [1.1, 0.2, 1.3],
							"pivot": [-0.2, 17.37298, -3.63621],
							"rotation": [25, 0, 0],
							"uv": {
								"north": {"uv": [27.75, 25.125], "uv_size": [-0.25, -0.125]},
								"east": {"uv": [27.75, 25.125], "uv_size": [-0.25, -0.125]},
								"south": {"uv": [27.5, 25], "uv_size": [0.25, 0.125]},
								"west": {"uv": [27.5, 25.125], "uv_size": [0.25, -0.125]},
								"up": {"uv": [27.5, 25.375], "uv_size": [0.125, 0.25]},
								"down": {"uv": [27.5, 25.375], "uv_size": [0.125, 0.25]}
							}
						},
						{
							"origin": [-1.15, 7.3, -6.05],
							"size": [1.9, 0, 1.8],
							"pivot": [-0.2, 7.61499, -2.3],
							"rotation": [20, 0, 0],
							"uv": {
								"north": {"uv": [20.5, 26.5], "uv_size": [-0.5, -0.5]},
								"east": {"uv": [20.5, 26.5], "uv_size": [-0.5, -0.5]},
								"south": {"uv": [20.5, 26.5], "uv_size": [-0.5, -0.5]},
								"west": {"uv": [20.5, 26.5], "uv_size": [-0.5, -0.5]},
								"up": {"uv": [20, 26], "uv_size": [0.5, 0.5]},
								"down": {"uv": [20, 26], "uv_size": [0.5, 0.5]}
							}
						},
						{
							"origin": [-1.15, 9.1, -4.25],
							"size": [1.9, 0, 1.8],
							"pivot": [-0.2, 9.21499, 0.3],
							"rotation": [25, 0, 0],
							"uv": {
								"north": {"uv": [20.5, 26.5], "uv_size": [-0.5, -0.5]},
								"east": {"uv": [20.5, 26.5], "uv_size": [-0.5, -0.5]},
								"south": {"uv": [20.5, 26.5], "uv_size": [-0.5, -0.5]},
								"west": {"uv": [20.5, 26.5], "uv_size": [-0.5, -0.5]},
								"up": {"uv": [20, 26], "uv_size": [0.5, 0.5]},
								"down": {"uv": [20, 26], "uv_size": [0.5, 0.5]}
							}
						},
						{
							"origin": [-0.25, 8.9, -5.23],
							"size": [0, 1.3, 1.8],
							"pivot": [-0.2, 9.21499, 0.6],
							"rotation": [32.5, 0, 0],
							"uv": {
								"north": {"uv": [21, 26], "uv_size": [0.5, 0.375]},
								"east": {"uv": [21, 26], "uv_size": [0.5, 0.375]},
								"south": {"uv": [21, 26], "uv_size": [0.5, 0.375]},
								"west": {"uv": [21, 26], "uv_size": [0.5, 0.375]},
								"up": {"uv": [21.5, 26.375], "uv_size": [-0.5, -0.375]},
								"down": {"uv": [21.5, 26.375], "uv_size": [-0.5, -0.375]}
							}
						},
						{
							"origin": [-0.25, 4.9, -7.05],
							"size": [0, 1.3, 1.8],
							"pivot": [0, 0, 0],
							"rotation": [-2.5, 0, 0],
							"uv": {
								"north": {"uv": [21, 26], "uv_size": [0.5, 0.375]},
								"east": {"uv": [21, 26], "uv_size": [0.5, 0.375]},
								"south": {"uv": [21, 26], "uv_size": [0.5, 0.375]},
								"west": {"uv": [21, 26], "uv_size": [0.5, 0.375]},
								"up": {"uv": [21.5, 26.375], "uv_size": [-0.5, -0.375]},
								"down": {"uv": [21.5, 26.375], "uv_size": [-0.5, -0.375]}
							}
						},
						{
							"origin": [-0.25, -3.2, -18.05],
							"size": [0, 2, 2.4],
							"pivot": [0, 0, 0],
							"rotation": [70, 0, 0],
							"uv": {
								"north": {"uv": [21, 26], "uv_size": [0.5, 0.375]},
								"east": {"uv": [21, 26], "uv_size": [0.5, 0.375]},
								"south": {"uv": [21, 26], "uv_size": [0.5, 0.375]},
								"west": {"uv": [21, 26], "uv_size": [0.5, 0.375]},
								"up": {"uv": [21.5, 26.375], "uv_size": [-0.5, -0.375]},
								"down": {"uv": [21.5, 26.375], "uv_size": [-0.5, -0.375]}
							}
						},
						{
							"origin": [-0.7, 25.28842, -3.21902],
							"size": [1, 1.5, 1],
							"pivot": [-0.2, 23.83417, -2.494],
							"rotation": [-22.5, 0, 0],
							"uv": {
								"north": {"uv": [1.625, 1.125], "uv_size": [0.25, -0.375]},
								"east": {"uv": [1.875, 1.125], "uv_size": [0.25, -0.375]},
								"south": {"uv": [1.625, 1.125], "uv_size": [0.25, -0.375]},
								"west": {"uv": [2.125, 1.125], "uv_size": [-0.25, -0.375]},
								"up": {"uv": [1.875, 1.125], "uv_size": [-0.25, 0.25]},
								"down": {"uv": [1.875, 1.125], "uv_size": [-0.25, 0.25]}
							}
						},
						{
							"origin": [-0.65, 25.73897, -1.02808],
							"size": [0.9, 1.2, 0.7],
							"pivot": [-0.2, 23.83417, -2.494],
							"rotation": [22.5, 0, 0],
							"uv": {
								"north": {"uv": [2.35, 0.75], "uv_size": [-0.225, 0.3]},
								"east": {"uv": [1.55, 1.375], "uv_size": [0.175, 0.3]},
								"south": {"uv": [2.125, 1.05], "uv_size": [0.225, -0.3]},
								"west": {"uv": [1.725, 1.675], "uv_size": [-0.175, -0.3]},
								"up": {"uv": [1.925, 1.35], "uv_size": [0.175, -0.225]},
								"down": {"uv": [1.925, 1.35], "uv_size": [0.175, -0.225]}
							}
						},
						{
							"origin": [-0.5, 27.03855, -1],
							"size": [0.6, 0.8, 0.4],
							"pivot": [-0.2, 24.13375, -2.29337],
							"rotation": [22.5, 0, 0],
							"uv": {
								"north": {"uv": [2.35, 0.75], "uv_size": [-0.225, 0.3]},
								"east": {"uv": [1.55, 1.375], "uv_size": [0.175, 0.3]},
								"south": {"uv": [2.125, 1.05], "uv_size": [0.225, -0.3]},
								"west": {"uv": [1.725, 1.675], "uv_size": [-0.175, -0.3]},
								"up": {"uv": [1.925, 1.35], "uv_size": [0.175, -0.225]},
								"down": {"uv": [1.925, 1.35], "uv_size": [0.175, -0.225]}
							}
						},
						{
							"origin": [-0.95, 24.59018, -4.21879],
							"size": [1.5, 1.5, 3],
							"pivot": [-0.2, 23.83417, -2.494],
							"rotation": [22.5, 0, 0],
							"uv": {
								"north": {"uv": [0.375, 3], "uv_size": [-0.375, -0.375]},
								"east": {"uv": [1.625, 0.375], "uv_size": [0.75, -0.375]},
								"south": {"uv": [0.375, 3], "uv_size": [-0.375, -0.375]},
								"west": {"uv": [1.625, 0.375], "uv_size": [0.75, -0.375]},
								"up": {"uv": [1.625, 0.375], "uv_size": [0.75, 0.375]},
								"down": {"uv": [1.625, 0.375], "uv_size": [0.75, 0.375]}
							}
						},
						{
							"origin": [-1.2, 21.04846, -2.90862],
							"size": [2, 2, 3],
							"pivot": [-0.2, 23.83417, -2.494],
							"rotation": [-112.5, 0, 0],
							"uv": {
								"north": {"uv": [0.75, 2.375], "uv_size": [0.75, -0.5]},
								"east": {"uv": [0.75, 1.875], "uv_size": [0.75, -0.5]},
								"south": {"uv": [0.75, 2.375], "uv_size": [0.75, -0.5]},
								"west": {"uv": [0.75, 1.375], "uv_size": [0.75, 0.5]},
								"up": {"uv": [1.25, 2.375], "uv_size": [-0.5, 0.5]},
								"down": {"uv": [1.25, 2.375], "uv_size": [-0.5, 0.5]}
							}
						},
						{
							"origin": [-1.2, 24.64846, 2.10862],
							"size": [2, 2, 3],
							"pivot": [-0.2, 23.83417, 2.494],
							"rotation": [-69.53525, 0.43807, -1.39202],
							"uv": {
								"north": {"uv": [0.75, 1.875], "uv_size": [0.75, 0.5]},
								"east": {"uv": [0.75, 1.375], "uv_size": [0.75, 0.5]},
								"south": {"uv": [0.125, 0.625], "uv_size": [1, 0.5]},
								"west": {"uv": [0.75, 1.875], "uv_size": [0.75, -0.5]},
								"up": {"uv": [5.125, 2.875], "uv_size": [-0.5, -0.75]},
								"down": {"uv": [4.625, 2.875], "uv_size": [-0.5, -0.75]}
							}
						},
						{
							"origin": [-1.35, 21.07297, -6.32504],
							"size": [2.3, 3, 2.5],
							"pivot": [-0.2, 23.83417, -2.494],
							"rotation": [22.5, 0, 0],
							"uv": {
								"north": {"uv": [0, 2.575], "uv_size": [0.75, -0.575]},
								"east": {"uv": [0, 2], "uv_size": [0.75, -0.625]},
								"south": {"uv": [0.75, 2.575], "uv_size": [-0.75, -0.575]},
								"west": {"uv": [0.75, 2], "uv_size": [-0.75, -0.625]},
								"up": {"uv": [1.625, 0.75], "uv_size": [-0.575, 0.625]},
								"down": {"uv": [1.625, 0.75], "uv_size": [-0.575, 0.625]}
							}
						},
						{
							"origin": [-1.45, 18.90249, -3.34744],
							"size": [2.5, 3, 4],
							"pivot": [-0.2, 23.83417, -2.494],
							"rotation": [-22.5, 0, 0],
							"uv": {
								"north": {"uv": [1.625, 0.75], "uv_size": [-0.625, -0.75]},
								"east": {"uv": [1, 0.75], "uv_size": [-1, -0.75]},
								"south": {"uv": [1.625, 0.75], "uv_size": [-0.625, -0.75]},
								"west": {"uv": [0, 0.75], "uv_size": [1, -0.75]},
								"up": {"uv": [1, 0.75], "uv_size": [-1, 0.625]},
								"down": {"uv": [0, 0.75], "uv_size": [1, 0.625]}
							}
						},
						{
							"origin": [-0.35, 19.58028, 1.81785],
							"size": [0.7, 0.5, 1],
							"pivot": [0, 19.83028, 2.31785],
							"rotation": [22.5, 0, 0],
							"uv": {
								"north": {"uv": [1.1, 0.5625], "uv_size": [0.0875, 0.0625]},
								"east": {"uv": [1, 0.6875], "uv_size": [-0.125, 0.0625]},
								"south": {"uv": [1.1, 0.5625], "uv_size": [0.0875, 0.0625]},
								"west": {"uv": [0.875, 0.6875], "uv_size": [0.125, 0.0625]},
								"up": {"uv": [1, 0.8375], "uv_size": [-0.125, -0.0875]},
								"down": {"uv": [1, 0.8375], "uv_size": [-0.125, -0.0875]}
							}
						},
						{
							"origin": [-0.65, 25.73897, 0.32808],
							"size": [0.9, 1.2, 0.7],
							"pivot": [-0.2, 23.83417, 2.494],
							"rotation": [-22.5, 0, 0],
							"uv": {
								"north": {"uv": [2.35, 1.05], "uv_size": [-0.225, -0.3]},
								"east": {"uv": [1.725, 1.375], "uv_size": [-0.175, 0.3]},
								"south": {"uv": [2.125, 0.75], "uv_size": [0.225, 0.3]},
								"west": {"uv": [1.55, 1.675], "uv_size": [0.175, -0.3]},
								"up": {"uv": [2.1, 1.35], "uv_size": [-0.175, -0.225]},
								"down": {"uv": [2.1, 1.35], "uv_size": [-0.175, -0.225]}
							}
						},
						{
							"origin": [-0.5, 26.80894, 0.6],
							"size": [0.6, 0.8, 0.4],
							"pivot": [-0.2, 23.90414, 2.8477],
							"rotation": [-22.5, 0, 0],
							"uv": {
								"north": {"uv": [2.35, 1.05], "uv_size": [-0.225, -0.3]},
								"east": {"uv": [1.725, 1.375], "uv_size": [-0.175, 0.3]},
								"south": {"uv": [2.125, 0.75], "uv_size": [0.225, 0.3]},
								"west": {"uv": [1.55, 1.675], "uv_size": [0.175, -0.3]},
								"up": {"uv": [2.1, 1.35], "uv_size": [-0.175, -0.225]},
								"down": {"uv": [2.1, 1.35], "uv_size": [-0.175, -0.225]}
							}
						},
						{
							"origin": [-0.7, 25.28842, 2.21902],
							"size": [1, 1.5, 1],
							"pivot": [-0.2, 23.83417, 2.494],
							"rotation": [22.5, 0, 0],
							"uv": {
								"north": {"uv": [1.875, 1.125], "uv_size": [-0.25, -0.375]},
								"east": {"uv": [2.125, 1.125], "uv_size": [-0.25, -0.375]},
								"south": {"uv": [1.875, 1.125], "uv_size": [-0.25, -0.375]},
								"west": {"uv": [1.875, 1.125], "uv_size": [0.25, -0.375]},
								"up": {"uv": [1.625, 1.125], "uv_size": [0.25, 0.25]},
								"down": {"uv": [1.625, 1.125], "uv_size": [0.25, 0.25]}
							}
						},
						{
							"origin": [-0.95, 24.59018, 1.21879],
							"size": [1.5, 1.5, 3],
							"pivot": [-0.2, 23.83417, 2.494],
							"rotation": [-22.5, 0, 0],
							"uv": {
								"north": {"uv": [0, 3], "uv_size": [0.375, -0.375]},
								"east": {"uv": [2.375, 0.375], "uv_size": [-0.75, -0.375]},
								"south": {"uv": [0, 3], "uv_size": [0.375, -0.375]},
								"west": {"uv": [2.375, 0.375], "uv_size": [-0.75, -0.375]},
								"up": {"uv": [2.875, 0.5], "uv_size": [0.375, 0.625]},
								"down": {"uv": [4, 0.625], "uv_size": [-0.375, 0.75]}
							}
						},
						{
							"origin": [-1.35, 21.07297, 3.82504],
							"size": [2.3, 3, 2.5],
							"pivot": [-0.2, 23.83417, 2.494],
							"rotation": [-22.5, 0, 0],
							"uv": {
								"north": {"uv": [0.75, 2], "uv_size": [-0.75, 0.575]},
								"east": {"uv": [0, 1.375], "uv_size": [0.75, 0.625]},
								"south": {"uv": [0, 2], "uv_size": [0.75, 0.575]},
								"west": {"uv": [0.75, 1.375], "uv_size": [-0.75, 0.625]},
								"up": {"uv": [1.625, 1.375], "uv_size": [-0.575, -0.625]},
								"down": {"uv": [1.625, 1.375], "uv_size": [-0.575, -0.625]}
							}
						},
						{
							"origin": [-1.45, 18.90249, -0.65256],
							"size": [2.5, 3, 4],
							"pivot": [-0.2, 23.83417, 2.494],
							"rotation": [22.5, 0, 0],
							"uv": {
								"north": {"uv": [1, 0.75], "uv_size": [0.625, -0.75]},
								"east": {"uv": [0, 0.75], "uv_size": [1, -0.75]},
								"south": {"uv": [1, 0.75], "uv_size": [0.625, -0.75]},
								"west": {"uv": [1, 0.75], "uv_size": [-1, -0.75]},
								"up": {"uv": [0, 0.75], "uv_size": [1, 0.625]},
								"down": {"uv": [1, 0.75], "uv_size": [-1, 0.625]}
							}
						},
						{
							"origin": [-0.95, 17.9, 2.61029],
							"size": [1.5, 1, 2],
							"pivot": [-0.2, 16.99865, 5.74379],
							"rotation": [-45, 0, 0],
							"uv": {
								"north": {"uv": [0.5, 3.25], "uv_size": [0.375, 0.25]},
								"east": {"uv": [0, 3.25], "uv_size": [0.5, 0.25]},
								"south": {"uv": [0.5, 3.25], "uv_size": [0.375, 0.25]},
								"west": {"uv": [0, 3.25], "uv_size": [0.5, 0.25]},
								"up": {"uv": [1.875, 2.875], "uv_size": [-0.375, -0.5]},
								"down": {"uv": [0.375, 4], "uv_size": [-0.375, -0.5]}
							}
						},
						{
							"origin": [-0.95, 18.34461, 5.28674],
							"size": [1.5, 0.8, 1],
							"uv": {
								"north": {"uv": [0, 3.75], "uv_size": [0.375, 0.25]},
								"east": {"uv": [0, 3.25], "uv_size": [0.375, 0.25]},
								"south": {"uv": [0, 3.75], "uv_size": [0.375, 0.25]},
								"west": {"uv": [0, 3.25], "uv_size": [0.375, 0.25]},
								"up": {"uv": [0.875, 3.5], "uv_size": [-0.375, -0.25]},
								"down": {"uv": [0.875, 3.5], "uv_size": [-0.375, -0.25]}
							}
						},
						{
							"origin": [-0.95, 16.34461, 5.28674],
							"size": [1.5, 2, 1],
							"uv": {
								"north": {"uv": [0, 3.625], "uv_size": [0.25, 0.375]},
								"east": {"uv": [0.375, 7.625], "uv_size": [0.25, 0.5]},
								"south": {"uv": [1.125, 7.625], "uv_size": [0.375, 0.5]},
								"west": {"uv": [0.75, 7.625], "uv_size": [0.375, 0.5]},
								"up": {"uv": [0.875, 3.5], "uv_size": [-0.375, -0.25]},
								"down": {"uv": [0.875, 3.5], "uv_size": [-0.375, -0.25]}
							}
						},
						{
							"origin": [-0.95, 14.34461, 5.28674],
							"size": [1.5, 2, 1],
							"uv": {
								"north": {"uv": [0.375, 3.5], "uv_size": [0.375, 0.5]},
								"east": {"uv": [0.875, 3.25], "uv_size": [0.5, 0.25]},
								"south": {"uv": [0.375, 3.5], "uv_size": [0.375, 0.5]},
								"west": {"uv": [0, 7.625], "uv_size": [0.25, 0.5]},
								"up": {"uv": [0.875, 3.5], "uv_size": [-0.375, -0.25]},
								"down": {"uv": [1.75, 3.5], "uv_size": [-0.375, -0.25]}
							}
						},
						{
							"origin": [-0.95, 16.14461, -6.28674],
							"size": [1.5, 2, 1],
							"uv": {
								"north": {"uv": [0.375, 3.5], "uv_size": [0.375, 0.5]},
								"east": {"uv": [0.875, 3.25], "uv_size": [0.5, 0.25]},
								"south": {"uv": [0.375, 3.5], "uv_size": [0.375, 0.5]},
								"west": {"uv": [0, 7.625], "uv_size": [0.25, 0.5]},
								"up": {"uv": [0.875, 3.5], "uv_size": [-0.375, -0.25]},
								"down": {"uv": [1.75, 3.5], "uv_size": [-0.375, -0.25]}
							}
						},
						{
							"origin": [-0.95, 16.14461, -6.28674],
							"size": [1.5, 2, 1],
							"uv": {
								"north": {"uv": [0.375, 3.5], "uv_size": [0.375, 0.5]},
								"east": {"uv": [0.875, 3.25], "uv_size": [0.5, 0.25]},
								"south": {"uv": [0.375, 3.5], "uv_size": [0.375, 0.5]},
								"west": {"uv": [0, 7.625], "uv_size": [0.25, 0.5]},
								"up": {"uv": [0.875, 3.5], "uv_size": [-0.375, -0.25]},
								"down": {"uv": [1.75, 3.5], "uv_size": [-0.375, -0.25]}
							}
						},
						{
							"origin": [-0.2, 12.3, 4],
							"size": [0, 3, 3],
							"uv": {
								"north": {"uv": [0, 0], "uv_size": [0, 0.75]},
								"east": {"uv": [28.25, 5.125], "uv_size": [-0.75, 0.75]},
								"south": {"uv": [0, 0], "uv_size": [0, 0.75]},
								"west": {"uv": [28.25, 5.125], "uv_size": [-0.75, 0.75]},
								"up": {"uv": [0, 0], "uv_size": [0, 0.75]},
								"down": {"uv": [0, 0], "uv_size": [0, 0.75]}
							}
						},
						{
							"origin": [-0.95, 18.17034, -3.12021],
							"size": [1.5, 1, 1],
							"pivot": [-0.2, 17.26899, -4.25371],
							"rotation": [97.5, 0, 0],
							"uv": {
								"north": {"uv": [0.875, 3.25], "uv_size": [-0.375, 0.25]},
								"east": {"uv": [0.5, 3.25], "uv_size": [-0.5, 0.25]},
								"south": {"uv": [0.875, 3.25], "uv_size": [-0.375, 0.25]},
								"west": {"uv": [0.5, 3.25], "uv_size": [-0.5, 0.25]},
								"up": {"uv": [0.375, 3.5], "uv_size": [-0.375, 0.5]},
								"down": {"uv": [0.375, 3.5], "uv_size": [-0.375, 0.5]}
							}
						},
						{
							"origin": [-0.95, 17.9, -4.61029],
							"size": [1.5, 1, 2],
							"pivot": [-0.2, 16.99865, -5.74379],
							"rotation": [45, 0, 0],
							"uv": {
								"north": {"uv": [0.875, 3.25], "uv_size": [-0.375, 0.25]},
								"east": {"uv": [0.5, 3.25], "uv_size": [-0.5, 0.25]},
								"south": {"uv": [0.875, 3.25], "uv_size": [-0.375, 0.25]},
								"west": {"uv": [0.5, 3.25], "uv_size": [-0.5, 0.25]},
								"up": {"uv": [0.375, 3.5], "uv_size": [-0.375, 0.5]},
								"down": {"uv": [0.375, 3.5], "uv_size": [-0.375, 0.5]}
							}
						},
						{
							"origin": [-0.2, 13.8, -7],
							"size": [0, 3, 3],
							"uv": {
								"north": {"uv": [0, 0], "uv_size": [0, 0.75]},
								"east": {"uv": [27.5, 5.125], "uv_size": [0.75, 0.75]},
								"south": {"uv": [0, 0], "uv_size": [0, 0.75]},
								"west": {"uv": [27.5, 5.125], "uv_size": [0.75, 0.75]},
								"up": {"uv": [0, 0.75], "uv_size": [0, -0.75]},
								"down": {"uv": [0, 0.75], "uv_size": [0, -0.75]}
							}
						}
					]
				},
				{
					"name": "bone3",
					"parent": "bone",
					"pivot": [0, 0, 0]
				},
				{
					"name": "bone4",
					"parent": "bone3",
					"pivot": [0, 0, 0]
				},
				{
					"name": "bone2",
					"parent": "bone",
					"pivot": [0, -0.3, 0]
				}
			]
		}
	]
}