{
	"format_version": "1.16.0",
	"minecraft:geometry": [
		{
			"description": {
				"identifier": "geometry.doombringer_awaked_back",
				"texture_width": 64,
				"texture_height": 64,
				"visible_bounds_width": 4,
				"visible_bounds_height": 3.5,
				"visible_bounds_offset": [0, 1.25, 0]
			},
			"bones": [
				{
					"name": "body",
					"pivot": [0, 24, 0],
					"binding": "'body'"
				},
				{
					"name": "doombringer",
					"parent": "body",
					"pivot": [1.99091, 21.68467, 3.69675],
					"rotation": [0, 90, -145],
					"cubes": [
						{
							"origin": [0.9, 37.7, 1.25],
							"size": [2, 1, 5],
							"uv": {
								"north": {"uv": [55, 20], "uv_size": [2, 1]},
								"east": {"uv": [52, 50], "uv_size": [5, 1]},
								"south": {"uv": [2, 58], "uv_size": [2, 1]},
								"west": {"uv": [53, 22], "uv_size": [5, 1]},
								"up": {"uv": [24, 44], "uv_size": [2, 5]},
								"down": {"uv": [26, 49], "uv_size": [2, -5]}
							}
						},
						{
							"origin": [0.4, 37.7, 2.25],
							"size": [3, 2, 3],
							"uv": {
								"north": {"uv": [9, 51], "uv_size": [3, 2]},
								"east": {"uv": [12, 51], "uv_size": [3, 2]},
								"south": {"uv": [51, 14], "uv_size": [3, 2]},
								"west": {"uv": [15, 51], "uv_size": [3, 2]},
								"up": {"uv": [46, 0], "uv_size": [3, 3]},
								"down": {"uv": [46, 6], "uv_size": [3, -3]}
							}
						},
						{
							"origin": [4, 35.2, 3.5],
							"size": [0.5, 1.5, 0.5],
							"uv": {
								"north": {"uv": [60, 38], "uv_size": [0.5, 1.5]},
								"east": {"uv": [39, 60], "uv_size": [0.5, 1.5]},
								"south": {"uv": [40, 60], "uv_size": [0.5, 1.5]},
								"west": {"uv": [60, 40], "uv_size": [0.5, 1.5]},
								"up": {"uv": [18, 62], "uv_size": [0.5, 0.5]},
								"down": {"uv": [62, 18.5], "uv_size": [0.5, -0.5]}
							}
						},
						{
							"origin": [4, 34.7, 3],
							"size": [0.5, 0.5, 1.5],
							"uv": {
								"north": {"uv": [19, 62], "uv_size": [0.5, 0.5]},
								"east": {"uv": [41, 60], "uv_size": [1.5, 0.5]},
								"south": {"uv": [62, 19], "uv_size": [0.5, 0.5]},
								"west": {"uv": [60, 42], "uv_size": [1.5, 0.5]},
								"up": {"uv": [43, 60], "uv_size": [0.5, 1.5]},
								"down": {"uv": [60, 44.5], "uv_size": [0.5, -1.5]}
							}
						},
						{
							"origin": [4, 33.7, 1],
							"size": [0.5, 1, 5.5],
							"uv": {
								"north": {"uv": [61, 38], "uv_size": [0.5, 1]},
								"east": {"uv": [50, 38], "uv_size": [5.5, 1]},
								"south": {"uv": [61, 39], "uv_size": [0.5, 1]},
								"west": {"uv": [51, 9], "uv_size": [5.5, 1]},
								"up": {"uv": [45, 56], "uv_size": [0.5, 5.5]},
								"down": {"uv": [52, 61.5], "uv_size": [0.5, -5.5]}
							}
						},
						{
							"origin": [4, 34.7, 6],
							"size": [0.5, 1.5, 0.5],
							"uv": {
								"north": {"uv": [44, 60], "uv_size": [0.5, 1.5]},
								"east": {"uv": [60, 45], "uv_size": [0.5, 1.5]},
								"south": {"uv": [46, 60], "uv_size": [0.5, 1.5]},
								"west": {"uv": [47, 60], "uv_size": [0.5, 1.5]},
								"up": {"uv": [20, 62], "uv_size": [0.5, 0.5]},
								"down": {"uv": [62, 20.5], "uv_size": [0.5, -0.5]}
							}
						},
						{
							"origin": [4, 34.7, 1],
							"size": [0.5, 1.5, 0.5],
							"uv": {
								"north": {"uv": [60, 47], "uv_size": [0.5, 1.5]},
								"east": {"uv": [48, 60], "uv_size": [0.5, 1.5]},
								"south": {"uv": [49, 60], "uv_size": [0.5, 1.5]},
								"west": {"uv": [50, 60], "uv_size": [0.5, 1.5]},
								"up": {"uv": [21, 62], "uv_size": [0.5, 0.5]},
								"down": {"uv": [62, 21.5], "uv_size": [0.5, -0.5]}
							}
						},
						{
							"origin": [0, 33.7, 1],
							"size": [4, 4, 5.5],
							"uv": {
								"north": {"uv": [0, 44], "uv_size": [4, 4]},
								"east": {"uv": [24, 40], "uv_size": [5.5, 4]},
								"south": {"uv": [4, 44], "uv_size": [4, 4]},
								"west": {"uv": [30, 40], "uv_size": [5.5, 4]},
								"up": {"uv": [36, 40], "uv_size": [4, 5.5]},
								"down": {"uv": [40, 45.5], "uv_size": [4, -5.5]}
							}
						},
						{
							"origin": [-0.5, 34.7, 6],
							"size": [0.5, 1.5, 0.5],
							"uv": {
								"north": {"uv": [51, 60], "uv_size": [0.5, 1.5]},
								"east": {"uv": [60, 54], "uv_size": [0.5, 1.5]},
								"south": {"uv": [60, 56], "uv_size": [0.5, 1.5]},
								"west": {"uv": [60, 58], "uv_size": [0.5, 1.5]},
								"up": {"uv": [22, 62], "uv_size": [0.5, 0.5]},
								"down": {"uv": [62, 22.5], "uv_size": [0.5, -0.5]}
							}
						},
						{
							"origin": [-0.5, 33.7, 1],
							"size": [0.5, 1, 5.5],
							"uv": {
								"north": {"uv": [61, 40], "uv_size": [0.5, 1]},
								"east": {"uv": [51, 21], "uv_size": [5.5, 1]},
								"south": {"uv": [41, 61], "uv_size": [0.5, 1]},
								"west": {"uv": [51, 31], "uv_size": [5.5, 1]},
								"up": {"uv": [28, 57], "uv_size": [0.5, 5.5]},
								"down": {"uv": [33, 62.5], "uv_size": [0.5, -5.5]}
							}
						},
						{
							"origin": [-0.5, 35.2, 3.5],
							"size": [0.5, 1.5, 0.5],
							"uv": {
								"north": {"uv": [60, 60], "uv_size": [0.5, 1.5]},
								"east": {"uv": [0, 61], "uv_size": [0.5, 1.5]},
								"south": {"uv": [61, 0], "uv_size": [0.5, 1.5]},
								"west": {"uv": [1, 61], "uv_size": [0.5, 1.5]},
								"up": {"uv": [23, 62], "uv_size": [0.5, 0.5]},
								"down": {"uv": [62, 23.5], "uv_size": [0.5, -0.5]}
							}
						},
						{
							"origin": [-0.5, 34.7, 1],
							"size": [0.5, 1.5, 0.5],
							"uv": {
								"north": {"uv": [2, 61], "uv_size": [0.5, 1.5]},
								"east": {"uv": [3, 61], "uv_size": [0.5, 1.5]},
								"south": {"uv": [61, 3], "uv_size": [0.5, 1.5]},
								"west": {"uv": [61, 5], "uv_size": [0.5, 1.5]},
								"up": {"uv": [24, 62], "uv_size": [0.5, 0.5]},
								"down": {"uv": [62, 24.5], "uv_size": [0.5, -0.5]}
							}
						},
						{
							"origin": [-0.5, 34.7, 3],
							"size": [0.5, 0.5, 1.5],
							"uv": {
								"north": {"uv": [25, 62], "uv_size": [0.5, 0.5]},
								"east": {"uv": [61, 7], "uv_size": [1.5, 0.5]},
								"south": {"uv": [62, 25], "uv_size": [0.5, 0.5]},
								"west": {"uv": [8, 61], "uv_size": [1.5, 0.5]},
								"up": {"uv": [61, 8], "uv_size": [0.5, 1.5]},
								"down": {"uv": [10, 62.5], "uv_size": [0.5, -1.5]}
							}
						},
						{
							"origin": [0.65, 32.7, 2.25],
							"size": [2.7, 2, 3],
							"uv": {
								"north": {"uv": [36, 52], "uv_size": [2.6875, 2]},
								"east": {"uv": [51, 16], "uv_size": [3, 2]},
								"south": {"uv": [39, 52], "uv_size": [2.6875, 2]},
								"west": {"uv": [18, 51], "uv_size": [3, 2]},
								"up": {"uv": [0, 48], "uv_size": [2.6875, 3]},
								"down": {"uv": [3, 51], "uv_size": [2.6875, -3]}
							}
						},
						{
							"origin": [1, 33.2, 3.55],
							"size": [2, 2, 3.5],
							"uv": {
								"north": {"uv": [54, 25], "uv_size": [2, 2]},
								"east": {"uv": [49, 10], "uv_size": [3.5, 2]},
								"south": {"uv": [31, 54], "uv_size": [2, 2]},
								"west": {"uv": [49, 12], "uv_size": [3.5, 2]},
								"up": {"uv": [49, 14], "uv_size": [2, 3.5]},
								"down": {"uv": [49, 21.5], "uv_size": [2, -3.5]}
							}
						},
						{
							"origin": [1.5, 33.25085, -0.2054],
							"size": [1, 1.5, 2],
							"pivot": [2, 26.14936, 2.75],
							"rotation": [-45, 0, 0],
							"uv": {
								"north": {"uv": [59, 5], "uv_size": [1, 1.5]},
								"east": {"uv": [37, 56], "uv_size": [2, 1.5]},
								"south": {"uv": [59, 7], "uv_size": [1, 1.5]},
								"west": {"uv": [56, 37], "uv_size": [2, 1.5]},
								"up": {"uv": [49, 32], "uv_size": [1, 2]},
								"down": {"uv": [33, 53], "uv_size": [1, -2]}
							}
						},
						{
							"origin": [1.6, 31.9, 7.15],
							"size": [0.8, 1.5, 1],
							"uv": {
								"north": {"uv": [53, 59], "uv_size": [0.8125, 1.5]},
								"east": {"uv": [8, 59], "uv_size": [1, 1.5]},
								"south": {"uv": [54, 59], "uv_size": [0.8125, 1.5]},
								"west": {"uv": [9, 59], "uv_size": [1, 1.5]},
								"up": {"uv": [48, 39], "uv_size": [0.8125, 1]},
								"down": {"uv": [46, 52], "uv_size": [0.8125, -1]}
							}
						},
						{
							"origin": [1.7, 31.95085, 1.8946],
							"size": [0.6, 1, 0.5],
							"pivot": [2, 26.14936, 2.75],
							"rotation": [-45, 0, 0],
							"uv": {
								"north": {"uv": [61, 17], "uv_size": [0.625, 1]},
								"east": {"uv": [61, 41], "uv_size": [0.5, 1]},
								"south": {"uv": [18, 61], "uv_size": [0.625, 1]},
								"west": {"uv": [42, 61], "uv_size": [0.5, 1]},
								"up": {"uv": [4, 62], "uv_size": [0.625, 0.5]},
								"down": {"uv": [62, 4.5], "uv_size": [0.625, -0.5]}
							}
						},
						{
							"origin": [1.7, 31.95085, 5.1054],
							"size": [0.6, 1, 0.5],
							"pivot": [2, 26.14936, 2.75],
							"rotation": [45, 0, 0],
							"uv": {
								"north": {"uv": [61, 18], "uv_size": [0.625, 1]},
								"east": {"uv": [61, 43], "uv_size": [0.5, 1]},
								"south": {"uv": [61, 19], "uv_size": [0.625, 1]},
								"west": {"uv": [61, 44], "uv_size": [0.5, 1]},
								"up": {"uv": [5, 62], "uv_size": [0.625, 0.5]},
								"down": {"uv": [62, 5.5], "uv_size": [0.625, -0.5]}
							}
						},
						{
							"origin": [1.5, 33.25085, 5.7054],
							"size": [1, 1.5, 2],
							"pivot": [2, 26.14936, 2.75],
							"rotation": [45, 0, 0],
							"uv": {
								"north": {"uv": [59, 9], "uv_size": [1, 1.5]},
								"east": {"uv": [39, 56], "uv_size": [2, 1.5]},
								"south": {"uv": [10, 59], "uv_size": [1, 1.5]},
								"west": {"uv": [41, 56], "uv_size": [2, 1.5]},
								"up": {"uv": [4, 58], "uv_size": [1, 2]},
								"down": {"uv": [5, 60], "uv_size": [1, -2]}
							}
						},
						{
							"origin": [1.6, 31.9, -0.65],
							"size": [0.8, 1.5, 1],
							"uv": {
								"north": {"uv": [55, 59], "uv_size": [0.8125, 1.5]},
								"east": {"uv": [11, 59], "uv_size": [1, 1.5]},
								"south": {"uv": [59, 55], "uv_size": [0.8125, 1.5]},
								"west": {"uv": [59, 11], "uv_size": [1, 1.5]},
								"up": {"uv": [53, 23], "uv_size": [0.8125, 1]},
								"down": {"uv": [54, 28], "uv_size": [0.8125, -1]}
							}
						},
						{
							"origin": [1, 33.2, 0.45],
							"size": [2, 2, 3.5],
							"uv": {
								"north": {"uv": [36, 54], "uv_size": [2, 2]},
								"east": {"uv": [49, 22], "uv_size": [3.5, 2]},
								"south": {"uv": [38, 54], "uv_size": [2, 2]},
								"west": {"uv": [24, 49], "uv_size": [3.5, 2]},
								"up": {"uv": [49, 24], "uv_size": [2, 3.5]},
								"down": {"uv": [49, 31.5], "uv_size": [2, -3.5]}
							}
						}
					]
				},
				{
					"name": "Ttttttt2",
					"parent": "doombringer",
					"pivot": [2, 28.14936, -11.25]
				},
				{
					"name": "Ttttttt",
					"parent": "doombringer",
					"pivot": [2, 28.14936, -11.25]
				},
				{
					"name": "group4",
					"parent": "doombringer",
					"pivot": [9.4, 15.1, -17.75],
					"cubes": [
						{
							"origin": [0.75, 34.33267, -0.61098],
							"size": [2.5, 3.5, 4],
							"uv": {
								"north": {"uv": [46, 18], "uv_size": [2.5, 3.5]},
								"east": {"uv": [8, 44], "uv_size": [4, 3.5]},
								"south": {"uv": [46, 22], "uv_size": [2.5, 3.5]},
								"west": {"uv": [12, 44], "uv_size": [4, 3.5]},
								"up": {"uv": [28, 44], "uv_size": [2.5, 4]},
								"down": {"uv": [31, 48], "uv_size": [2.5, -4]}
							}
						},
						{
							"origin": [0.85, 35.14205, 6.71245],
							"size": [2.3, 3, 3],
							"pivot": [2, 26.14936, 2.75],
							"rotation": [45, 0, 0],
							"uv": {
								"north": {"uv": [49, 39], "uv_size": [2.3125, 3]},
								"east": {"uv": [46, 6], "uv_size": [3, 3]},
								"south": {"uv": [49, 42], "uv_size": [2.3125, 3]},
								"west": {"uv": [46, 9], "uv_size": [3, 3]},
								"up": {"uv": [49, 45], "uv_size": [2.3125, 3]},
								"down": {"uv": [49, 51], "uv_size": [2.3125, -3]}
							}
						},
						{
							"origin": [0.95, 36.67864, -2.57215],
							"size": [2.1, 3, 2.5],
							"uv": {
								"north": {"uv": [3, 51], "uv_size": [2.125, 3]},
								"east": {"uv": [6, 48], "uv_size": [2.5, 3]},
								"south": {"uv": [51, 3], "uv_size": [2.125, 3]},
								"west": {"uv": [9, 48], "uv_size": [2.5, 3]},
								"up": {"uv": [52, 39], "uv_size": [2.125, 2.5]},
								"down": {"uv": [52, 44.5], "uv_size": [2.125, -2.5]}
							}
						},
						{
							"origin": [1.05, 38.36551, 8.47768],
							"size": [1.9, 3, 2],
							"pivot": [2, 26.14936, 2.75],
							"rotation": [45, 0, 0],
							"uv": {
								"north": {"uv": [51, 28], "uv_size": [1.875, 3]},
								"east": {"uv": [34, 50], "uv_size": [2, 3]},
								"south": {"uv": [31, 51], "uv_size": [1.875, 3]},
								"west": {"uv": [51, 18], "uv_size": [2, 3]},
								"up": {"uv": [4, 56], "uv_size": [1.875, 2]},
								"down": {"uv": [6, 58], "uv_size": [1.875, -2]}
							}
						},
						{
							"origin": [1.25, 39.99079, -4.25],
							"size": [1.5, 1.5, 3.5],
							"uv": {
								"north": {"uv": [57, 39], "uv_size": [1.5, 1.5]},
								"east": {"uv": [52, 48], "uv_size": [3.5, 1.5]},
								"south": {"uv": [57, 41], "uv_size": [1.5, 1.5]},
								"west": {"uv": [9, 53], "uv_size": [3.5, 1.5]},
								"up": {"uv": [42, 52], "uv_size": [1.5, 3.5]},
								"down": {"uv": [53, 13.5], "uv_size": [1.5, -3.5]}
							}
						},
						{
							"origin": [1.35, 38.89079, -4.25],
							"size": [1.3, 1.5, 1],
							"uv": {
								"north": {"uv": [43, 58], "uv_size": [1.3125, 1.5]},
								"east": {"uv": [12, 59], "uv_size": [1, 1.5]},
								"south": {"uv": [58, 47], "uv_size": [1.3125, 1.5]},
								"west": {"uv": [13, 59], "uv_size": [1, 1.5]},
								"up": {"uv": [59, 37], "uv_size": [1.3125, 1]},
								"down": {"uv": [46, 60], "uv_size": [1.3125, -1]}
							}
						},
						{
							"origin": [1.55, 40.54534, 6.28033],
							"size": [0.9, 1.2, 0.7],
							"pivot": [2, 26.14936, 2.75],
							"rotation": [45, 0, 0],
							"uv": {
								"north": {"uv": [60, 18], "uv_size": [0.875, 1.1875]},
								"east": {"uv": [27, 60], "uv_size": [0.6875, 1.1875]},
								"south": {"uv": [19, 60], "uv_size": [0.875, 1.1875]},
								"west": {"uv": [60, 28], "uv_size": [0.6875, 1.1875]},
								"up": {"uv": [61, 34], "uv_size": [0.875, 0.6875]},
								"down": {"uv": [35, 61.6875], "uv_size": [0.875, -0.6875]}
							}
						},
						{
							"origin": [1.65, 40.46904, 0.71537],
							"size": [0.7, 0.5, 1],
							"pivot": [2, 26.14936, 2.75],
							"rotation": [22.5, 0, 0],
							"uv": {
								"north": {"uv": [62, 0], "uv_size": [0.6875, 0.5]},
								"east": {"uv": [61, 45], "uv_size": [1, 0.5]},
								"south": {"uv": [62, 1], "uv_size": [0.6875, 0.5]},
								"west": {"uv": [61, 46], "uv_size": [1, 0.5]},
								"up": {"uv": [15, 61], "uv_size": [0.6875, 1]},
								"down": {"uv": [16, 62], "uv_size": [0.6875, -1]}
							}
						},
						{
							"origin": [1.5, 34.7348, -2.21467],
							"size": [1, 1.5, 2],
							"uv": {
								"north": {"uv": [59, 13], "uv_size": [1, 1.5]},
								"east": {"uv": [43, 56], "uv_size": [2, 1.5]},
								"south": {"uv": [14, 59], "uv_size": [1, 1.5]},
								"west": {"uv": [56, 47], "uv_size": [2, 1.5]},
								"up": {"uv": [6, 58], "uv_size": [1, 2]},
								"down": {"uv": [7, 60], "uv_size": [1, -2]}
							}
						},
						{
							"origin": [1.6, 36.19901, 4.94961],
							"size": [0.8, 1, 1.5],
							"pivot": [2, 26.14936, 2.75],
							"rotation": [45, 0, 0],
							"uv": {
								"north": {"uv": [35, 55], "uv_size": [0.8125, 1]},
								"east": {"uv": [58, 22], "uv_size": [1.5, 1]},
								"south": {"uv": [55, 47], "uv_size": [0.8125, 1]},
								"west": {"uv": [58, 38], "uv_size": [1.5, 1]},
								"up": {"uv": [56, 59], "uv_size": [0.8125, 1.5]},
								"down": {"uv": [57, 60.5], "uv_size": [0.8125, -1.5]}
							}
						},
						{
							"origin": [1.7, 33.4348, -2.81467],
							"size": [0.6, 1, 0.5],
							"uv": {
								"north": {"uv": [61, 20], "uv_size": [0.625, 1]},
								"east": {"uv": [61, 47], "uv_size": [0.5, 1]},
								"south": {"uv": [21, 61], "uv_size": [0.625, 1]},
								"west": {"uv": [61, 48], "uv_size": [0.5, 1]},
								"up": {"uv": [6, 62], "uv_size": [0.625, 0.5]},
								"down": {"uv": [62, 6.5], "uv_size": [0.625, -0.5]}
							}
						},
						{
							"origin": [0.75, 34.33267, 4.11098],
							"size": [2.5, 3.5, 4],
							"uv": {
								"north": {"uv": [46, 26], "uv_size": [2.5, 3.5]},
								"east": {"uv": [16, 44], "uv_size": [4, 3.5]},
								"south": {"uv": [46, 30], "uv_size": [2.5, 3.5]},
								"west": {"uv": [20, 44], "uv_size": [4, 3.5]},
								"up": {"uv": [44, 40], "uv_size": [2.5, 4]},
								"down": {"uv": [44, 48], "uv_size": [2.5, -4]}
							}
						},
						{
							"origin": [0.85, 35.14205, -2.21245],
							"size": [2.3, 3, 3],
							"pivot": [2, 26.14936, 2.75],
							"rotation": [-45, 0, 0],
							"uv": {
								"north": {"uv": [50, 32], "uv_size": [2.3125, 3]},
								"east": {"uv": [46, 12], "uv_size": [3, 3]},
								"south": {"uv": [50, 35], "uv_size": [2.3125, 3]},
								"west": {"uv": [46, 15], "uv_size": [3, 3]},
								"up": {"uv": [0, 51], "uv_size": [2.3125, 3]},
								"down": {"uv": [51, 3], "uv_size": [2.3125, -3]}
							}
						},
						{
							"origin": [0.95, 36.67864, 7.57215],
							"size": [2.1, 3, 2.5],
							"uv": {
								"north": {"uv": [6, 51], "uv_size": [2.125, 3]},
								"east": {"uv": [12, 48], "uv_size": [2.5, 3]},
								"south": {"uv": [51, 6], "uv_size": [2.125, 3]},
								"west": {"uv": [15, 48], "uv_size": [2.5, 3]},
								"up": {"uv": [52, 45], "uv_size": [2.125, 2.5]},
								"down": {"uv": [46, 54.5], "uv_size": [2.125, -2.5]}
							}
						},
						{
							"origin": [1.05, 38.36551, -2.97768],
							"size": [1.9, 3, 2],
							"pivot": [2, 26.14936, 2.75],
							"rotation": [-45, 0, 0],
							"uv": {
								"north": {"uv": [49, 51], "uv_size": [1.875, 3]},
								"east": {"uv": [21, 51], "uv_size": [2, 3]},
								"south": {"uv": [51, 51], "uv_size": [1.875, 3]},
								"west": {"uv": [23, 51], "uv_size": [2, 3]},
								"up": {"uv": [56, 25], "uv_size": [1.875, 2]},
								"down": {"uv": [29, 58], "uv_size": [1.875, -2]}
							}
						},
						{
							"origin": [1.25, 39.99079, 9.77914],
							"size": [1.5, 1.5, 3.5],
							"uv": {
								"north": {"uv": [57, 43], "uv_size": [1.5, 1.5]},
								"east": {"uv": [13, 53], "uv_size": [3.5, 1.5]},
								"south": {"uv": [57, 45], "uv_size": [1.5, 1.5]},
								"west": {"uv": [17, 53], "uv_size": [3.5, 1.5]},
								"up": {"uv": [25, 53], "uv_size": [1.5, 3.5]},
								"down": {"uv": [27, 56.5], "uv_size": [1.5, -3.5]}
							}
						},
						{
							"origin": [1.35, 38.89079, 12.07914],
							"size": [1.3, 1.5, 1],
							"uv": {
								"north": {"uv": [48, 58], "uv_size": [1.3125, 1.5]},
								"east": {"uv": [15, 59], "uv_size": [1, 1.5]},
								"south": {"uv": [50, 58], "uv_size": [1.3125, 1.5]},
								"west": {"uv": [59, 15], "uv_size": [1, 1.5]},
								"up": {"uv": [59, 49], "uv_size": [1.3125, 1]},
								"down": {"uv": [59, 51], "uv_size": [1.3125, -1]}
							}
						},
						{
							"origin": [1.55, 40.54534, 0.51967],
							"size": [0.9, 1.2, 0.7],
							"pivot": [2, 26.14936, 2.75],
							"rotation": [-45, 0, 0],
							"uv": {
								"north": {"uv": [20, 60], "uv_size": [0.875, 1.1875]},
								"east": {"uv": [29, 60], "uv_size": [0.6875, 1.1875]},
								"south": {"uv": [60, 22], "uv_size": [0.875, 1.1875]},
								"west": {"uv": [30, 60], "uv_size": [0.6875, 1.1875]},
								"up": {"uv": [61, 35], "uv_size": [0.875, 0.6875]},
								"down": {"uv": [36, 61.6875], "uv_size": [0.875, -0.6875]}
							}
						},
						{
							"origin": [1.65, 40.46904, 5.78463],
							"size": [0.7, 0.5, 1],
							"pivot": [2, 26.14936, 2.75],
							"rotation": [-22.5, 0, 0],
							"uv": {
								"north": {"uv": [62, 2], "uv_size": [0.6875, 0.5]},
								"east": {"uv": [61, 49], "uv_size": [1, 0.5]},
								"south": {"uv": [62, 3], "uv_size": [0.6875, 0.5]},
								"west": {"uv": [61, 50], "uv_size": [1, 0.5]},
								"up": {"uv": [61, 16], "uv_size": [0.6875, 1]},
								"down": {"uv": [17, 62], "uv_size": [0.6875, -1]}
							}
						},
						{
							"origin": [1.5, 34.7348, 7.71467],
							"size": [1, 1.5, 2],
							"uv": {
								"north": {"uv": [16, 59], "uv_size": [1, 1.5]},
								"east": {"uv": [48, 56], "uv_size": [2, 1.5]},
								"south": {"uv": [17, 59], "uv_size": [1, 1.5]},
								"west": {"uv": [50, 56], "uv_size": [2, 1.5]},
								"up": {"uv": [58, 25], "uv_size": [1, 2]},
								"down": {"uv": [29, 60], "uv_size": [1, -2]}
							}
						},
						{
							"origin": [1.6, 36.19901, 1.05039],
							"size": [0.8, 1, 1.5],
							"pivot": [2, 26.14936, 2.75],
							"rotation": [-45, 0, 0],
							"uv": {
								"north": {"uv": [48, 55], "uv_size": [0.8125, 1]},
								"east": {"uv": [58, 54], "uv_size": [1.5, 1]},
								"south": {"uv": [8, 56], "uv_size": [0.8125, 1]},
								"west": {"uv": [59, 17], "uv_size": [1.5, 1]},
								"up": {"uv": [59, 57], "uv_size": [0.8125, 1.5]},
								"down": {"uv": [58, 60.5], "uv_size": [0.8125, -1.5]}
							}
						},
						{
							"origin": [1.7, 33.4348, 9.81467],
							"size": [0.6, 1, 0.5],
							"uv": {
								"north": {"uv": [61, 21], "uv_size": [0.625, 1]},
								"east": {"uv": [61, 51], "uv_size": [0.5, 1]},
								"south": {"uv": [22, 61], "uv_size": [0.625, 1]},
								"west": {"uv": [61, 52], "uv_size": [0.5, 1]},
								"up": {"uv": [7, 62], "uv_size": [0.625, 0.5]},
								"down": {"uv": [8, 62.5], "uv_size": [0.625, -0.5]}
							}
						},
						{
							"origin": [1.5, 7.3348, 3.71467],
							"size": [1, 1.5, 2],
							"uv": {
								"north": {"uv": [18, 59], "uv_size": [1, 1.5]},
								"east": {"uv": [56, 51], "uv_size": [2, 1.5]},
								"south": {"uv": [59, 18], "uv_size": [1, 1.5]},
								"west": {"uv": [56, 53], "uv_size": [2, 1.5]},
								"up": {"uv": [30, 58], "uv_size": [1, 2]},
								"down": {"uv": [31, 60], "uv_size": [1, -2]}
							}
						},
						{
							"origin": [1.6, 12.70713, 14.48542],
							"size": [0.8, 1, 1.5],
							"pivot": [2, 21.74936, 2.75],
							"rotation": [-45, 0, 0],
							"uv": {
								"north": {"uv": [56, 49], "uv_size": [0.8125, 1]},
								"east": {"uv": [19, 59], "uv_size": [1.5, 1]},
								"south": {"uv": [60, 24], "uv_size": [0.8125, 1]},
								"west": {"uv": [59, 20], "uv_size": [1.5, 1]},
								"up": {"uv": [59, 59], "uv_size": [0.8125, 1.5]},
								"down": {"uv": [60, 1.5], "uv_size": [0.8125, -1.5]}
							}
						},
						{
							"origin": [1.7, 6.0348, 5.81467],
							"size": [0.6, 1, 0.5],
							"uv": {
								"north": {"uv": [61, 22], "uv_size": [0.625, 1]},
								"east": {"uv": [53, 61], "uv_size": [0.5, 1]},
								"south": {"uv": [61, 23], "uv_size": [0.625, 1]},
								"west": {"uv": [61, 53], "uv_size": [0.5, 1]},
								"up": {"uv": [62, 8], "uv_size": [0.625, 0.5]},
								"down": {"uv": [9, 62.5], "uv_size": [0.625, -0.5]}
							}
						},
						{
							"origin": [1.5, 7.3348, 1.78533],
							"size": [1, 1.5, 2],
							"uv": {
								"north": {"uv": [21, 59], "uv_size": [1, 1.5]},
								"east": {"uv": [57, 0], "uv_size": [2, 1.5]},
								"south": {"uv": [22, 59], "uv_size": [1, 1.5]},
								"west": {"uv": [57, 2], "uv_size": [2, 1.5]},
								"up": {"uv": [32, 58], "uv_size": [1, 2]},
								"down": {"uv": [58, 34], "uv_size": [1, -2]}
							}
						},
						{
							"origin": [1.6, 29.20713, 14.48542],
							"size": [0.8, 1, 1.5],
							"pivot": [2, 38.24936, 2.75],
							"rotation": [-45, 0, 0],
							"uv": {
								"north": {"uv": [31, 60], "uv_size": [0.8125, 1]},
								"east": {"uv": [59, 21], "uv_size": [1.5, 1]},
								"south": {"uv": [60, 31], "uv_size": [0.8125, 1]},
								"west": {"uv": [23, 59], "uv_size": [1.5, 1]},
								"up": {"uv": [4, 60], "uv_size": [0.8125, 1.5]},
								"down": {"uv": [5, 61.5], "uv_size": [0.8125, -1.5]}
							}
						},
						{
							"origin": [1.5, 23.8348, 3.71467],
							"size": [1, 1.5, 2],
							"uv": {
								"north": {"uv": [59, 23], "uv_size": [1, 1.5]},
								"east": {"uv": [57, 4], "uv_size": [2, 1.5]},
								"south": {"uv": [25, 59], "uv_size": [1, 1.5]},
								"west": {"uv": [57, 6], "uv_size": [2, 1.5]},
								"up": {"uv": [58, 34], "uv_size": [1, 2]},
								"down": {"uv": [58, 38], "uv_size": [1, -2]}
							}
						},
						{
							"origin": [1.7, 22.5348, 1.18533],
							"size": [0.6, 1, 0.5],
							"uv": {
								"north": {"uv": [61, 24], "uv_size": [0.625, 1]},
								"east": {"uv": [54, 61], "uv_size": [0.5, 1]},
								"south": {"uv": [25, 61], "uv_size": [0.625, 1]},
								"west": {"uv": [61, 54], "uv_size": [0.5, 1]},
								"up": {"uv": [62, 9], "uv_size": [0.625, 0.5]},
								"down": {"uv": [62, 10.5], "uv_size": [0.625, -0.5]}
							}
						},
						{
							"origin": [1.7, 22.5348, 5.81467],
							"size": [0.6, 1, 0.5],
							"uv": {
								"north": {"uv": [61, 25], "uv_size": [0.625, 1]},
								"east": {"uv": [55, 61], "uv_size": [0.5, 1]},
								"south": {"uv": [61, 26], "uv_size": [0.625, 1]},
								"west": {"uv": [61, 55], "uv_size": [0.5, 1]},
								"up": {"uv": [11, 62], "uv_size": [0.625, 0.5]},
								"down": {"uv": [62, 11.5], "uv_size": [0.625, -0.5]}
							}
						},
						{
							"origin": [1.6, 29.20713, -8.5],
							"size": [0.8, 1, 1.5],
							"pivot": [2, 38.24936, 2.75],
							"rotation": [45, 0, 0],
							"uv": {
								"north": {"uv": [32, 60], "uv_size": [0.8125, 1]},
								"east": {"uv": [59, 25], "uv_size": [1.5, 1]},
								"south": {"uv": [60, 33], "uv_size": [0.8125, 1]},
								"west": {"uv": [26, 59], "uv_size": [1.5, 1]},
								"up": {"uv": [60, 5], "uv_size": [0.8125, 1.5]},
								"down": {"uv": [6, 61.5], "uv_size": [0.8125, -1.5]}
							}
						},
						{
							"origin": [1.5, 23.8348, 1.78533],
							"size": [1, 1.5, 2],
							"uv": {
								"north": {"uv": [59, 26], "uv_size": [1, 1.5]},
								"east": {"uv": [8, 57], "uv_size": [2, 1.5]},
								"south": {"uv": [59, 28], "uv_size": [1, 1.5]},
								"west": {"uv": [57, 8], "uv_size": [2, 1.5]},
								"up": {"uv": [37, 58], "uv_size": [1, 2]},
								"down": {"uv": [38, 60], "uv_size": [1, -2]}
							}
						},
						{
							"origin": [1.6, 12.70713, -8.5],
							"size": [0.8, 1, 1.5],
							"pivot": [2, 21.74936, 2.75],
							"rotation": [45, 0, 0],
							"uv": {
								"north": {"uv": [34, 60], "uv_size": [0.8125, 1]},
								"east": {"uv": [59, 30], "uv_size": [1.5, 1]},
								"south": {"uv": [60, 34], "uv_size": [0.8125, 1]},
								"west": {"uv": [59, 32], "uv_size": [1.5, 1]},
								"up": {"uv": [7, 60], "uv_size": [0.8125, 1.5]},
								"down": {"uv": [60, 8.5], "uv_size": [0.8125, -1.5]}
							}
						},
						{
							"origin": [1.7, 6.0348, 1.18533],
							"size": [0.6, 1, 0.5],
							"uv": {
								"north": {"uv": [61, 27], "uv_size": [0.625, 1]},
								"east": {"uv": [56, 61], "uv_size": [0.5, 1]},
								"south": {"uv": [61, 28], "uv_size": [0.625, 1]},
								"west": {"uv": [61, 56], "uv_size": [0.5, 1]},
								"up": {"uv": [12, 62], "uv_size": [0.625, 0.5]},
								"down": {"uv": [62, 12.5], "uv_size": [0.625, -0.5]}
							}
						},
						{
							"origin": [1.7, 8.5348, 0.78533],
							"size": [0.6, 1, 0.5],
							"uv": {
								"north": {"uv": [61, 29], "uv_size": [0.625, 1]},
								"east": {"uv": [57, 61], "uv_size": [0.5, 1]},
								"south": {"uv": [61, 30], "uv_size": [0.625, 1]},
								"west": {"uv": [61, 57], "uv_size": [0.5, 1]},
								"up": {"uv": [62, 13], "uv_size": [0.625, 0.5]},
								"down": {"uv": [62, 14.5], "uv_size": [0.625, -0.5]}
							}
						},
						{
							"origin": [1.7, 8.5348, 6.08533],
							"size": [0.6, 1, 0.5],
							"uv": {
								"north": {"uv": [31, 61], "uv_size": [0.625, 1]},
								"east": {"uv": [58, 61], "uv_size": [0.5, 1]},
								"south": {"uv": [61, 31], "uv_size": [0.625, 1]},
								"west": {"uv": [61, 58], "uv_size": [0.5, 1]},
								"up": {"uv": [15, 62], "uv_size": [0.625, 0.5]},
								"down": {"uv": [62, 15.5], "uv_size": [0.625, -0.5]}
							}
						},
						{
							"origin": [1.5, 38.99723, 4.58739],
							"size": [1, 1.5, 2],
							"pivot": [2, 26.14936, 2.75],
							"rotation": [22.5, 0, 0],
							"uv": {
								"north": {"uv": [59, 33], "uv_size": [1, 1.5]},
								"east": {"uv": [10, 57], "uv_size": [2, 1.5]},
								"south": {"uv": [35, 59], "uv_size": [1, 1.5]},
								"west": {"uv": [57, 10], "uv_size": [2, 1.5]},
								"up": {"uv": [39, 58], "uv_size": [1, 2]},
								"down": {"uv": [40, 60], "uv_size": [1, -2]}
							}
						},
						{
							"origin": [1.6, 37.45473, -4.25],
							"size": [0.8, 1.5, 1],
							"pivot": [2, 26.14936, 2.75],
							"rotation": [-22.5, 0, 0],
							"uv": {
								"north": {"uv": [60, 9], "uv_size": [0.8125, 1.5]},
								"east": {"uv": [59, 35], "uv_size": [1, 1.5]},
								"south": {"uv": [60, 11], "uv_size": [0.8125, 1.5]},
								"west": {"uv": [36, 59], "uv_size": [1, 1.5]},
								"up": {"uv": [60, 35], "uv_size": [0.8125, 1]},
								"down": {"uv": [60, 37], "uv_size": [0.8125, -1]}
							}
						},
						{
							"origin": [1.7, 40.79723, 6.68739],
							"size": [0.6, 1, 0.5],
							"pivot": [2, 26.14936, 2.75],
							"rotation": [22.5, 0, 0],
							"uv": {
								"north": {"uv": [32, 61], "uv_size": [0.625, 1]},
								"east": {"uv": [59, 61], "uv_size": [0.5, 1]},
								"south": {"uv": [61, 32], "uv_size": [0.625, 1]},
								"west": {"uv": [61, 59], "uv_size": [0.5, 1]},
								"up": {"uv": [16, 62], "uv_size": [0.625, 0.5]},
								"down": {"uv": [62, 16.5], "uv_size": [0.625, -0.5]}
							}
						},
						{
							"origin": [1.7, 40.79723, 0.31261],
							"size": [0.6, 1, 0.5],
							"pivot": [2, 26.14936, 2.75],
							"rotation": [-22.5, 0, 0],
							"uv": {
								"north": {"uv": [61, 33], "uv_size": [0.625, 1]},
								"east": {"uv": [61, 60], "uv_size": [0.5, 1]},
								"south": {"uv": [34, 61], "uv_size": [0.625, 1]},
								"west": {"uv": [61, 61], "uv_size": [0.5, 1]},
								"up": {"uv": [17, 62], "uv_size": [0.625, 0.5]},
								"down": {"uv": [62, 17.5], "uv_size": [0.625, -0.5]}
							}
						},
						{
							"origin": [1.6, 37.45473, 11.12797],
							"size": [0.8, 1.5, 1],
							"pivot": [2, 26.14936, 2.75],
							"rotation": [22.5, 0, 0],
							"uv": {
								"north": {"uv": [60, 13], "uv_size": [0.8125, 1.5]},
								"east": {"uv": [59, 39], "uv_size": [1, 1.5]},
								"south": {"uv": [60, 15], "uv_size": [0.8125, 1.5]},
								"west": {"uv": [59, 41], "uv_size": [1, 1.5]},
								"up": {"uv": [37, 60], "uv_size": [0.8125, 1]},
								"down": {"uv": [38, 61], "uv_size": [0.8125, -1]}
							}
						},
						{
							"origin": [1.5, 38.99723, 0.91261],
							"size": [1, 1.5, 2],
							"pivot": [2, 26.14936, 2.75],
							"rotation": [-22.5, 0, 0],
							"uv": {
								"north": {"uv": [59, 43], "uv_size": [1, 1.5]},
								"east": {"uv": [12, 57], "uv_size": [2, 1.5]},
								"south": {"uv": [59, 45], "uv_size": [1, 1.5]},
								"west": {"uv": [57, 12], "uv_size": [2, 1.5]},
								"up": {"uv": [41, 58], "uv_size": [1, 2]},
								"down": {"uv": [42, 60], "uv_size": [1, -2]}
							}
						}
					]
				},
				{
					"name": "group5",
					"parent": "doombringer",
					"pivot": [0.1, 11.5, -19.25],
					"cubes": [
						{
							"origin": [2, 21, -11.25],
							"size": [0, 22, 12],
							"uv": {
								"north": {"uv": [0, 0], "uv_size": [0, 22]},
								"east": {"uv": [0, 0], "uv_size": [12, 22]},
								"south": {"uv": [0, 0], "uv_size": [0, 22]},
								"west": {"uv": [12, 0], "uv_size": [12, 22]},
								"up": {"uv": [0, 0], "uv_size": [0, 12]},
								"down": {"uv": [0, 12], "uv_size": [0, -12]}
							}
						},
						{
							"origin": [1.8, 20, -8.25],
							"size": [0, 20, 11],
							"uv": {
								"north": {"uv": [0, 0], "uv_size": [0, 20]},
								"east": {"uv": [24, 0], "uv_size": [11, 20]},
								"south": {"uv": [0, 0], "uv_size": [0, 20]},
								"west": {"uv": [24, 20], "uv_size": [11, 20]},
								"up": {"uv": [0, 0], "uv_size": [0, 11]},
								"down": {"uv": [0, 11], "uv_size": [0, -11]}
							}
						},
						{
							"origin": [2.2, 20, -8.25],
							"size": [0, 20, 11],
							"uv": {
								"north": {"uv": [0, 0], "uv_size": [0, 20]},
								"east": {"uv": [24, 0], "uv_size": [11, 20]},
								"south": {"uv": [0, 0], "uv_size": [0, 20]},
								"west": {"uv": [24, 20], "uv_size": [11, 20]},
								"up": {"uv": [0, 0], "uv_size": [0, 11]},
								"down": {"uv": [0, 11], "uv_size": [0, -11]}
							}
						},
						{
							"origin": [1.8, 20, 9.75],
							"size": [0, 20, 11],
							"uv": {
								"north": {"uv": [0, 0], "uv_size": [0, 20]},
								"east": {"uv": [35, 0], "uv_size": [11, 20]},
								"south": {"uv": [0, 0], "uv_size": [0, 20]},
								"west": {"uv": [35, 20], "uv_size": [11, 20]},
								"up": {"uv": [0, 0], "uv_size": [0, 11]},
								"down": {"uv": [0, 11], "uv_size": [0, -11]}
							}
						},
						{
							"origin": [2.2, 20, 9.75],
							"size": [0, 20, 11],
							"uv": {
								"north": {"uv": [0, 0], "uv_size": [0, 20]},
								"east": {"uv": [35, 0], "uv_size": [11, 20]},
								"south": {"uv": [0, 0], "uv_size": [0, 20]},
								"west": {"uv": [35, 20], "uv_size": [11, 20]},
								"up": {"uv": [0, 0], "uv_size": [0, 11]},
								"down": {"uv": [0, 11], "uv_size": [0, -11]}
							}
						},
						{
							"origin": [2, 21, 7.75],
							"size": [0, 22, 12],
							"uv": {
								"north": {"uv": [0, 0], "uv_size": [0, 22]},
								"east": {"uv": [0, 22], "uv_size": [12, 22]},
								"south": {"uv": [0, 0], "uv_size": [0, 22]},
								"west": {"uv": [12, 22], "uv_size": [12, 22]},
								"up": {"uv": [0, 0], "uv_size": [0, 12]},
								"down": {"uv": [0, 12], "uv_size": [0, -12]}
							}
						}
					]
				},
				{
					"name": "bone",
					"parent": "doombringer",
					"pivot": [9.5, 19, -19.25],
					"cubes": [
						{
							"origin": [1.25, 24.7, 2.75],
							"size": [1.5, 2, 2],
							"uv": {
								"north": {"uv": [14, 57], "uv_size": [1.5, 2]},
								"east": {"uv": [40, 54], "uv_size": [2, 2]},
								"south": {"uv": [57, 14], "uv_size": [1.5, 2]},
								"west": {"uv": [49, 54], "uv_size": [2, 2]},
								"up": {"uv": [16, 57], "uv_size": [1.5, 2]},
								"down": {"uv": [57, 18], "uv_size": [1.5, -2]}
							}
						},
						{
							"origin": [1.25, 27.7, 2.75],
							"size": [1.5, 2, 2],
							"uv": {
								"north": {"uv": [18, 57], "uv_size": [1.5, 2]},
								"east": {"uv": [51, 54], "uv_size": [2, 2]},
								"south": {"uv": [57, 18], "uv_size": [1.5, 2]},
								"west": {"uv": [9, 55], "uv_size": [2, 2]},
								"up": {"uv": [20, 57], "uv_size": [1.5, 2]},
								"down": {"uv": [57, 22], "uv_size": [1.5, -2]}
							}
						},
						{
							"origin": [0.75, 26.7, 2.25],
							"size": [2.5, 2, 3],
							"uv": {
								"north": {"uv": [53, 32], "uv_size": [2.5, 2]},
								"east": {"uv": [51, 24], "uv_size": [3, 2]},
								"south": {"uv": [33, 53], "uv_size": [2.5, 2]},
								"west": {"uv": [25, 51], "uv_size": [3, 2]},
								"up": {"uv": [18, 48], "uv_size": [2.5, 3]},
								"down": {"uv": [21, 51], "uv_size": [2.5, -3]}
							}
						},
						{
							"origin": [1.25, 30.7, 2.75],
							"size": [1.5, 2, 2],
							"uv": {
								"north": {"uv": [22, 57], "uv_size": [1.5, 2]},
								"east": {"uv": [55, 10], "uv_size": [2, 2]},
								"south": {"uv": [57, 23], "uv_size": [1.5, 2]},
								"west": {"uv": [11, 55], "uv_size": [2, 2]},
								"up": {"uv": [24, 57], "uv_size": [1.5, 2]},
								"down": {"uv": [26, 59], "uv_size": [1.5, -2]}
							}
						},
						{
							"origin": [0.75, 29.7, 2.25],
							"size": [2.5, 2, 3],
							"uv": {
								"north": {"uv": [53, 34], "uv_size": [2.5, 2]},
								"east": {"uv": [51, 26], "uv_size": [3, 2]},
								"south": {"uv": [53, 36], "uv_size": [2.5, 2]},
								"west": {"uv": [28, 51], "uv_size": [3, 2]},
								"up": {"uv": [28, 48], "uv_size": [2.5, 3]},
								"down": {"uv": [31, 51], "uv_size": [2.5, -3]}
							}
						},
						{
							"origin": [1, 10.3, 2.75],
							"size": [2, 2, 2],
							"uv": {
								"north": {"uv": [55, 12], "uv_size": [2, 2]},
								"east": {"uv": [13, 55], "uv_size": [2, 2]},
								"south": {"uv": [15, 55], "uv_size": [2, 2]},
								"west": {"uv": [17, 55], "uv_size": [2, 2]},
								"up": {"uv": [55, 18], "uv_size": [2, 2]},
								"down": {"uv": [19, 57], "uv_size": [2, -2]}
							}
						},
						{
							"origin": [1.5, 10.8, 2.35],
							"size": [1.1, 1.5, 2.8],
							"uv": {
								"north": {"uv": [2, 59], "uv_size": [1.125, 1.5]},
								"east": {"uv": [54, 16], "uv_size": [2.8125, 1.5]},
								"south": {"uv": [59, 3], "uv_size": [1.125, 1.5]},
								"west": {"uv": [54, 23], "uv_size": [2.8125, 1.5]},
								"up": {"uv": [56, 34], "uv_size": [1.125, 2.8125]},
								"down": {"uv": [35, 58.8125], "uv_size": [1.125, -2.8125]}
							}
						},
						{
							"origin": [1, 7.3, 2.75],
							"size": [2, 2, 2],
							"uv": {
								"north": {"uv": [55, 27], "uv_size": [2, 2]},
								"east": {"uv": [55, 29], "uv_size": [2, 2]},
								"south": {"uv": [33, 55], "uv_size": [2, 2]},
								"west": {"uv": [55, 39], "uv_size": [2, 2]},
								"up": {"uv": [55, 41], "uv_size": [2, 2]},
								"down": {"uv": [55, 45], "uv_size": [2, -2]}
							}
						},
						{
							"origin": [0.75, 36.23111, 12.83175],
							"size": [2.5, 2, 2],
							"pivot": [2, 27.14936, 2.75],
							"rotation": [45, 0, 0],
							"uv": {
								"north": {"uv": [53, 51], "uv_size": [2.5, 2]},
								"east": {"uv": [55, 45], "uv_size": [2, 2]},
								"south": {"uv": [53, 53], "uv_size": [2.5, 2]},
								"west": {"uv": [46, 55], "uv_size": [2, 2]},
								"up": {"uv": [0, 54], "uv_size": [2.5, 2]},
								"down": {"uv": [54, 2], "uv_size": [2.5, -2]}
							}
						},
						{
							"origin": [0.75, 9.32501, -8.25],
							"size": [2.5, 2, 2],
							"pivot": [2, 21.74936, 2.75],
							"rotation": [45, 0, 0],
							"uv": {
								"north": {"uv": [54, 2], "uv_size": [2.5, 2]},
								"east": {"uv": [53, 55], "uv_size": [2, 2]},
								"south": {"uv": [3, 54], "uv_size": [2.5, 2]},
								"west": {"uv": [55, 55], "uv_size": [2, 2]},
								"up": {"uv": [54, 4], "uv_size": [2.5, 2]},
								"down": {"uv": [6, 56], "uv_size": [2.5, -2]}
							}
						},
						{
							"origin": [1.25, 8.3, 3],
							"size": [1.5, 5, 1.5],
							"uv": {
								"north": {"uv": [48, 34], "uv_size": [1.5, 5]},
								"east": {"uv": [44, 48], "uv_size": [1.5, 5]},
								"south": {"uv": [49, 0], "uv_size": [1.5, 5]},
								"west": {"uv": [49, 5], "uv_size": [1.5, 5]},
								"up": {"uv": [46, 57], "uv_size": [1.5, 1.5]},
								"down": {"uv": [57, 50.5], "uv_size": [1.5, -1.5]}
							}
						},
						{
							"origin": [1.25, 18.2, 3],
							"size": [1.5, 5.5, 1.5],
							"uv": {
								"north": {"uv": [34, 44], "uv_size": [1.5, 5.5]},
								"east": {"uv": [46, 34], "uv_size": [1.5, 5.5]},
								"south": {"uv": [36, 46], "uv_size": [1.5, 5.5]},
								"west": {"uv": [38, 46], "uv_size": [1.5, 5.5]},
								"up": {"uv": [53, 57], "uv_size": [1.5, 1.5]},
								"down": {"uv": [55, 58.5], "uv_size": [1.5, -1.5]}
							}
						},
						{
							"origin": [1.25, 13.2, 3],
							"size": [1.5, 5.5, 1.5],
							"uv": {
								"north": {"uv": [40, 46], "uv_size": [1.5, 5.5]},
								"east": {"uv": [42, 46], "uv_size": [1.5, 5.5]},
								"south": {"uv": [47, 40], "uv_size": [1.5, 5.5]},
								"west": {"uv": [47, 46], "uv_size": [1.5, 5.5]},
								"up": {"uv": [57, 55], "uv_size": [1.5, 1.5]},
								"down": {"uv": [57, 58.5], "uv_size": [1.5, -1.5]}
							}
						},
						{
							"origin": [1.6, 14.4, 11.55],
							"size": [0.9, 2.3, 0.8],
							"pivot": [2, 21.74936, 2.75],
							"rotation": [-45, 0, 0],
							"uv": {
								"north": {"uv": [0, 58], "uv_size": [0.875, 2.3125]},
								"east": {"uv": [58, 51], "uv_size": [0.8125, 2.3125]},
								"south": {"uv": [1, 58], "uv_size": [0.875, 2.3125]},
								"west": {"uv": [59, 0], "uv_size": [0.8125, 2.3125]},
								"up": {"uv": [61, 10], "uv_size": [0.875, 0.8125]},
								"down": {"uv": [11, 61.8125], "uv_size": [0.875, -0.8125]}
							}
						},
						{
							"origin": [1.6, 13.24936, 8.90064],
							"size": [0.9, 0.8, 2.5],
							"pivot": [2, 21.74936, 2.75],
							"rotation": [-45, 0, 0],
							"uv": {
								"north": {"uv": [61, 11], "uv_size": [0.875, 0.8125]},
								"east": {"uv": [54, 8], "uv_size": [2.5, 0.8125]},
								"south": {"uv": [12, 61], "uv_size": [0.875, 0.8125]},
								"west": {"uv": [57, 31], "uv_size": [2.5, 0.8125]},
								"up": {"uv": [46, 48], "uv_size": [0.875, 2.5]},
								"down": {"uv": [34, 59.5], "uv_size": [0.875, -2.5]}
							}
						},
						{
							"origin": [1.6, 12.1, 5.65],
							"size": [0.9, 1.1, 0.6],
							"uv": {
								"north": {"uv": [23, 60], "uv_size": [0.875, 1.125]},
								"east": {"uv": [61, 12], "uv_size": [0.625, 1.125]},
								"south": {"uv": [24, 60], "uv_size": [0.875, 1.125]},
								"west": {"uv": [13, 61], "uv_size": [0.625, 1.125]},
								"up": {"uv": [61, 36], "uv_size": [0.875, 0.625]},
								"down": {"uv": [37, 61.625], "uv_size": [0.875, -0.625]}
							}
						},
						{
							"origin": [1.6, 12.1, 1.45],
							"size": [0.9, 1.1, 0.6],
							"uv": {
								"north": {"uv": [26, 60], "uv_size": [0.875, 1.125]},
								"east": {"uv": [14, 61], "uv_size": [0.625, 1.125]},
								"south": {"uv": [60, 26], "uv_size": [0.875, 1.125]},
								"west": {"uv": [61, 14], "uv_size": [0.625, 1.125]},
								"up": {"uv": [61, 37], "uv_size": [0.875, 0.625]},
								"down": {"uv": [38, 61.625], "uv_size": [0.875, -0.625]}
							}
						},
						{
							"origin": [1.2, 9.8, 2.85],
							"size": [1.6, 3, 1.7],
							"uv": {
								"north": {"uv": [21, 54], "uv_size": [1.625, 3]},
								"east": {"uv": [53, 18], "uv_size": [1.6875, 3]},
								"south": {"uv": [23, 54], "uv_size": [1.625, 3]},
								"west": {"uv": [53, 28], "uv_size": [1.6875, 3]},
								"up": {"uv": [57, 27], "uv_size": [1.625, 1.6875]},
								"down": {"uv": [57, 30.6875], "uv_size": [1.625, -1.6875]}
							}
						},
						{
							"origin": [1, 23.7, 2.45],
							"size": [2, 2, 2.5],
							"uv": {
								"north": {"uv": [0, 56], "uv_size": [2, 2]},
								"east": {"uv": [54, 6], "uv_size": [2.5, 2]},
								"south": {"uv": [2, 56], "uv_size": [2, 2]},
								"west": {"uv": [54, 14], "uv_size": [2.5, 2]},
								"up": {"uv": [29, 53], "uv_size": [2, 2.5]},
								"down": {"uv": [44, 55.5], "uv_size": [2, -2.5]}
							}
						},
						{
							"origin": [1.1, 23.1, 2.75],
							"size": [1.8, 0.6, 2],
							"uv": {
								"north": {"uv": [59, 53], "uv_size": [1.8125, 0.625]},
								"east": {"uv": [59, 51], "uv_size": [2, 0.625]},
								"south": {"uv": [60, 2], "uv_size": [1.8125, 0.625]},
								"west": {"uv": [59, 52], "uv_size": [2, 0.625]},
								"up": {"uv": [31, 56], "uv_size": [1.8125, 2]},
								"down": {"uv": [56, 34], "uv_size": [1.8125, -2]}
							}
						}
					]
				},
				{
					"name": "bone2",
					"parent": "bone",
					"pivot": [2, 28.14936, -11.25]
				}
			]
		}
	]
}