{
	"format_version": "1.8.0",
	"animations": {
		"animation.soul_scythe": {
			"animation_length": 1.29167,
			"override_previous_animation": true,
			"bones": {
				"body": {
					"rotation": {
						"0.0": {
							"post": [0, 0, 0],
							"lerp_mode": "catmullrom"
						},
						"0.4167": {
							"post": [-41.64314, -5.90316, -16.50371],
							"lerp_mode": "catmullrom"
						},
						"0.5833": {
							"post": [180.59196, -3.40487, -19.71975],
							"lerp_mode": "catmullrom"
						},
						"1.2917": {
							"post": [193.53177, -3.29845, -27.23186],
							"lerp_mode": "catmullrom"
						}
					},
					"position": {
						"0.0": {
							"post": [0, 0, 0],
							"lerp_mode": "catmullrom"
						},
						"0.375": {
							"post": [0, 3, 4],
							"lerp_mode": "catmullrom"
						},
						"0.5833": {
							"post": [16, -9, -32],
							"lerp_mode": "catmullrom"
						},
						"1.2917": {
							"post": [22, -10, -35],
							"lerp_mode": "catmullrom"
						}
					}
				}
			}
		}
	}
}