{
	"format_version": "1.8.0",
	"animations": {
		"animation.hantam": {
			"animation_length": 3.45833,
			"override_previous_animation": true,
			"bones": {
				"h_stone_1": {
					"rotation": {
						"0.0": {
							"post": [0, 0, 0],
							"lerp_mode": "catmullrom"
						},
						"0.5833": {
							"post": [152.5, 0, -270],
							"lerp_mode": "catmullrom"
						},
						"0.9167": {
							"post": [177.40225, -27.38656, -354.36696],
							"lerp_mode": "catmullrom"
						}
					},
					"position": {
						"0.0": {
							"post": [4, 0, -1],
							"lerp_mode": "catmullrom"
						},
						"0.2083": {
							"post": [-20, 32, 8],
							"lerp_mode": "catmullrom"
						},
						"0.5833": {
							"post": [-41, 3, 34],
							"lerp_mode": "catmullrom"
						},
						"0.75": {
							"post": [-46, 3, 34],
							"lerp_mode": "catmullrom"
						},
						"0.9167": {
							"post": [-49, 3, 34],
							"lerp_mode": "catmullrom"
						}
					},
					"scale": {
						"0.0": [0, 0, 0],
						"0.1667": [1.5, 1.5, 1.5],
						"1.875": [1.5, 1.5, 1.5],
						"2.4583": [0, 0, 0]
					}
				},
				"h_stone_5": {
					"rotation": {
						"0.0417": {
							"pre": [0, 0, 0],
							"post": [0, 0, 0],
							"lerp_mode": "catmullrom"
						},
						"0.625": {
							"post": [-198.50097, -20.71501, 403.41006],
							"lerp_mode": "catmullrom"
						},
						"0.9167": {
							"post": [-191.26653, 25.25199, 514.96851],
							"lerp_mode": "catmullrom"
						},
						"1.5": {
							"post": [-180, -27.5, 720],
							"lerp_mode": "catmullrom"
						}
					},
					"position": {
						"0.0417": {
							"pre": [-4, 0, 1],
							"post": [-4, 0, 1],
							"lerp_mode": "catmullrom"
						},
						"0.3333": {
							"post": [15, 36, 14],
							"lerp_mode": "catmullrom"
						},
						"0.625": {
							"post": [33, 5, 27],
							"lerp_mode": "catmullrom"
						},
						"0.75": {
							"post": [44, 5, 35],
							"lerp_mode": "catmullrom"
						},
						"0.9167": {
							"post": [52, 5, 40],
							"lerp_mode": "catmullrom"
						},
						"1.25": {
							"post": [62, 5, 48],
							"lerp_mode": "catmullrom"
						}
					},
					"scale": {
						"0.0417": [0, 0, 0],
						"0.2083": [1.5, 1.5, 1.5],
						"1.9167": [1.5, 1.5, 1.5],
						"2.5": [0, 0, 0]
					}
				},
				"h_stone_2": {
					"rotation": {
						"0.0417": {
							"pre": [0, 0, 0],
							"post": [0, 0, 0],
							"lerp_mode": "catmullrom"
						},
						"0.625": {
							"post": [-198.50097, 20.71501, -403.41006],
							"lerp_mode": "catmullrom"
						},
						"0.9167": {
							"post": [-191.26653, -25.25199, -514.96851],
							"lerp_mode": "catmullrom"
						},
						"1.5": {
							"post": [-180, 27.5, -720],
							"lerp_mode": "catmullrom"
						}
					},
					"position": {
						"0.0417": {
							"pre": [4, 0, 1],
							"post": [4, 0, 1],
							"lerp_mode": "catmullrom"
						},
						"0.3333": {
							"post": [-12, 27, -12],
							"lerp_mode": "catmullrom"
						},
						"0.5833": {
							"post": [-25, 4, -25],
							"lerp_mode": "catmullrom"
						},
						"0.75": {
							"post": [-27, 10, -31],
							"lerp_mode": "catmullrom"
						},
						"0.9167": {
							"post": [-30, 4, -36],
							"lerp_mode": "catmullrom"
						},
						"1.4167": {
							"post": [-36, 4, -41],
							"lerp_mode": "catmullrom"
						}
					},
					"scale": {
						"0.0417": [0, 0, 0],
						"0.2083": [1.5, 1.5, 1.5],
						"1.9167": [1.5, 1.5, 1.5],
						"2.5": [0, 0, 0]
					}
				},
				"h_stone_4": {
					"rotation": {
						"0.0": {
							"post": [0, 0, 0],
							"lerp_mode": "catmullrom"
						},
						"0.8333": {
							"post": [-173.57152, 26.79524, -705.96729],
							"lerp_mode": "catmullrom"
						},
						"1.4167": {
							"post": [-176.11286, -27.24513, -908.44236],
							"lerp_mode": "catmullrom"
						}
					},
					"position": {
						"0.0": {
							"post": [4, 0, 1],
							"lerp_mode": "catmullrom"
						},
						"0.4167": {
							"post": [-23, 20, 15],
							"lerp_mode": "catmullrom"
						},
						"0.8333": {
							"post": [-31, 2, 32],
							"lerp_mode": "catmullrom"
						},
						"1.0833": {
							"post": [-36, 5, 42],
							"lerp_mode": "catmullrom"
						},
						"1.4167": {
							"post": [-41, 1, 50],
							"lerp_mode": "catmullrom"
						}
					},
					"scale": {
						"0.0": [0, 0, 0],
						"0.1667": [1.5, 1.5, 1.5],
						"1.875": [1.5, 1.5, 1.5],
						"2.4583": [0, 0, 0]
					}
				},
				"h_stone_3": {
					"rotation": {
						"0.0833": {
							"pre": [0, 0, 0],
							"post": [0, 0, 0],
							"lerp_mode": "catmullrom"
						},
						"0.7083": {
							"post": [152.5, 0, 270],
							"lerp_mode": "catmullrom"
						},
						"1.25": {
							"post": [177.40225, 27.38656, 354.36696],
							"lerp_mode": "catmullrom"
						}
					},
					"position": {
						"0.0833": {
							"pre": [-4, 0, -1],
							"post": [-4, 0, -1],
							"lerp_mode": "catmullrom"
						},
						"0.4583": {
							"post": [15, 24, -1],
							"lerp_mode": "catmullrom"
						},
						"0.7083": {
							"post": [33, 3, -1],
							"lerp_mode": "catmullrom"
						},
						"0.9583": {
							"post": [46, 12, -1],
							"lerp_mode": "catmullrom"
						},
						"1.25": {
							"post": [50, 4, -1],
							"lerp_mode": "catmullrom"
						}
					},
					"scale": {
						"0.0833": [0, 0, 0],
						"0.25": [1.5, 1.5, 1.5],
						"1.9583": [1.5, 1.5, 1.5],
						"2.5417": [0, 0, 0]
					}
				},
				"h_body": {
					"position": {
						"0.0": {
							"post": [0, -7, 0],
							"lerp_mode": "catmullrom"
						},
						"0.2083": {
							"post": [0, 1.1, 0],
							"lerp_mode": "catmullrom"
						},
						"0.4167": [0, 0.675, 0],
						"2.125": [0, 0.675, 0],
						"2.625": {
							"pre": [0, -7, 0],
							"post": [0, -7, 0],
							"lerp_mode": "catmullrom"
						}
					},
					"scale": [2, 1.5, 2]
				},
				"h_body2": {
					"position": {
						"0.1667": {
							"pre": [0, -23, 0],
							"post": [0, -23, 0],
							"lerp_mode": "catmullrom"
						},
						"0.5": {
							"post": [0, 3.1, 0],
							"lerp_mode": "catmullrom"
						},
						"0.75": [0, 2.675, 0],
						"2.2917": [0, 2.675, 0],
						"3.0417": {
							"pre": [0, -23, 0],
							"post": [0, -23, 0],
							"lerp_mode": "catmullrom"
						}
					},
					"scale": [2.1, 1.5, 2.1]
				},
				"h_body4": {
					"position": {
						"0.2917": {
							"pre": [0, -23, 0],
							"post": [0, -23, 0],
							"lerp_mode": "catmullrom"
						},
						"0.625": {
							"post": [0, 3.1, 0],
							"lerp_mode": "catmullrom"
						},
						"0.875": [0, 2.675, 0],
						"2.4167": [0, 2.675, 0],
						"3.1667": {
							"pre": [0, -23, 0],
							"post": [0, -23, 0],
							"lerp_mode": "catmullrom"
						}
					},
					"scale": [2.1, 1.9, 2.1]
				},
				"h_body3": {
					"position": {
						"0.0833": {
							"pre": [0, -7, 0],
							"post": [0, -7, 0],
							"lerp_mode": "catmullrom"
						},
						"0.2917": {
							"post": [0, 1.1, 0],
							"lerp_mode": "catmullrom"
						},
						"0.5": [0, 0.675, 0],
						"2.2083": [0, 0.675, 0],
						"2.7083": {
							"pre": [0, -7, 0],
							"post": [0, -7, 0],
							"lerp_mode": "catmullrom"
						}
					},
					"scale": [2, 1.5, 2]
				}
			}
		}
	}
}