{
	"format_version": "1.10.0",
	"particle_effect": {
		"description": {
			"identifier": "bl:assasin_dash",
			"basic_render_parameters": {
				"material": "particles_alpha",
				"texture": "textures/particle/assasin_dash"
			}
		},
		"components": {
			"minecraft:emitter_initialization": {
				"creation_expression": "variable.size = 0.08;variable.radius = 0.6;"
			},
			"minecraft:emitter_local_space": {
				"position": true,
				"rotation": true
			},
			"minecraft:emitter_rate_instant": {
				"num_particles": 1
			},
			"minecraft:emitter_lifetime_once": {
				"active_time": 0.8
			},
			"minecraft:emitter_shape_point": {
				"offset": [0, 1, 5]
			},
			"minecraft:particle_lifetime_expression": {
				"max_lifetime": 1
			},
			"minecraft:particle_appearance_billboard": {
				"size": [7, 3],
				"facing_camera_mode": "lookat_direction",
				"direction": {
					"mode": "custom",
					"custom_direction": [0, 0, 7]
				},
				"uv": {
					"texture_width": 256,
					"texture_height": 64,
					"flipbook": {
						"base_UV": [0, 0],
						"size_UV": [64, 64],
						"step_UV": [64, 0],
						"frames_per_second": 5,
						"max_frame": 15
					}
				}
			},
			"minecraft:particle_appearance_tinting": {
				"color": [1, 1, 1, 0.47843]
			}
		}
	}
}