{
	"format_version": "1.10.0",
	"particle_effect": {
		"description": {
			"identifier": "bl:assasin_jump",
			"basic_render_parameters": {
				"material": "particles_alpha",
				"texture": "textures/particle/assasin_jump"
			}
		},
		"components": {
			"minecraft:emitter_local_space": {
				"position": true,
				"rotation": true,
				"velocity": true
			},
			"minecraft:emitter_rate_instant": {
				"num_particles": 1
			},
			"minecraft:emitter_lifetime_looping": {
				"active_time": 1
			},
			"minecraft:emitter_shape_point": {
				"offset": [0, 0.5, -0.5],
				"direction": [0, 1, 1]
			},
			"minecraft:particle_lifetime_expression": {
				"max_lifetime": 1
			},
			"minecraft:particle_initial_speed": 0,
			"minecraft:particle_motion_dynamic": {},
			"minecraft:particle_appearance_billboard": {
				"size": [3, 3],
				"facing_camera_mode": "direction_y",
				"direction": {
					"mode": "custom",
					"custom_direction": [0, 2, -2]
				},
				"uv": {
					"texture_width": 384,
					"texture_height": 64,
					"flipbook": {
						"base_UV": [0, 0],
						"size_UV": [64, 64],
						"step_UV": [61, 0],
						"frames_per_second": 15,
						"max_frame": 15
					}
				}
			},
			"minecraft:particle_appearance_tinting": {
				"color": [1, 0, 0, 1]
			}
		}
	}
}