{
	"format_version": "1.10.0",
	"particle_effect": {
		"description": {
			"identifier": "custom:dragon_particle",
			"basic_render_parameters": {
				"material": "particles_blend",
				"texture": "textures/particle/soul"
			}
		},
		"components": {
			"minecraft:emitter_rate_instant": {
				"num_particles": 15
			},
			"minecraft:emitter_lifetime_looping": {
				"active_time": 0.15
			},
			"minecraft:emitter_shape_disc": {
				"offset": ["variable.radius*math.cos(variable.emitter_age", 1, "variable.radius*-math.sin(variable.emitter_age*400)"],
				"radius": 2,
				"plane_normal": [0, 5, 0],
				"surface_only": true,
				"direction": "inwards"
			},
			"minecraft:particle_lifetime_expression": {
				"max_lifetime": "((8 / (Math.random(0.0, 0.8) + 0.2)) + 4) / 20.0"
			},
			"minecraft:particle_initial_speed": "Math.random(0.5, 1.0)",
			"minecraft:particle_appearance_billboard": {
				"size": ["(0.1 + variable.particle_random_1*0.1) + (0.2 * variable.particle_age)", "(0.1 + variable.particle_random_1*0.1) + (0.2 * variable.particle_age)"],
				"facing_camera_mode": "rotate_xyz",
				"uv": {
					"texture_width": 16,
					"texture_height": 176,
					"flipbook": {
						"base_UV": [0, 0],
						"size_UV": [16, 16],
						"step_UV": [0, 16],
						"frames_per_second": 11,
						"max_frame": 11,
						"stretch_to_lifetime": true
					}
				}
			},
			"minecraft:particle_appearance_tinting": {
				"color": [0.70196, 0.03137, 0.96863, 1]
			}
		}
	}
}