{
	"format_version": "1.10.0",
	"particle_effect": {
		"description": {
			"identifier": "bl:forbidden_art",
			"basic_render_parameters": {
				"material": "particles_alpha",
				"texture": "textures/particle/forbidden_art"
			}
		},
		"components": {
			"minecraft:emitter_initialization": {
				"creation_expression": "variable.size = 0.08;variable.radius = 0.6;"
			},
			"minecraft:emitter_local_space": {
				"position": true,
				"rotation": true
			},
			"minecraft:emitter_rate_instant": {
				"num_particles": 1
			},
			"minecraft:emitter_lifetime_once": {
				"active_time": 1
			},
			"minecraft:emitter_shape_point": {
				"offset": [0, 1, 0]
			},
			"minecraft:particle_lifetime_expression": {
				"max_lifetime": 1
			},
			"minecraft:particle_appearance_billboard": {
				"size": ["variable.size*(25-variable.particle_age)", "variable.size*(25-variable.particle_age)"],
				"facing_camera_mode": "lookat_y",
				"uv": {
					"texture_width": 320,
					"texture_height": 64,
					"flipbook": {
						"base_UV": [0, 0],
						"size_UV": [64, 64],
						"step_UV": [64, 0],
						"frames_per_second": 12,
						"max_frame": 12
					}
				}
			},
			"minecraft:particle_appearance_tinting": {
				"color": [1, 1, 1, 1]
			}
		}
	}
}