{
	"format_version": "1.10.0",
	"particle_effect": {
		"description": {
			"identifier": "newdefault:godofdeath2",
			"basic_render_parameters": {
				"material": "particles_alpha",
				"texture": "textures/particle/particles"
			}
		},
		"components": {
			"minecraft:emitter_rate_instant": {
				"num_particles": 500
			},
			"minecraft:emitter_lifetime_expression": {
				"activation_expression": "(variable.emitter_age > 0.45 ? 1.0 : 0.0)",
				"expiration_expression": "(variable.emitter_age > 10.0 ? 1.0 : 0.0)"
			},
			"minecraft:emitter_shape_box": {
				"half_dimensions": [10, 10, 10],
				"direction": "outwards"
			},
			"minecraft:particle_lifetime_expression": {
				"max_lifetime": "Math.random(0.6, 2.0)"
			},
			"minecraft:particle_initial_speed": "(1.0 + Math.random(0, 1) + Math.random(0, 1))",
			"minecraft:particle_motion_dynamic": {
				"linear_acceleration": [0, 1, 0],
				"linear_drag_coefficient": 1.5
			},
			"minecraft:particle_appearance_billboard": {
				"size": ["(0.1 + variable.particle_random_1*0.1) - (0.1 * variable.particle_age)", "(0.1 + variable.particle_random_1*0.1) - (0.1 * variable.particle_age)"],
				"facing_camera_mode": "lookat_xyz",
				"uv": {
					"texture_width": 128,
					"texture_height": 128,
					"flipbook": {
						"base_UV": [56, 0],
						"size_UV": [8, 8],
						"step_UV": [-8, 0],
						"frames_per_second": 8,
						"max_frame": 8,
						"stretch_to_lifetime": true
					}
				}
			},
			"minecraft:particle_motion_collision": {
				"collision_drag": 4,
				"collision_radius": 0.1,
				"expire_on_contact": true
			},
			"minecraft:particle_appearance_lighting": {},
			"minecraft:particle_appearance_tinting": {
				"color": ["Math.clamp(Math.random(0, 0.05), 0, 1)", "Math.clamp(Math.random(0, 0.05), 0, 1)", "Math.clamp(Math.random(0, 0.05), 0, 1)", 1]
			}
		}
	}
}
