{
	"format_version": "1.10.0",
	"particle_effect": {
		"description": {
			"identifier": "bl:red_slash2",
			"basic_render_parameters": {
				"material": "particles_alpha",
				"texture": "textures/particle/red_slash2"
			}
		},
		"components": {
			"minecraft:emitter_initialization": {
				"creation_expression": "variable.size = 0.8;variable.radius = 0.6;"
			},
			"minecraft:emitter_local_space": {
				"position": true,
				"rotation": true
			},
			"minecraft:emitter_rate_instant": {
				"num_particles": 1
			},
			"minecraft:emitter_lifetime_once": {
				"active_time": 0.9
			},
			"minecraft:emitter_shape_box": {
				"offset": [-0.3, 1, 2],
				"direction": "outwards"
			},
			"minecraft:particle_lifetime_expression": {
				"max_lifetime": 1
			},
			"minecraft:particle_initial_spin": {
				"rotation": 5,
				"rotation_rate": 0.4
			},
			"minecraft:particle_motion_dynamic": {
				"rotation_acceleration": 1,
				"rotation_drag_coefficient": 2
			},
			"minecraft:particle_appearance_billboard": {
				"size": [4, 4],
				"facing_camera_mode": "direction_y",
				"direction": {
					"mode": "custom",
					"custom_direction": [1.9, 0, 3]
				},
				"uv": {
					"texture_width": 384,
					"texture_height": 64,
					"flipbook": {
						"base_UV": [0, 0],
						"size_UV": [64, 64],
						"step_UV": [64, 0],
						"frames_per_second": 13,
						"max_frame": 15
					}
				}
			},
			"minecraft:particle_appearance_tinting": {
				"color": [1, 1, 1, 1]
			}
		}
	}
}