{
	"format_version": "1.10.0",
	"particle_effect": {
		"description": {
			"identifier": "bl:soul_circle",
			"basic_render_parameters": {
				"material": "particles_alpha",
				"texture": "textures/particle/soul_particle"
			}
		},
		"components": {
			"minecraft:emitter_initialization": {
				"creation_expression": "variable.size = 0.08;variable.radius = 0.6;"
			},
			"minecraft:emitter_local_space": {
				"position": true,
				"rotation": true
			},
			"minecraft:emitter_rate_steady": {
				"spawn_rate": 15,
				"max_particles": 60
			},
			"minecraft:emitter_lifetime_looping": {
				"active_time": 1,
				"sleep_time": 1.5
			},
			"minecraft:emitter_shape_point": {
				"offset": ["variable.radius*math.cos(variable.emitter_age*400)", 1, "variable.radius*-math.sin(variable.emitter_age*400)"],
				"direction": [0, 0.5, 0]
			},
			"minecraft:particle_lifetime_expression": {
				"max_lifetime": 1
			},
			"minecraft:particle_initial_spin": {
				"rotation": 1,
				"rotation_rate": 0.4
			},
			"minecraft:particle_initial_speed": 0.3,
			"minecraft:particle_motion_dynamic": {
				"linear_acceleration": [0, -2, 0],
				"linear_drag_coefficient": 1
			},
			"minecraft:particle_appearance_billboard": {
				"size": [0.3, 0.3],
				"facing_camera_mode": "rotate_xyz",
				"uv": {
					"texture_width": 16,
					"texture_height": 176,
					"flipbook": {
						"base_UV": [0, 0],
						"size_UV": [16, 16],
						"step_UV": [0, 16],
						"frames_per_second": 10,
						"max_frame": 15
					}
				}
			},
			"minecraft:particle_appearance_lighting": {},
			"minecraft:particle_appearance_tinting": {
				"color": [1, 1, 1, 1]
			}
		}
	}
}