{
	"format_version": "1.10.0",
	"particle_effect": {
		"description": {
			"identifier": "brutal:sweep_attack",
			"basic_render_parameters": {
				"material": "particles_alpha",
				"texture": "textures/particle/sweep_attack"
			}
		},
		"components": {
			"minecraft:emitter_rate_instant": {
				"num_particles": 1
			},
			"minecraft:emitter_lifetime_once": {
				"active_time": 0
			},
			"minecraft:emitter_shape_sphere": {
				"radius": 0.025,
				"direction": [
					0,
					0,
					0
				]
			},
			"minecraft:particle_lifetime_expression": {
				"max_lifetime": 0.3
			},
			"minecraft:particle_appearance_billboard": {
				"size": [
					2,
					1
				],
				"facing_camera_mode": "lookat_xyz",
				"uv": {
					"texture_width": 64,
					"texture_height": 4,
					"flipbook": {
						"base_UV": [
							0,
							0
						],
						"size_UV": [
							8,
							4
						],
						"step_UV": [
							8,
							0
						],
						"frames_per_second": 8,
						"max_frame": 8,
						"stretch_to_lifetime": true,
						"loop": false
					}
				}
			}
		}
	}
}