{
  "format_version": "1.16.100",
  "minecraft:entity": {
    "description": {
      "identifier": "lore:avarice_scythe",
      "is_spawnable": false,
      "is_summonable": true,
      "is_experimental": false
    },
    "components": {
      "minecraft:type_family": {
        "family": [ "despawn" ]
      },
      "minecraft:health": {
        "value": -1
      },
      "minecraft:loot": {
        "table": "loot_tables/gives/avarice_scythe.json"
      },
      "minecraft:physics": {}
    },
    "events": {}
  }
}