{
   "format_version" : "1.14.0",
   "sound_definitions" : {
      "items.flamos_slash" : {
         "__use_legacy_max_distance" : "true",
         "category" : "player",
         "sounds" : [ "sounds/doombringer_axe/flamos_slash" ]
      },
      "items.flamos_slash_1" : {
         "__use_legacy_max_distance" : "true",
         "category" : "player",
         "sounds" : [ "sounds/doombringer_axe/flamos_slash_1" ]
      },
      "items.flamos_slash_2" : {
         "__use_legacy_max_distance" : "true",
         "category" : "player",
         "sounds" : [ "sounds/doombringer_axe/flamos_slash_2" ]
      },
      "items.flamos_leap" : {
         "__use_legacy_max_distance" : "true",
         "category" : "player",
         "sounds" : [ "sounds/doombringer_axe/flamos_leap" ]
      },
      "items.flamos_leap_1" : {
         "__use_legacy_max_distance" : "true",
         "category" : "player",
         "sounds" : [ "sounds/doombringer_axe/flamos_leap_1" ]
      },
      "items.soul_slice1" : {
         "__use_legacy_max_distance" : "true",
         "category" : "player",
         "sounds" : [ "sounds/avarice_scythe/soul_slice_1" ]
      },
      "items.soul_slice2" : {
         "__use_legacy_max_distance" : "true",
         "category" : "player",
         "sounds" : [ "sounds/avarice_scythe/soul_slice_2" ]
      },
      "items.soul_slice3" : {
         "__use_legacy_max_distance" : "true",
         "category" : "player",
         "sounds" : [ "sounds/avarice_scythe/soul_slice_3" ]
      },
      "items.soul_slice4" : {
         "__use_legacy_max_distance" : "true",
         "category" : "player",
         "sounds" : [ "sounds/avarice_scythe/soul_slice_4" ]
      },
      "items.death_spin" : {
         "__use_legacy_max_distance" : "true",
         "category" : "player",
         "sounds" : [ "sounds/avarice_scythe/death_spin" ]
      },
      "items.summon_claw" : {
         "__use_legacy_max_distance" : "true",
         "category" : "player",
         "sounds" : [ "sounds/avarice_scythe/summon_claw" ]
      },
      "items.claw_pull" : {
         "__use_legacy_max_distance" : "true",
         "category" : "player",
         "sounds" : [ "sounds/avarice_scythe/claw_pull" ]
      },
      "items.summon_scythe" : {
         "__use_legacy_max_distance" : "true",
         "category" : "player",
         "sounds" : [ "sounds/avarice_scythe/summon_scythe" ]
      },
      "items.soul_scythe_slash" : {
         "__use_legacy_max_distance" : "true",
         "category" : "player",
         "sounds" : [ "sounds/avarice_scythe/soul_scythe_slash" ]
      },
      "items.cross_slash" : {
         "__use_legacy_max_distance" : "true",
         "category" : "player",
         "sounds" : [ "sounds/avarice_scythe/cross_slash" ]
     },
     "items.brutal_slash" : {
         "__use_legacy_max_distance" : "true",
         "category" : "player",
         "sounds" : [ "sounds/warrior/warrior_slash1" ]
     },
     "items.brutal_slash2" : {
         "__use_legacy_max_distance" : "true",
         "category" : "player",
         "sounds" : [ "sounds/warrior/warrior_slash2" ]
     },
     "items.whirlwind" : {
         "__use_legacy_max_distance" : "true",
         "category" : "player",
         "sounds" : [ "sounds/warrior/whirlwind" ]
     },
     "items.warrior_charge" : {
         "__use_legacy_max_distance" : "true",
         "category" : "player",
         "sounds" : [ "sounds/warrior/warrior_charge" ]
     },
     "void_arrow_shoot" : {
         "__use_legacy_max_distance" : "true",
         "category" : "player",
         "sounds" : [ "sounds/null/void_arrow_shoot" ]
     },
     "void_teleport" : {
         "__use_legacy_max_distance" : "true",
         "category" : "player",
         "sounds" : [ "sounds/null/void_teleport" ]
     },
     "void_blackhole_summon" : {
         "__use_legacy_max_distance" : "true",
         "category" : "player",
         "sounds" : [ "sounds/null/void_blackhole_summon" ]
     },
     "void_blackhole" : {
         "__use_legacy_max_distance" : "true",
         "category" : "player",
         "sounds" : [ "sounds/null/void_blackhole" ]
     },
     "void_rain_arrow" : {
         "__use_legacy_max_distance" : "true",
         "category" : "player",
         "sounds" : [ "sounds/null/void_rain_arrow" ]
     },
     "void_rain_circle" : {
         "__use_legacy_max_distance" : "true",
         "category" : "player",
         "sounds" : [ "sounds/null/void_rain_circle" ]
     },
     "items.blood_cut" : {
         "__use_legacy_max_distance" : "true",
         "category" : "player",
         "sounds" : [ "sounds/ninja_samurai/blood_cut" ]
     },
     "items.laceration" : {
         "__use_legacy_max_distance" : "true",
         "category" : "player",
         "sounds" : [ "sounds/ninja_samurai/laceration" ]
     },
     "items.blood_slash_1" : {
         "__use_legacy_max_distance" : "true",
         "category" : "player",
         "sounds" : [ "sounds/ninja_samurai/blood_slash_1" ]
     },
     "items.blood_slash_2" : {
         "__use_legacy_max_distance" : "true",
         "category" : "player",
         "sounds" : [ "sounds/ninja_samurai/blood_slash_2" ]
     },
     "items.death_symbol" : {
         "__use_legacy_max_distance" : "true",
         "category" : "player",
         "sounds" : [ "sounds/ninja_samurai/death_symbol" ]
     },
     "items.dragon_slash" : {
         "__use_legacy_max_distance" : "true",
         "category" : "player",
         "sounds" : [ "sounds/dragon_warrior/dragon_slash" ]
     },
     "items.dragon_leap_up" : {
         "__use_legacy_max_distance" : "true",
         "category" : "player",
         "sounds" : [ "sounds/dragon_warrior/dragon_leap_up" ]
     },
     "items.dragon_pierce" : {
         "__use_legacy_max_distance" : "true",
         "category" : "player",
         "sounds" : [ "sounds/dragon_warrior/dragon_pierce" ]
     },
     "items.dragon_wheel_aura" : {
         "__use_legacy_max_distance" : "true",
         "category" : "player",
         "sounds" : [ "sounds/dragon_warrior/dragon_wheel_aura" ]
     },
     "items.rawr_1" : {
         "__use_legacy_max_distance" : "true",
         "category" : "player",
         "sounds" : [ "sounds/dragon_warrior/rawr_1" ]
     },
     "items.rawr_2" : {
         "__use_legacy_max_distance" : "true",
         "category" : "player",
         "sounds" : [ "sounds/dragon_warrior/rawr_2" ]
     },
     "items.sayap" : {
         "__use_legacy_max_distance" : "true",
         "category" : "player",
         "sounds" : [ "sounds/dragon_warrior/sayap" ]
     },
     "items.spawn_naga" : {
         "__use_legacy_max_distance" : "true",
         "category" : "player",
         "sounds" : [ "sounds/dragon_warrior/spawn_naga" ]
     },
     "ass_dash": {
        "__use_legacy_max_distance" : "true",
        "category": "player",
        "sounds": [ "sounds/dagger_ravenous/dash" ]
     },
     "ass_tp": {
        "__use_legacy_max_distance" : "true",
        "category": "player",
        "sounds": [ "sounds/dagger_ravenous/blade_dance_teleport" ]
     },
     "ass_crit": {
        "__use_legacy_max_distance" : "true",
        "category": "player",
        "sounds": [ "sounds/dagger_ravenous/blade_critical" ]
     },
     "ass_spin": {
        "__use_legacy_max_distance" : "true",
        "category": "player",
        "sounds": [ "sounds/dagger_ravenous/dash" ]
     },
     "ass_throw": {
        "__use_legacy_max_distance" : "true",
        "category": "player",
        "sounds": [ "sounds/dagger_ravenous/piercing_shuriken_throw" ]
     },
     "shadow_walk": {
        "__use_legacy_max_distance" : "true",
        "category": "player",
        "sounds": [ "sounds/dagger_ravenous/shadow_walk" ]
     },
     "ass_hit": {
       "__use_legacy_max_distance" : "true",
       "category": "player",
       "sounds": [ "sounds/dagger_ravenous/shuriken_hit" ]
        }
    }
}