{
	"format_version": "1.12.0",
	"minecraft:geometry": [
		{
			"description": {
				"identifier": "geometry.wings_sayap",
				"texture_width": 64,
				"texture_height": 64,
				"visible_bounds_width": 8,
				"visible_bounds_height": 4.5,
				"visible_bounds_offset": [0, 1.75, 0]
			},
			"bones": [
				{
					"name": "Body",
					"pivot": [0, 24, 0]
				},
				{
					"name": "group",
					"parent": "Body",
					"pivot": [-1, 23.125, 5.82291],
					"cubes": [
						{
							"origin": [-42.1445, 8.9625, 1.88121],
							"size": [45.4, 35.4, 0],
							"pivot": [-1, 23.125, 5.82291],
							"rotation": [0, 22.5, 0],
							"uv": {
								"north": {"uv": [60, 1], "uv_size": [-50, 63]},
								"east": {"uv": [10, 0], "uv_size": [51, 62]},
								"south": {"uv": [10, 0], "uv_size": [51, 63]},
								"west": {"uv": [11, 0], "uv_size": [50, 64]},
								"up": {"uv": [11, 63], "uv_size": [50, -63]},
								"down": {"uv": [11, 64], "uv_size": [49, -63]}
							}
						},
						{
							"origin": [-50.7445, 9.8875, 1.1062],
							"size": [50.4, 35.4, 0],
							"pivot": [-1, 23.125, 5.82291],
							"rotation": [0, 22.5, 0],
							"uv": {
								"north": {"uv": [60, 1], "uv_size": [-50, 63]},
								"east": {"uv": [10, 0], "uv_size": [51, 62]},
								"south": {"uv": [10, 0], "uv_size": [51, 63]},
								"west": {"uv": [11, 0], "uv_size": [50, 64]},
								"up": {"uv": [11, 63], "uv_size": [50, -63]},
								"down": {"uv": [11, 64], "uv_size": [49, -63]}
							}
						},
						{
							"origin": [-48.1445, 7.9625, 1.3312],
							"size": [51.4, 40.4, 0],
							"pivot": [-1, 23.125, 5.82291],
							"rotation": [0, 22.5, 0],
							"uv": {
								"north": {"uv": [60, 1], "uv_size": [-50, 63]},
								"east": {"uv": [10, 0], "uv_size": [51, 62]},
								"south": {"uv": [10, 0], "uv_size": [51, 63]},
								"west": {"uv": [11, 0], "uv_size": [50, 64]},
								"up": {"uv": [11, 63], "uv_size": [50, -63]},
								"down": {"uv": [11, 64], "uv_size": [49, -63]}
							}
						},
						{
							"origin": [-2.2555, 8.9625, 1.33121],
							"size": [51.4, 40.4, 0],
							"pivot": [-1, 23.125, 5.82291],
							"rotation": [0, -22.5, 0],
							"uv": {
								"north": {"uv": [10, 1], "uv_size": [50, 63]},
								"east": {"uv": [10, 0], "uv_size": [51, 62]},
								"south": {"uv": [61, 0], "uv_size": [-51, 63]},
								"west": {"uv": [11, 0], "uv_size": [50, 64]},
								"up": {"uv": [61, 63], "uv_size": [-50, -63]},
								"down": {"uv": [60, 64], "uv_size": [-49, -63]}
							}
						},
						{
							"origin": [-2.6555, 9.8875, 1.10621],
							"size": [50.4, 35.4, 0],
							"pivot": [-1, 23.125, 5.82291],
							"rotation": [0, -22.5, 0],
							"uv": {
								"north": {"uv": [10, 1], "uv_size": [50, 63]},
								"east": {"uv": [10, 0], "uv_size": [51, 62]},
								"south": {"uv": [61, 0], "uv_size": [-51, 63]},
								"west": {"uv": [11, 0], "uv_size": [50, 64]},
								"up": {"uv": [61, 63], "uv_size": [-50, -63]},
								"down": {"uv": [60, 64], "uv_size": [-49, -63]}
							}
						},
						{
							"origin": [-2.2555, 8.9625, 0.88121],
							"size": [45.4, 35.4, 0],
							"pivot": [-1, 23.125, 5.82291],
							"rotation": [0, -22.5, 0],
							"uv": {
								"north": {"uv": [10, 1], "uv_size": [50, 63]},
								"east": {"uv": [10, 0], "uv_size": [51, 62]},
								"south": {"uv": [61, 0], "uv_size": [-51, 63]},
								"west": {"uv": [11, 0], "uv_size": [50, 64]},
								"up": {"uv": [61, 63], "uv_size": [-50, -63]},
								"down": {"uv": [60, 64], "uv_size": [-49, -63]}
							}
						}
					]
				}
			]
		}
	]
}