{
    "format_version": "1.12.0",
    "minecraft:entity": {
        "description": {
            "is_spawnable": false,
            "is_summonable": true,
            "is_experimental": false,
            "runtime_identifier": "minecraft:arrow",
            "identifier": "custom:void_arrow_down"
        },
        "component_groups": {
            "despawn": {
                "minecraft:instant_despawn": {}
            }
        },
        "components": {
            "minecraft:collision_box": {
                "width": 0.25,
                "height": 0.25
            },
            "minecraft:physics": {},
            "minecraft:projectile": {
                "on_hit": {
                    "impact_damage": {
                        "damage": [
                            10,
                            10
                        ],
                        "knockback": true,
                        "semi_random_diff_damage": false
                    },
                    "arrow_effect": {
                        "effects": [
                            {
                                "event": "minecraft:entity_hurt",
                                "effect": "minecraft:instant_damage",
                                "amplifier": 1
                            }
                        ]
                    }
                },
                "power": 0,
                "gravity": 3,  
                "inertia": 1,
                "liquid_inertia": 0.8,
                "anchor": 2,
                "offset": [
                    0,
                    -0.1,
                    0
                ]
            },
            "minecraft:timer": {
                "looping": true,
                "time": [
                    3,
                    3
                ],
                "time_down_event": {
                    "event": "despawn",
                    "target": "self"
                }
            }
        },
        "events": {
            "despawn": {
                "add": {
                    "component_groups": [
                        "despawn"
                    ]
                }
            }
        }
    }
}