{
	"format_version": "1.16.100",
	"minecraft:item": {
		"description": {
			"identifier": "custom:avarice_scythe",
			"category": "equipment"
		},
		"components": {
			"minecraft:creative_category": {
				"parent": "itemGroup.name.hoe"
			},
			"minecraft:icon": {
				"texture": "avarice_scythe",
				"frame": 0
			},
			"minecraft:cooldown": {
				"category": "ender_pearl",
				"duration": 5.0
	        },
	        "minecraft:food": {
				"can_always_eat": true
	        },
	        "minecraft:use_duration": 2000,
		    "minecraft:display_name": {
		        "value": "§r§aSin Of Greed"
			},
			"minecraft:max_stack_size": 1,
			"minecraft:hand_equipped": true,
			"minecraft:mining_speed": 5,
            "minecraft:allow_off_hand": true,
			"minecraft:damage": 11,
			"minecraft:enchantable": {
				"value": 20,
				"slot": "sword"
			},
			"minecraft:can_destroy_in_creative": false,
			"minecraft:digger": {
				"use_efficiency": true,
				"destroy_speeds": [
					{
						"block": {
						    "any_tag": ["stone", "metal", "diamond_pick_diggable"]
						},
						"speed": 10
					},
					{
						"block": "minecraft:web",
						"speed": 15
					},
					{
						"block": "minecraft:bamboo",
						"speed": 10
					},
					{
						"block": "minecraft:ice",
						"speed": 10
					},
					{
						"block": "minecraft:snow",
						"speed": 10
					}
				]
			},
			"tag:minecraft:is_sword": {},
            "minecraft:render_offsets": "tools"
		}
	}
}