{
	"format_version": "1.16.100",
	"minecraft:item": {
		"description": {
			"identifier": "bl:crossbow_envious",
			"category": "equipment"
		},
		"components": {
			"minecraft:creative_category": {
				"parent": "itemGroup.name.bows"
			},
			"minecraft:icon": {
				"texture": "crossbow_envious",
				"frame": 0
			},
			"minecraft:food": {
				"can_always_eat": true
	        },
	        "minecraft:use_duration": 9999,
	        "minecraft:can_destroy_in_creative": false,
		    "minecraft:display_name": {
		        "value": "Crossbow Of Envious Whispers�r\nSinn Of Envy�r"
			},
			"minecraft:repairable": {
				"repair_items": [
					{
					   "items": [
					        "minecraft:bow",
					        "bl:crossbow_envious"
					    ],
					    "repair_amount": 1
                    }
				]
			},
			"minecraft:max_stack_size": 1,
			"minecraft:damageable": {
				"max_damage": 464,
				"repair_items": [
					"minecraft:bow",
					"bl:crossbow_envious"
				]
			},
			"minecraft:durability": {
				"max_durability": 464,
				"damage_chance": {
					"min": 1,
                    "max": 1
				}
			},
			"minecraft:weapon": {},
			"tag:minecraft:is_bow": {},
			"minecraft:use_animation": "bow",
            "minecraft:render_offsets": "bow"
		}
	}
}