{
	"format_version": "1.19.70",
	"minecraft:item": {
		"description": {
			"identifier": "bl:crossbow_envious_arrow",
			"category": "commands"
		},
		"components": {
			"minecraft:max_stack_size": 1,
			"minecraft:display_name": {
				"value": "Crossbow Of Envious Whispers�r\nSinn Of Envy�r"
			},
			"minecraft:use_duration": 0.45,
			"minecraft:chargeable": {
				"on_complete": {
					"target": "self",
					"event": "shoot"
				}
			},
			"minecraft:use_animation": "crossbow",
			"minecraft:icon": {
				"texture": "crossbow_envious"
			},
			"minecraft:creative_category": {
				"parent": "commands"
			}
		},
		"events": {
			"shoot": {
				"run_command": {
					"command": [
						"playsound void_arrow_shoot",
						"replaceitem entity @s slot.weapon.mainhand 0 bl:crossbow_envious"
					],
					"target": "holder"
				},
				"shoot": {
					"projectile": "custom:void_arrow",
					"launch_power": 1,
					"angle_offset": "query.cardinal_facing"
				}
			}
		}
	}
}