{
	"format_version": "1.16.0",
	"minecraft:geometry": [
		{
			"description": {
				"identifier": "geometry.void_arrow_down",
				"texture_width": 16,
				"texture_height": 16,
				"visible_bounds_width": 4,
				"visible_bounds_height": 3,
				"visible_bounds_offset": [0, 0.5, 0]
			},
			"bones": [
				{
					"name": "arrow",
					"pivot": [0, 0, 0],
					"rotation": [90, 0, 90],
					"binding": "'body'",
					"cubes": [
						{
							"origin": [-9, -7.8, 0],
							"size": [16, 16, 0],
							"uv": {
								"north": {"uv": [0, 0], "uv_size": [16, 16]},
								"east": {"uv": [0.5, 1], "uv_size": [2.5, 1.5]},
								"south": {"uv": [0.5, 1], "uv_size": [2.5, 1.5]},
								"west": {"uv": [0.5, 1], "uv_size": [2.5, 1.5]},
								"up": {"uv": [3, 2.5], "uv_size": [-2.5, -1.5]},
								"down": {"uv": [3, 2.5], "uv_size": [-2.5, -1.5]}
							}
						},
						{
							"origin": [-7, -0.2, -8],
							"size": [16, 0, 16],
							"uv": {
								"north": {"uv": [0.5, 1], "uv_size": [2.5, 1.5]},
								"east": {"uv": [0.5, 1], "uv_size": [2.5, 1.5]},
								"south": {"uv": [0.5, 1], "uv_size": [2.5, 1.5]},
								"west": {"uv": [0.5, 1], "uv_size": [2.5, 1.5]},
								"up": {"uv": [16, 16], "uv_size": [-16, -16]},
								"down": {"uv": [3, 2.5], "uv_size": [-2.5, -1.5]}
							}
						}
					]
				}
			]
		}
	]
}