{
	"format_version": "1.10.0",
	"minecraft:attachable": {
		"description": {
			"identifier": "custom:avarice_scythe",
			"materials": {
				"default": "entity_alphatest",
				"enchanted": "entity_alphatest_glint"
			},
			"textures": {
				"default": "textures/entity/avarice_scythe",
				"enchanted": "textures/misc/enchanted_item_glint"
			},
			"geometry": {
				"default": "geometry.avarice_scythe",
				"on_back": "geometry.avarice_scythe_back"
			},
			"animations": {
				"hold_first_person": "animation.avarice_scythe.fpp",
				"hold_third_person": "animation.avarice_scythe.tpp",
				"loop": "animation.avarice_scythe_back.loop"
			},
			"scripts": {
				"animate": [
			{
				"hold_first_person": "c.is_first_person"
			},
			{
				"hold_third_person": "!c.is_first_person"
		    },
			{
				"loop": "q.is_item_name_any('slot.weapon.offhand', 0, 'custom:avarice_scythe')"
			}
		]
	},
			"render_controllers": [
				{"controller.render.default" : "q.is_item_name_any('slot.weapon.mainhand', 0, 'custom:avarice_scythe')"},
				{"controller.render.on_back" : "q.is_item_name_any('slot.weapon.offhand', 0, 'custom:avarice_scythe')"}
			]
		}
	}
}
