{
	"format_version": "1.10.0",
	"minecraft:attachable": {
		"description": {
			"identifier": "bl:avarice_scythe_awaked",
			"materials": {
				"default": "entity_alphatest",
				"enchanted": "entity_alphatest_glint"
			},
			"textures": {
				"frame_0": "textures/entity/awaked",
				"frame_1": "textures/entity/awaked2",
				"frame_2": "textures/entity/awaked3",
				"frame_3": "textures/entity/awaked4",
				"frame_4": "textures/entity/awaked5",
				"frame_5": "textures/entity/awaked6",
				"frame_6": "textures/entity/awaked7",
				"frame_7": "textures/entity/awaked8",
				"frame_8": "textures/entity/awaked9",
				"frame_9": "textures/entity/awaked10",
				"frame_10": "textures/entity/awaked11",
				"frame_11": "textures/entity/awaked12",
				"frame_12": "textures/entity/awaked13",
				"frame_13": "textures/entity/awaked14",
				"frame_14": "textures/entity/awaked15",
				"enchanted": "textures/misc/enchanted_item_glint"
			},
			"geometry": {
				"default": "geometry.avarice_scythe_awaked",
				"on_back": "geometry.avarice_scythe_awaked_back"
			},
			"animations": {
				"hold_first_person": "animation.avarice_scythe_awaked.fpp",
				"hold_third_person": "animation.avarice_scythe_awaked.tpp",
				"loop": "animation.avarice_scythe_awaked_back.loop"
			},
			"scripts": {
				"animate": [
			{
				"hold_first_person": "c.is_first_person"
			},
			{
				"hold_third_person": "!c.is_first_person"
		    },
			{
				"loop": "q.is_item_name_any('slot.weapon.offhand', 0, 'bl:avarice_scythe_awaked')"
			}
		]
	},
			"render_controllers": [
				{"controller.render.animate_all15" : "q.is_item_name_any('slot.weapon.mainhand', 0, 'bl:avarice_scythe_awaked')"},
				{"controller.render.animated_on_back15" : "q.is_item_name_any('slot.weapon.offhand', 0, 'bl:avarice_scythe_awaked')"}
			]
		}
	}
}