{
  "format_version": "1.10.0",
  "minecraft:attachable": {
    "description": {
      "identifier": "custom:dagger_ravenous",
      "materials": {
        "default": "entity_alphatest",
        "enchanted": "entity_alphatest_glint"
      },
      "textures": {
        "frame_0": "textures/entity/dagger_ravenous_0",
        "frame_1": "textures/entity/dagger_ravenous_1",
        "frame_2": "textures/entity/dagger_ravenous_2",
        "frame_3": "textures/entity/dagger_ravenous_3",
        "frame_4": "textures/entity/dagger_ravenous_4",
        "enchanted": "textures/misc/enchanted_item_glint"
      },
      "geometry": {
        "default": "geometry.dagger_ravenous",
        "on_back": "geometry.dagger_ravenous_on_back"
      },
      "animations": {
        "wield_first_person": "animation.dagger_ravenous.fpp",
        "wield_third_person": "animation.dagger_ravenous.tppp",
        "loop": "animation.dagger_ravenous_back.loop"
      },
      "scripts": {
            "animate": [
          {
            "wield_first_person": "c.is_first_person"
          },
          {
            "wield_third_person": "!c.is_first_person"
          },
          {
		    "loop": "q.is_item_name_any('slot.weapon.offhand', 0, 'custom:dagger_ravenous')"
		  }
        ]
      },
      "render_controllers": [
        {"controller.render.animate_all" : "q.is_item_name_any('slot.weapon.mainhand', 0, 'custom:dagger_ravenous')"},
				{"controller.render.animated_on_back" : "q.is_item_name_any('slot.weapon.offhand', 0, 'custom:dagger_ravenous')"}
      ]
    }
  }
}