{
	"format_version": "1.10.0",
	"minecraft:attachable": {
		"description": {
			"identifier": "bl:doombringer_axe_awaked",
			"materials": {
				"default": "entity_alphatest",
				"enchanted": "entity_alphatest_glint"
			},
			"textures": {
				"frame_0": "textures/entity/doombringer_awaked_0",
				"frame_1": "textures/entity/doombringer_awaked_1",
				"frame_2": "textures/entity/doombringer_awaked_2",
				"frame_3": "textures/entity/doombringer_awaked_3",
				"frame_4": "textures/entity/doombringer_awaked_4",
				"enchanted": "textures/misc/enchanted_item_glint"
			},
			"geometry": {
				"default": "geometry.doombringer_awaked",
				"on_back": "geometry.doombringer_awaked_back"
			},
			"animations": {
				"hold_first_person": "animation.doombringer_awaked.fpp",
				"hold_third_person": "animation.doombringer_awaked.tpp",
				"loop": "animation.doombringer_awaked_back.loop"
			},
			"scripts": {
				"animate": [
			{
				"hold_first_person": "c.is_first_person"
			},
			{
				"hold_third_person": "!c.is_first_person"
		    },
			{
				"loop": "q.is_item_name_any('slot.weapon.offhand', 0, 'bl:doombringer_axe_awaked')"
			}
		]
	},
			"render_controllers": [
				{"controller.render.animate_all" : "q.is_item_name_any('slot.weapon.mainhand', 0, 'bl:doombringer_axe_awaked')"},
				{"controller.render.animated_on_back" : "q.is_item_name_any('slot.weapon.offhand', 0, 'bl:doombringer_axe_awaked')"}
			]
		}
	}
}
