{
	"format_version": "1.10.0",
	"minecraft:attachable": {
		"description": {
			"identifier": "custom:doombringer_axe",
			"materials": {
				"default": "entity_alphatest",
				"enchanted": "entity_alphatest_glint"
			},
			"textures": {
				"frame_0": "textures/entity/doombringer_axe_0",
				"frame_1": "textures/entity/doombringer_axe_1",
				"frame_2": "textures/entity/doombringer_axe_2",
				"frame_3": "textures/entity/doombringer_axe_3",
				"frame_4": "textures/entity/doombringer_axe_4",
				"enchanted": "textures/misc/enchanted_item_glint"
			},
			"geometry": {
				"default": "geometry.doombringer_axe",
				"on_back": "geometry.doombringer_axe_back"
			},
			"animations": {
				"hold_first_person": "animation.doombringer_axe.fpp",
				"hold_third_person": "animation.doombringer_axe.tpp",
				"loop": "animation.doombringer_axe_back.loop"
			},
			"scripts": {
				"animate": [
			{
				"hold_first_person": "c.is_first_person"
			},
			{
				"hold_third_person": "!c.is_first_person"
		    },
			{
				"loop": "q.is_item_name_any('slot.weapon.offhand', 0, 'custom:doombringer_axe')"
			}
		]
	},
			"render_controllers": [
				{"controller.render.animate_all" : "q.is_item_name_any('slot.weapon.mainhand', 0, 'custom:doombringer_axe')"},
				{"controller.render.animated_on_back" : "q.is_item_name_any('slot.weapon.offhand', 0, 'custom:doombringer_axe')"}
			]
		}
	}
}
