{
	"format_version": "1.12.0",
	"minecraft:geometry": [
		{
			"description": {
				"identifier": "geometry.blackhole",
				"texture_width": 16,
				"texture_height": 16,
				"visible_bounds_width": 4,
				"visible_bounds_height": 3.5,
				"visible_bounds_offset": [0, 1.25, 0]
			},
			"bones": [
				{
					"name": "blackhole",
					"pivot": [8, 3, -8],
					"cubes": [
						{
							"origin": [-19, -8, 0],
							"size": [38, 38, 0],
							"uv": {
								"north": {"uv": [3.25, 3.5], "uv_size": [9, 9]},
								"east": {"uv": [0.5, 1], "uv_size": [2.5, 1.5]},
								"south": {"uv": [9, 0], "uv_size": [-9, 0]},
								"west": {"uv": [0.5, 1], "uv_size": [2.5, 1.5]},
								"up": {"uv": [3, 2.5], "uv_size": [-2.5, -1.5]},
								"down": {"uv": [3, 2.5], "uv_size": [-2.5, -1.5]}
							}
						},
						{
							"origin": [0, -8, -19],
							"size": [0, 38, 38],
							"uv": {
								"north": {"uv": [0.5, 1], "uv_size": [2.5, 1.5]},
								"east": {"uv": [3.25, 3.5], "uv_size": [9, 9]},
								"south": {"uv": [0.5, 1], "uv_size": [2.5, 1.5]},
								"west": {"uv": [16, 0], "uv_size": [-9, 0]},
								"up": {"uv": [3, 2.5], "uv_size": [-2.5, -1.5]},
								"down": {"uv": [3, 2.5], "uv_size": [-2.5, -1.5]}
							}
						}
					]
				}
			]
		}
	]
}