{
	"format_version": "1.12.0",
	"minecraft:geometry": [
		{
			"description": {
				"identifier": "geometry.blazing_leap",
				"texture_width": 16,
				"texture_height": 16,
				"visible_bounds_width": 4,
				"visible_bounds_height": 1.5,
				"visible_bounds_offset": [0, 0.25, 0]
			},
			"bones": [
				{
					"name": "bone",
					"pivot": [8, 0, -8],
					"cubes": [
						{
							"origin": [-21.5, 1, -21.5],
							"size": [43, 0, 43],
							"uv": {
								"north": {"uv": [3.032, 5.032], "uv_size": [3.468, 4.468]},
								"east": {"uv": [3.032, 5.032], "uv_size": [3.468, 4.468]},
								"south": {"uv": [3.032, 5.032], "uv_size": [3.468, 4.468]},
								"west": {"uv": [3.032, 5.032], "uv_size": [3.468, 4.468]},
								"up": {"uv": [0.032, 15.968], "uv_size": [15.936, -15.936]},
								"down": {"uv": [15.968, 15.968], "uv_size": [-15.936, -15.936]}
							}
						}
					]
				}
			]
		}
	]
}