{
	"format_version": "1.12.0",
	"minecraft:geometry": [
		{
			"description": {
				"identifier": "geometry.dash",
				"texture_width": 16,
				"texture_height": 16,
				"visible_bounds_width": 4,
				"visible_bounds_height": 3,
				"visible_bounds_offset": [0, 0.5, 0]
			},
			"bones": [
				{
					"name": "bone",
					"pivot": [6, 14, -1],
					"rotation": [-90, 0, 0],
					"cubes": [
						{
							"origin": [-18.5, -1.5, 7],
							"size": [33, 33, 0],
							"uv": {
								"north": {"uv": [15.968, 15.968], "uv_size": [-15.936, -15.936]},
								"east": {"uv": [1.032, 1.032], "uv_size": [1.968, 1.968]},
								"south": {"uv": [0.032, 15.968], "uv_size": [15.936, -15.936]},
								"west": {"uv": [1.032, 1.032], "uv_size": [1.968, 1.968]},
								"up": {"uv": [3, 3], "uv_size": [-1.968, -1.968]},
								"down": {"uv": [3, 3], "uv_size": [-1.968, -1.968]}
							}
						},
						{
							"origin": [-18.5, -1.5, 8],
							"size": [33, 33, 0],
							"pivot": [-2, 15, 7],
							"rotation": [0, 40, 0],
							"uv": {
								"north": {"uv": [15.968, 15.968], "uv_size": [-15.936, -15.936]},
								"east": {"uv": [1.032, 1.032], "uv_size": [1.968, 1.968]},
								"south": {"uv": [0.032, 15.968], "uv_size": [15.936, -15.936]},
								"west": {"uv": [1.032, 1.032], "uv_size": [1.968, 1.968]},
								"up": {"uv": [3, 3], "uv_size": [-1.968, -1.968]},
								"down": {"uv": [3, 3], "uv_size": [-1.968, -1.968]}
							}
						},
						{
							"origin": [-18.5, -1.5, 6],
							"size": [33, 33, 0],
							"pivot": [-2, 15, 7],
							"rotation": [0, -40, 0],
							"uv": {
								"north": {"uv": [15.968, 15.968], "uv_size": [-15.936, -15.936]},
								"east": {"uv": [1.032, 1.032], "uv_size": [1.968, 1.968]},
								"south": {"uv": [0.032, 15.968], "uv_size": [15.936, -15.936]},
								"west": {"uv": [1.032, 1.032], "uv_size": [1.968, 1.968]},
								"up": {"uv": [3, 3], "uv_size": [-1.968, -1.968]},
								"down": {"uv": [3, 3], "uv_size": [-1.968, -1.968]}
							}
						},
						{
							"origin": [-19.5, -1.5, 8.6],
							"size": [33, 33, 0],
							"pivot": [-2, 15, 7],
							"rotation": [0, 90, 0],
							"uv": {
								"north": {"uv": [15.968, 15.968], "uv_size": [-15.936, -15.936]},
								"east": {"uv": [1.032, 1.032], "uv_size": [1.968, 1.968]},
								"south": {"uv": [0.032, 15.968], "uv_size": [15.936, -15.936]},
								"west": {"uv": [1.032, 1.032], "uv_size": [1.968, 1.968]},
								"up": {"uv": [3, 3], "uv_size": [-1.968, -1.968]},
								"down": {"uv": [3, 3], "uv_size": [-1.968, -1.968]}
							}
						}
					]
				}
			]
		}
	]
}