{
	"format_version": "1.12.0",
	"minecraft:geometry": [
		{
			"description": {
				"identifier": "geometry.dragon_dash",
				"texture_width": 64,
				"texture_height": 64,
				"visible_bounds_width": 4,
				"visible_bounds_height": 3.5,
				"visible_bounds_offset": [0, 1.25, 0]
			},
			"bones": [
				{
					"name": "Body",
					"pivot": [0, 24, 0]
				},
				{
					"name": "group",
					"parent": "Body",
					"pivot": [-2.5, -0.5, 0],
					"cubes": [
						{
							"origin": [-8.54946, -6.624, -18.80165],
							"size": [0, 33.264, 33.264],
							"pivot": [-4, 9, -4.46831],
							"rotation": [0, -22.5, 0],
							"uv": {
								"north": {"uv": [0, 0], "uv_size": [63, 64]},
								"east": {"uv": [64, 0], "uv_size": [-64, 64]},
								"south": {"uv": [0, 0], "uv_size": [64, 64]},
								"west": {"uv": [0, 0], "uv_size": [64, 64]},
								"up": {"uv": [0, 63], "uv_size": [53, -54]},
								"down": {"uv": [49, 64], "uv_size": [-49, -62]}
							}
						},
						{
							"origin": [3.54946, -6.624, -18.80165],
							"size": [0, 33.264, 33.264],
							"pivot": [-4, 9, -4.46831],
							"rotation": [0, 25, 0],
							"uv": {
								"north": {"uv": [0, 0], "uv_size": [63, 64]},
								"east": {"uv": [64, 0], "uv_size": [-64, 64]},
								"south": {"uv": [0, 0], "uv_size": [64, 64]},
								"west": {"uv": [0, 0], "uv_size": [64, 64]},
								"up": {"uv": [0, 63], "uv_size": [53, -54]},
								"down": {"uv": [49, 64], "uv_size": [-49, -62]}
							}
						},
						{
							"origin": [-19.624, 14.54946, -18.80165],
							"size": [33.264, 0, 33.264],
							"pivot": [-4, 9, -4.46831],
							"rotation": [22.5, 0, 0],
							"uv": {
								"north": {"uv": [0, 0], "uv_size": [63, 64]},
								"east": {"uv": [0, 0], "uv_size": [49, 64]},
								"south": {"uv": [0, 0], "uv_size": [64, 64]},
								"west": {"uv": [0, 0], "uv_size": [63, 64]},
								"up": {"uv": [0, 63], "uv_size": [64, -54]},
								"down": {"uv": [64, 64], "uv_size": [-64, -62]}
							}
						},
						{
							"origin": [-19.624, 3.45054, -18.80165],
							"size": [33.264, 0, 33.264],
							"pivot": [-4, 9, -4.46831],
							"rotation": [-22.5, 0, 0],
							"uv": {
								"north": {"uv": [0, 0], "uv_size": [63, 64]},
								"east": {"uv": [0, 0], "uv_size": [49, 64]},
								"south": {"uv": [0, 0], "uv_size": [64, 64]},
								"west": {"uv": [0, 0], "uv_size": [63, 64]},
								"up": {"uv": [0, 63], "uv_size": [64, -54]},
								"down": {"uv": [64, 64], "uv_size": [-64, -62]}
							}
						}
					]
				}
			]
		}
	]
}