{
	"format_version": "1.12.0",
	"minecraft:geometry": [
		{
			"description": {
				"identifier": "geometry.hellfire",
				"texture_width": 128,
				"texture_height": 128,
				"visible_bounds_width": 6,
				"visible_bounds_height": 22.5,
				"visible_bounds_offset": [0, 10.75, 0]
			},
			"bones": [
				{
					"name": "bone",
					"pivot": [8, 14, -8],
					"cubes": [
						{
							"origin": [-0.68235, 2.85429, -0.66571],
							"size": [1.33142, 9.31997, 1.33142],
							"uv": {
								"north": {"uv": [13, 40], "uv_size": [2, 14]},
								"east": {"uv": [4, 40], "uv_size": [2, 14]},
								"south": {"uv": [7, 40], "uv_size": [2, 14]},
								"west": {"uv": [10, 40], "uv_size": [2, 14]},
								"up": {"uv": [25, 46], "uv_size": [2, 2]},
								"down": {"uv": [60, 2], "uv_size": [2, -2]}
							}
						},
						{
							"origin": [-0.01664, -1.13998, -0.66571],
							"size": [0, 3.99427, 1.33142],
							"uv": {
								"north": {"uv": [49, 60], "uv_size": [0, 6]},
								"east": {"uv": [48, 53], "uv_size": [2, 6]},
								"south": {"uv": [48, 60], "uv_size": [0, 6]},
								"west": {"uv": [50, 53], "uv_size": [-2, 6]},
								"up": {"uv": [55, 52], "uv_size": [2, 0]},
								"down": {"uv": [50, 60], "uv_size": [2, 0]}
							}
						},
						{
							"origin": [-1.01521, 5.51714, -0.99857],
							"size": [1.99714, 0.66571, 1.99714],
							"uv": {
								"north": {"uv": [44, 60], "uv_size": [3, 1]},
								"east": {"uv": [59, 55], "uv_size": [3, 1]},
								"south": {"uv": [16, 60], "uv_size": [3, 1]},
								"west": {"uv": [36, 60], "uv_size": [3, 1]},
								"up": {"uv": [54, 57], "uv_size": [3, 3]},
								"down": {"uv": [58, 15], "uv_size": [3, -3]}
							}
						},
						{
							"origin": [-1.01521, 10.0107, -0.99857],
							"size": [1.99714, 1.33142, 1.99714],
							"uv": {
								"north": {"uv": [59, 52], "uv_size": [3, 2]},
								"east": {"uv": [40, 59], "uv_size": [3, 2]},
								"south": {"uv": [59, 46], "uv_size": [3, 2]},
								"west": {"uv": [59, 49], "uv_size": [3, 2]},
								"up": {"uv": [58, 34], "uv_size": [3, 3]},
								"down": {"uv": [58, 41], "uv_size": [3, -3]}
							}
						},
						{
							"origin": [-1.01521, 12.17426, -4.99284],
							"size": [1.99714, 1.99714, 9.98568],
							"uv": {
								"north": {"uv": [36, 56], "uv_size": [3, 3]},
								"east": {"uv": [36, 0], "uv_size": [15, 3]},
								"south": {"uv": [56, 8], "uv_size": [3, 3]},
								"west": {"uv": [51, 0], "uv_size": [-15, 3]},
								"up": {"uv": [36, 8], "uv_size": [15, 3]},
								"down": {"uv": [36, 15], "uv_size": [15, -3]}
							}
						},
						{
							"origin": [-0.04993, 12.83997, 2.32999],
							"size": [0, 3.32856, 5.3257],
							"uv": {
								"north": {"uv": [50, 61], "uv_size": [0, 5]},
								"east": {"uv": [36, 16], "uv_size": [8, 5]},
								"south": {"uv": [53, 60], "uv_size": [0, 5]},
								"west": {"uv": [44, 16], "uv_size": [-8, 5]},
								"up": {"uv": [61, 59], "uv_size": [8, 0]},
								"down": {"uv": [61, 60], "uv_size": [8, 0]}
							}
						},
						{
							"origin": [-1.02353, 14.1714, -1.66428],
							"size": [2.01378, 3.32856, 3.32856],
							"uv": {
								"north": {"uv": [52, 6], "uv_size": [3, 5]},
								"east": {"uv": [16, 40], "uv_size": [5, 5]},
								"south": {"uv": [52, 0], "uv_size": [3, 5]},
								"west": {"uv": [21, 40], "uv_size": [-5, 5]},
								"up": {"uv": [52, 12], "uv_size": [5, 3]},
								"down": {"uv": [36, 55], "uv_size": [5, -3]}
							}
						},
						{
							"origin": [-1.34807, 12.33722, -2.99917],
							"size": [2.66285, 1.99713, 1.99713],
							"pivot": [-0.03329, 15.33639, 0],
							"rotation": [45, 0, 0],
							"uv": {
								"north": {"uv": [9, 55], "uv_size": [4, 3]},
								"east": {"uv": [58, 16], "uv_size": [3, 3]},
								"south": {"uv": [4, 55], "uv_size": [4, 3]},
								"west": {"uv": [61, 16], "uv_size": [-3, 3]},
								"up": {"uv": [14, 55], "uv_size": [3, 4]},
								"down": {"uv": [18, 59], "uv_size": [3, -4]}
							}
						},
						{
							"origin": [-1.00689, 12.71503, 0.64177],
							"size": [1.98049, 2.66285, 2.66285],
							"pivot": [-0.03329, 15.33639, 0],
							"rotation": [22.5, 0, 0],
							"uv": {
								"north": {"uv": [54, 21], "uv_size": [3, 4]},
								"east": {"uv": [45, 48], "uv_size": [4, 4]},
								"south": {"uv": [54, 16], "uv_size": [3, 4]},
								"west": {"uv": [16, 50], "uv_size": [4, 4]},
								"up": {"uv": [54, 26], "uv_size": [4, 3]},
								"down": {"uv": [54, 33], "uv_size": [4, -3]}
							}
						},
						{
							"origin": [-1.00689, 12.71503, -3.30462],
							"size": [1.98049, 2.66285, 2.66285],
							"pivot": [-0.03329, 15.33639, 0],
							"rotation": [-22.5, 0, 0],
							"uv": {
								"north": {"uv": [54, 39], "uv_size": [3, 4]},
								"east": {"uv": [21, 50], "uv_size": [4, 4]},
								"south": {"uv": [54, 34], "uv_size": [3, 4]},
								"west": {"uv": [50, 48], "uv_size": [4, 4]},
								"up": {"uv": [54, 44], "uv_size": [4, 3]},
								"down": {"uv": [54, 56], "uv_size": [4, -3]}
							}
						},
						{
							"origin": [-0.68235, 15.823, -2.60368],
							"size": [1.33142, 2.66285, 1.33142],
							"uv": {
								"north": {"uv": [10, 59], "uv_size": [2, 4]},
								"east": {"uv": [58, 57], "uv_size": [2, 4]},
								"south": {"uv": [4, 59], "uv_size": [2, 4]},
								"west": {"uv": [7, 59], "uv_size": [2, 4]},
								"up": {"uv": [60, 3], "uv_size": [2, 2]},
								"down": {"uv": [60, 8], "uv_size": [2, -2]}
							}
						},
						{
							"origin": [-0.68235, 15.823, 1.27226],
							"size": [1.33142, 2.66285, 1.33142],
							"uv": {
								"north": {"uv": [59, 29], "uv_size": [2, 4]},
								"east": {"uv": [22, 59], "uv_size": [2, 4]},
								"south": {"uv": [59, 24], "uv_size": [2, 4]},
								"west": {"uv": [25, 59], "uv_size": [2, 4]},
								"up": {"uv": [60, 9], "uv_size": [2, 2]},
								"down": {"uv": [13, 62], "uv_size": [2, -2]}
							}
						},
						{
							"origin": [-0.3495, 16.83424, -2.32999],
							"size": [0.66571, 21.30279, 4.65998],
							"uv": {
								"north": {"uv": [2, 40], "uv_size": [1, 32]},
								"east": {"uv": [35, 33], "uv_size": [-7, 32]},
								"south": {"uv": [0, 40], "uv_size": [1, 32]},
								"west": {"uv": [28, 33], "uv_size": [7, 32]},
								"up": {"uv": [58, 42], "uv_size": [7, 1]},
								"down": {"uv": [59, 45], "uv_size": [7, -1]}
							}
						},
						{
							"origin": [-0.01664, 16.83424, -4.32713],
							"size": [0, 25.96277, 8.65426],
							"uv": {
								"north": {"uv": [21, 60], "uv_size": [0, 39]},
								"east": {"uv": [0, 0], "uv_size": [13, 39]},
								"south": {"uv": [20, 60], "uv_size": [0, 39]},
								"west": {"uv": [13, 0], "uv_size": [-13, 39]},
								"up": {"uv": [61, 57], "uv_size": [13, 0]},
								"down": {"uv": [61, 58], "uv_size": [13, 0]}
							}
						},
						{
							"origin": [-1.02353, 10.3453, -1.32656],
							"size": [2.01378, 1.99713, 5.3257],
							"pivot": [-0.03329, 15.33639, 0],
							"rotation": [22.5, 0, 0],
							"uv": {
								"north": {"uv": [55, 48], "uv_size": [3, 3]},
								"east": {"uv": [36, 40], "uv_size": [8, 3]},
								"south": {"uv": [22, 55], "uv_size": [3, 3]},
								"west": {"uv": [36, 44], "uv_size": [8, 3]},
								"up": {"uv": [45, 16], "uv_size": [8, 3]},
								"down": {"uv": [45, 23], "uv_size": [8, -3]}
							}
						},
						{
							"origin": [-0.04993, 12.83997, -7.65569],
							"size": [0, 3.32856, 5.3257],
							"uv": {
								"north": {"uv": [53, 60], "uv_size": [0, 5]},
								"east": {"uv": [44, 16], "uv_size": [-8, 5]},
								"south": {"uv": [50, 61], "uv_size": [0, 5]},
								"west": {"uv": [36, 16], "uv_size": [8, 5]},
								"up": {"uv": [69, 59], "uv_size": [-8, 0]},
								"down": {"uv": [69, 60], "uv_size": [-8, 0]}
							}
						},
						{
							"origin": [-1.02353, 10.3453, -3.99914],
							"size": [2.01378, 1.99713, 5.3257],
							"pivot": [-0.03329, 15.33639, 0],
							"rotation": [-22.5, 0, 0],
							"uv": {
								"north": {"uv": [56, 4], "uv_size": [3, 3]},
								"east": {"uv": [45, 24], "uv_size": [8, 3]},
								"south": {"uv": [56, 0], "uv_size": [3, 3]},
								"west": {"uv": [45, 28], "uv_size": [8, 3]},
								"up": {"uv": [45, 32], "uv_size": [8, 3]},
								"down": {"uv": [45, 39], "uv_size": [8, -3]}
							}
						}
					]
				}
			]
		}
	]
}