{
	"format_version": "1.12.0",
	"minecraft:geometry": [
		{
			"description": {
				"identifier": "geometry.impact_red",
				"texture_width": 16,
				"texture_height": 16,
				"visible_bounds_width": 4,
				"visible_bounds_height": 4,
				"visible_bounds_offset": [0, 1, 0]
			},
			"bones": [
				{
					"name": "bone",
					"pivot": [-8, 0, -8],
					"rotation": [0, 90, 0],
					"cubes": [
						{
							"origin": [-37.5, -13.5, 0],
							"size": [43, 43, 0],
							"uv": {
								"north": {"uv": [0.032, 0.032], "uv_size": [15.936, 15.936]},
								"east": {"uv": [3.032, 5.032], "uv_size": [3.468, 4.468]},
								"south": {"uv": [15.968, 0.032], "uv_size": [-15.936, 15.936]},
								"west": {"uv": [3.032, 5.032], "uv_size": [3.468, 4.468]},
								"up": {"uv": [6.5, 9.5], "uv_size": [-3.468, -4.468]},
								"down": {"uv": [6.5, 9.5], "uv_size": [-3.468, -4.468]}
							}
						}
					]
				}
			]
		}
	]
}