{
	"format_version": "1.12.0",
	"minecraft:geometry": [
		{
			"description": {
				"identifier": "geometry.reaping_claw",
				"texture_width": 64,
				"texture_height": 64,
				"visible_bounds_width": 3,
				"visible_bounds_height": 2,
				"visible_bounds_offset": [0, 0, 0]
			},
			"bones": [
				{
					"name": "body",
					"pivot": [0.03015, -17.3571, -0.41606],
					"cubes": [
						{
							"origin": [-10.68985, -21.65847, -2.34845],
							"size": [21.44, 0, 8.04],
							"pivot": [-4.03025, -13.47438, -0.21854],
							"rotation": [-22.5, 0, 0],
							"uv": {
								"north": {"uv": [43, 38], "uv_size": [-16, 0]},
								"east": {"uv": [26, 38], "uv_size": [-6, 0]},
								"south": {"uv": [48, 37], "uv_size": [-16, 0]},
								"west": {"uv": [26, 39], "uv_size": [-6, 0]},
								"up": {"uv": [0, 6], "uv_size": [16, -6]},
								"down": {"uv": [0, 0], "uv_size": [16, 6]}
							}
						},
						{
							"origin": [-10.68985, -23.29729, 2.11027],
							"size": [21.44, 0, 5.36],
							"uv": {
								"north": {"uv": [40, 40], "uv_size": [-16, 0]},
								"east": {"uv": [16, 20], "uv_size": [-4, 0]},
								"south": {"uv": [56, 6], "uv_size": [-16, 0]},
								"west": {"uv": [16, 21], "uv_size": [-4, 0]},
								"up": {"uv": [17, 10], "uv_size": [16, -4]},
								"down": {"uv": [17, 6], "uv_size": [16, 4]}
							}
						},
						{
							"origin": [-10.68985, -25.49205, 3.12644],
							"size": [21.44, 0, 6.7],
							"pivot": [-4.03025, -13.47438, -0.21854],
							"rotation": [22.5, 0, 0],
							"uv": {
								"north": {"uv": [57, 7], "uv_size": [-16, 0]},
								"east": {"uv": [5, 41], "uv_size": [-5, 0]},
								"south": {"uv": [56, 39], "uv_size": [-16, 0]},
								"west": {"uv": [11, 41], "uv_size": [-5, 0]},
								"up": {"uv": [0, 19], "uv_size": [16, -5]},
								"down": {"uv": [0, 14], "uv_size": [16, 5]}
							}
						}
					]
				},
				{
					"name": "mid_finger",
					"parent": "body",
					"pivot": [0.03015, -20.17755, -5.41124],
					"cubes": [
						{
							"origin": [-3.31985, -21.85068, -7.09491],
							"size": [6.7, 0, 8.04],
							"pivot": [-4.03025, -13.47438, -0.21854],
							"rotation": [-45, 0, 0],
							"uv": {
								"north": {"uv": [45, 0], "uv_size": [-5, 0]},
								"east": {"uv": [39, 39], "uv_size": [-6, 0]},
								"south": {"uv": [32, 39], "uv_size": [-5, 0]},
								"west": {"uv": [46, 1], "uv_size": [-6, 0]},
								"up": {"uv": [6, 26], "uv_size": [5, -6]},
								"down": {"uv": [6, 20], "uv_size": [5, 6]}
							}
						}
					]
				},
				{
					"name": "mid_finger_end",
					"parent": "mid_finger",
					"pivot": [0.03015, -14.58275, -11.00657],
					"cubes": [
						{
							"origin": [-3.31985, -14.53404, -11.00286],
							"size": [6.7, 8.04, 0],
							"uv": {
								"north": {"uv": [23, 16], "uv_size": [5, 6]},
								"east": {"uv": [20, 40], "uv_size": [0, 6]},
								"south": {"uv": [28, 16], "uv_size": [-5, 6]},
								"west": {"uv": [21, 40], "uv_size": [0, 6]},
								"up": {"uv": [40, 2], "uv_size": [5, 0]},
								"down": {"uv": [40, 3], "uv_size": [5, 0]}
							}
						},
						{
							"origin": [-3.31985, -16.1642, -12.78005],
							"size": [6.7, 8.04, 0],
							"pivot": [-4.03025, -13.47438, -0.21854],
							"rotation": [-45, 0, 0],
							"uv": {
								"north": {"uv": [24, 23], "uv_size": [5, 6]},
								"east": {"uv": [22, 40], "uv_size": [0, 6]},
								"south": {"uv": [29, 23], "uv_size": [-5, 6]},
								"west": {"uv": [23, 40], "uv_size": [0, 6]},
								"up": {"uv": [40, 4], "uv_size": [5, 0]},
								"down": {"uv": [40, 5], "uv_size": [5, 0]}
							}
						}
					]
				},
				{
					"name": "right_finger",
					"parent": "body",
					"pivot": [-7.33985, -20.12755, -5.28624],
					"cubes": [
						{
							"origin": [-10.68985, -21.85068, -7.09491],
							"size": [6.7, 0, 8.04],
							"pivot": [-4.03025, -13.47438, -0.21854],
							"rotation": [-45, 0, 0],
							"uv": {
								"north": {"uv": [41, 10], "uv_size": [5, 0]},
								"east": {"uv": [41, 11], "uv_size": [6, 0]},
								"south": {"uv": [41, 8], "uv_size": [5, 0]},
								"west": {"uv": [41, 9], "uv_size": [6, 0]},
								"up": {"uv": [11, 33], "uv_size": [-5, -6]},
								"down": {"uv": [11, 27], "uv_size": [-5, 6]}
							}
						}
					]
				},
				{
					"name": "right_finger_end",
					"parent": "right_finger",
					"pivot": [-7.33985, -14.58275, -11.08157],
					"cubes": [
						{
							"origin": [-10.68985, -14.53404, -11.00286],
							"size": [6.7, 8.04, 0],
							"uv": {
								"north": {"uv": [22, 16], "uv_size": [-5, 6]},
								"east": {"uv": [19, 37], "uv_size": [0, 6]},
								"south": {"uv": [17, 16], "uv_size": [5, 6]},
								"west": {"uv": [18, 37], "uv_size": [0, 6]},
								"up": {"uv": [25, 37], "uv_size": [-5, 0]},
								"down": {"uv": [31, 37], "uv_size": [-5, 0]}
							}
						},
						{
							"origin": [-10.68985, -16.1642, -12.78005],
							"size": [6.7, 8.04, 0],
							"pivot": [-4.03025, -13.47438, -0.21854],
							"rotation": [-45, 0, 0],
							"uv": {
								"north": {"uv": [17, 30], "uv_size": [-5, 6]},
								"east": {"uv": [25, 41], "uv_size": [0, 6]},
								"south": {"uv": [12, 30], "uv_size": [5, 6]},
								"west": {"uv": [24, 41], "uv_size": [0, 6]},
								"up": {"uv": [46, 12], "uv_size": [-5, 0]},
								"down": {"uv": [31, 41], "uv_size": [-5, 0]}
							}
						}
					]
				},
				{
					"name": "left_finger",
					"parent": "body",
					"pivot": [7.33985, -20.12755, -5.28624],
					"cubes": [
						{
							"origin": [3.98985, -21.85068, -7.09491],
							"size": [6.7, 0, 8.04],
							"pivot": [4.03025, -13.47438, -0.21854],
							"rotation": [-45, 0, 0],
							"uv": {
								"north": {"uv": [46, 10], "uv_size": [-5, 0]},
								"east": {"uv": [47, 9], "uv_size": [-6, 0]},
								"south": {"uv": [46, 8], "uv_size": [-5, 0]},
								"west": {"uv": [47, 11], "uv_size": [-6, 0]},
								"up": {"uv": [6, 33], "uv_size": [5, -6]},
								"down": {"uv": [6, 27], "uv_size": [5, 6]}
							}
						}
					]
				},
				{
					"name": "left_finger_end",
					"parent": "left_finger",
					"pivot": [7.33985, -14.58275, -11.08157],
					"cubes": [
						{
							"origin": [3.98985, -14.53404, -11.00286],
							"size": [6.7, 8.04, 0],
							"uv": {
								"north": {"uv": [17, 16], "uv_size": [5, 6]},
								"east": {"uv": [18, 37], "uv_size": [0, 6]},
								"south": {"uv": [22, 16], "uv_size": [-5, 6]},
								"west": {"uv": [19, 37], "uv_size": [0, 6]},
								"up": {"uv": [20, 37], "uv_size": [5, 0]},
								"down": {"uv": [26, 37], "uv_size": [5, 0]}
							}
						},
						{
							"origin": [3.98985, -16.1642, -12.78005],
							"size": [6.7, 8.04, 0],
							"pivot": [4.03025, -13.47438, -0.21854],
							"rotation": [-45, 0, 0],
							"uv": {
								"north": {"uv": [12, 30], "uv_size": [5, 6]},
								"east": {"uv": [24, 41], "uv_size": [0, 6]},
								"south": {"uv": [17, 30], "uv_size": [-5, 6]},
								"west": {"uv": [25, 41], "uv_size": [0, 6]},
								"up": {"uv": [41, 12], "uv_size": [5, 0]},
								"down": {"uv": [26, 41], "uv_size": [5, 0]}
							}
						}
					]
				},
				{
					"name": "thumb",
					"parent": "body",
					"pivot": [-9.86904, -22.28755, -1.87705],
					"cubes": [
						{
							"origin": [-9.94219, -23.72881, -5.22705],
							"size": [8.04, 0, 6.7],
							"pivot": [-4.03025, -13.47438, -0.21854],
							"rotation": [0, 0, 45],
							"uv": {
								"north": {"uv": [48, 19], "uv_size": [-6, 0]},
								"east": {"uv": [47, 18], "uv_size": [-5, 0]},
								"south": {"uv": [48, 17], "uv_size": [-6, 0]},
								"west": {"uv": [47, 20], "uv_size": [-5, 0]},
								"up": {"uv": [34, 12], "uv_size": [6, -5]},
								"down": {"uv": [34, 7], "uv_size": [6, 5]}
							}
						}
					]
				},
				{
					"name": "thumb_end",
					"parent": "thumb",
					"pivot": [-15.52625, -16.53463, -1.87705],
					"cubes": [
						{
							"origin": [-15.46066, -16.54404, -5.22705],
							"size": [0, 6.7, 6.7],
							"uv": {
								"north": {"uv": [42, 21], "uv_size": [0, 5]},
								"east": {"uv": [36, 25], "uv_size": [5, 5]},
								"south": {"uv": [11, 42], "uv_size": [0, 5]},
								"west": {"uv": [41, 25], "uv_size": [-5, 5]},
								"up": {"uv": [26, 47], "uv_size": [0, -5]},
								"down": {"uv": [27, 42], "uv_size": [0, 5]}
							}
						},
						{
							"origin": [-14.67981, -18.98986, -5.22705],
							"size": [0, 6.7, 6.7],
							"pivot": [-4.03025, -13.47438, -0.21854],
							"rotation": [0, 0, 45],
							"uv": {
								"north": {"uv": [28, 42], "uv_size": [0, 5]},
								"east": {"uv": [12, 37], "uv_size": [5, 5]},
								"south": {"uv": [42, 27], "uv_size": [0, 5]},
								"west": {"uv": [17, 37], "uv_size": [-5, 5]},
								"up": {"uv": [29, 47], "uv_size": [0, -5]},
								"down": {"uv": [30, 42], "uv_size": [0, 5]}
							}
						}
					]
				},
				{
					"name": "particle",
					"parent": "body",
					"pivot": [0.03015, 1.6429, -0.41606]
				}
			]
		}
	]
}