{
	"format_version": "1.12.0",
	"minecraft:geometry": [
		{
			"description": {
				"identifier": "geometry.shadowkill",
				"texture_width": 16,
				"texture_height": 16,
				"visible_bounds_width": 7,
				"visible_bounds_height": 6,
				"visible_bounds_offset": [0, 2, 0]
			},
			"bones": [
				{
					"name": "bone",
					"pivot": [8, 0, -8],
					"cubes": [
						{
							"origin": [-43.5, -12.5, 0],
							"size": [64, 64, 0],
							"pivot": [0, 8, 0],
							"rotation": [0, 0, 45],
							"uv": {
								"north": {"uv": [1.782, 1.532], "uv_size": [12.718, 12.718]},
								"east": {"uv": [3.032, 5.032], "uv_size": [3.468, 4.468]},
								"south": {"uv": [16, 0.032], "uv_size": [-15.968, 15.968]},
								"west": {"uv": [3.032, 5.032], "uv_size": [3.468, 4.468]},
								"up": {"uv": [6.5, 9.5], "uv_size": [-3.468, -4.468]},
								"down": {"uv": [6.5, 9.5], "uv_size": [-3.468, -4.468]}
							}
						},
						{
							"origin": [-20.5, -12.5, 0.125],
							"size": [64, 64, 0],
							"pivot": [0, 8, 0],
							"rotation": [0, 0, -45],
							"uv": {
								"north": {"uv": [14.5, 1.532], "uv_size": [-12.718, 12.718]},
								"east": {"uv": [6.5, 5.032], "uv_size": [-3.468, 4.468]},
								"south": {"uv": [0.032, 0.032], "uv_size": [15.968, 15.968]},
								"west": {"uv": [6.5, 5.032], "uv_size": [-3.468, 4.468]},
								"up": {"uv": [3.032, 9.5], "uv_size": [3.468, -4.468]},
								"down": {"uv": [3.032, 9.5], "uv_size": [3.468, -4.468]}
							}
						}
					]
				}
			]
		}
	]
}