{
	"format_version": "1.12.0",
	"minecraft:geometry": [
		{
			"description": {
				"identifier": "geometry.soul_scythe",
				"texture_width": 32,
				"texture_height": 32,
				"visible_bounds_width": 8,
				"visible_bounds_height": 6.5,
				"visible_bounds_offset": [0, 2.75, 0]
			},
			"bones": [
				{
					"name": "body",
					"pivot": [-15.06452, 34.70764, 16.92033],
					"rotation": [-10, 0, -35],
					"cubes": [
						{
							"origin": [-16.41161, 43.75336, 15.31707],
							"size": [2.88, 21.08, 2.88],
							"uv": {
								"north": {"uv": [3.25, 0], "uv_size": [0.5, 8]},
								"east": {"uv": [4, 0], "uv_size": [0.5, 8]},
								"south": {"uv": [4.75, 0], "uv_size": [0.5, 8]},
								"west": {"uv": [5.5, 0], "uv_size": [0.5, 8]},
								"up": {"uv": [5.5, 8.25], "uv_size": [0.5, 0.5]},
								"down": {"uv": [6.5, 9.75], "uv_size": [0.5, -0.5]}
							}
						},
						{
							"origin": [-16.41161, 0.75336, 12.31707],
							"size": [2.88, 21.08, 2.88],
							"uv": {
								"north": {"uv": [3.25, 0], "uv_size": [0.5, 8]},
								"east": {"uv": [4, 0], "uv_size": [0.5, 8]},
								"south": {"uv": [4.75, 0], "uv_size": [0.5, 8]},
								"west": {"uv": [5.5, 0], "uv_size": [0.5, 8]},
								"up": {"uv": [5.5, 8.25], "uv_size": [0.5, 0.5]},
								"down": {"uv": [6.5, 9.75], "uv_size": [0.5, -0.5]}
							}
						},
						{
							"origin": [-16.41161, 38.67551, -2.51832],
							"size": [2.88, 13.08, 2.88],
							"pivot": [0, 2.92215, -10.83539],
							"rotation": [-22.5, 0, 0],
							"uv": {
								"north": {"uv": [3.25, 0], "uv_size": [0.5, 8]},
								"east": {"uv": [4, 0], "uv_size": [0.5, 8]},
								"south": {"uv": [4.75, 0], "uv_size": [0.5, 8]},
								"west": {"uv": [5.5, 0], "uv_size": [0.5, 8]},
								"up": {"uv": [5.5, 8.25], "uv_size": [0.5, 0.5]},
								"down": {"uv": [6.5, 9.75], "uv_size": [0.5, -0.5]}
							}
						},
						{
							"origin": [-16.41161, 17.94658, 15.24334],
							"size": [2.88, 9.08, 2.88],
							"pivot": [0, 4.19322, -7.07373],
							"rotation": [10, 0, 0],
							"uv": {
								"north": {"uv": [3.25, 0], "uv_size": [0.5, 8]},
								"east": {"uv": [4, 0], "uv_size": [0.5, 8]},
								"south": {"uv": [4.75, 0], "uv_size": [0.5, 8]},
								"west": {"uv": [5.5, 0], "uv_size": [0.5, 8]},
								"up": {"uv": [5.5, 8.25], "uv_size": [0.5, 0.5]},
								"down": {"uv": [6.5, 9.75], "uv_size": [0.5, -0.5]}
							}
						},
						{
							"origin": [-17.13161, 57.63336, 14.59707],
							"size": [4.32, 7.2, 4.32],
							"uv": {
								"north": {"uv": [4, 9.5], "uv_size": [0.75, 1.25]},
								"east": {"uv": [9.5, 4.25], "uv_size": [0.75, 1.25]},
								"south": {"uv": [9.75, 7.75], "uv_size": [0.75, 1.25]},
								"west": {"uv": [9.75, 9.25], "uv_size": [0.75, 1.25]},
								"up": {"uv": [11, 6], "uv_size": [0.75, 0.75]},
								"down": {"uv": [10.75, 11.75], "uv_size": [0.75, -0.75]}
							}
						},
						{
							"origin": [-14.97161, 59.07336, 18.91707],
							"size": [0, 7.2, 4.32],
							"uv": {
								"north": {"uv": [3, 6.75], "uv_size": [0, 1.25]},
								"east": {"uv": [0.75, 9.25], "uv_size": [-0.75, 1.25]},
								"south": {"uv": [10.5, 11.75], "uv_size": [0, 1.25]},
								"west": {"uv": [0, 9.25], "uv_size": [0.75, 1.25]},
								"up": {"uv": [5, 9.5], "uv_size": [0, 0.75]},
								"down": {"uv": [5.25, 10.25], "uv_size": [0, -0.75]}
							}
						},
						{
							"origin": [-17.13161, 1.07336, 11.59707],
							"size": [4.32, 4.44, 4.32],
							"uv": {
								"north": {"uv": [12.5, 11.5], "uv_size": [-0.75, 0.25]},
								"east": {"uv": [12.5, 11], "uv_size": [-0.75, 0.25]},
								"south": {"uv": [12.5, 10.5], "uv_size": [-0.75, 0.25]},
								"west": {"uv": [12.5, 10], "uv_size": [-0.75, 0.25]},
								"up": {"uv": [4.75, 11], "uv_size": [-0.75, 0.75]},
								"down": {"uv": [11.75, 5.75], "uv_size": [-0.75, -0.75]}
							}
						},
						{
							"origin": [-17.13161, 51.03336, 14.59707],
							"size": [4.32, 3.44, 4.32],
							"uv": {
								"north": {"uv": [12.5, 10], "uv_size": [-0.75, 0.25]},
								"east": {"uv": [12.5, 11.5], "uv_size": [-0.75, 0.25]},
								"south": {"uv": [12.5, 11], "uv_size": [-0.75, 0.25]},
								"west": {"uv": [12.5, 10.5], "uv_size": [-0.75, 0.25]},
								"up": {"uv": [4.75, 11], "uv_size": [-0.75, 0.75]},
								"down": {"uv": [11.75, 5.75], "uv_size": [-0.75, -0.75]}
							}
						},
						{
							"origin": [-17.13161, 43.03336, 14.59707],
							"size": [4.32, 3.44, 4.32],
							"uv": {
								"north": {"uv": [12.5, 10], "uv_size": [-0.75, 0.25]},
								"east": {"uv": [12.5, 11.5], "uv_size": [-0.75, 0.25]},
								"south": {"uv": [12.5, 11], "uv_size": [-0.75, 0.25]},
								"west": {"uv": [12.5, 10.5], "uv_size": [-0.75, 0.25]},
								"up": {"uv": [4.75, 11], "uv_size": [-0.75, 0.75]},
								"down": {"uv": [11.75, 5.75], "uv_size": [-0.75, -0.75]}
							}
						},
						{
							"origin": [-17.13161, 37.03336, 3.59707],
							"size": [4.32, 3.44, 4.32],
							"pivot": [0, 0, 0],
							"rotation": [-12.5, 0, 0],
							"uv": {
								"north": {"uv": [12.5, 10], "uv_size": [-0.75, 0.25]},
								"east": {"uv": [12.5, 11.5], "uv_size": [-0.75, 0.25]},
								"south": {"uv": [12.5, 11], "uv_size": [-0.75, 0.25]},
								"west": {"uv": [12.5, 10.5], "uv_size": [-0.75, 0.25]},
								"up": {"uv": [4.75, 11], "uv_size": [-0.75, 0.75]},
								"down": {"uv": [11.75, 5.75], "uv_size": [-0.75, -0.75]}
							}
						},
						{
							"origin": [-17.13161, 29.71336, 10.59707],
							"size": [4.32, 3.44, 4.32],
							"uv": {
								"north": {"uv": [12.5, 10.5], "uv_size": [-0.75, 0.25]},
								"east": {"uv": [12.5, 10], "uv_size": [-0.75, 0.25]},
								"south": {"uv": [12.5, 11.5], "uv_size": [-0.75, 0.25]},
								"west": {"uv": [12.5, 11], "uv_size": [-0.75, 0.25]},
								"up": {"uv": [4.75, 11], "uv_size": [-0.75, 0.75]},
								"down": {"uv": [11.75, 5.75], "uv_size": [-0.75, -0.75]}
							}
						},
						{
							"origin": [-17.13161, 8.39336, 11.59707],
							"size": [4.32, 4.44, 4.32],
							"uv": {
								"north": {"uv": [12.5, 11], "uv_size": [-0.75, 0.25]},
								"east": {"uv": [12.5, 10.5], "uv_size": [-0.75, 0.25]},
								"south": {"uv": [12.5, 10], "uv_size": [-0.75, 0.25]},
								"west": {"uv": [12.5, 11.5], "uv_size": [-0.75, 0.25]},
								"up": {"uv": [4.75, 11], "uv_size": [-0.75, 0.75]},
								"down": {"uv": [11.75, 5.75], "uv_size": [-0.75, -0.75]}
							}
						},
						{
							"origin": [-17.13161, 16.39336, 11.59707],
							"size": [4.32, 4.44, 4.32],
							"uv": {
								"north": {"uv": [12.5, 11], "uv_size": [-0.75, 0.25]},
								"east": {"uv": [12.5, 10.5], "uv_size": [-0.75, 0.25]},
								"south": {"uv": [12.5, 10], "uv_size": [-0.75, 0.25]},
								"west": {"uv": [12.5, 11.5], "uv_size": [-0.75, 0.25]},
								"up": {"uv": [4.75, 11], "uv_size": [-0.75, 0.75]},
								"down": {"uv": [11.75, 5.75], "uv_size": [-0.75, -0.75]}
							}
						},
						{
							"origin": [-17.13161, 22.39336, 11.59707],
							"size": [4.32, 4.44, 4.32],
							"uv": {
								"north": {"uv": [12.5, 11], "uv_size": [-0.75, 0.25]},
								"east": {"uv": [12.5, 10.5], "uv_size": [-0.75, 0.25]},
								"south": {"uv": [12.5, 10], "uv_size": [-0.75, 0.25]},
								"west": {"uv": [12.5, 11.5], "uv_size": [-0.75, 0.25]},
								"up": {"uv": [4.75, 11], "uv_size": [-0.75, 0.75]},
								"down": {"uv": [11.75, 5.75], "uv_size": [-0.75, -0.75]}
							}
						},
						{
							"origin": [-14.97161, -1.60349, -2.88122],
							"size": [0, 7.2, 4.32],
							"pivot": [-14.97161, 44.16864, 7.16505],
							"rotation": [22.5, 0, 0],
							"uv": {
								"north": {"uv": [5, 12.25], "uv_size": [0, 1.25]},
								"east": {"uv": [9.5, 2.75], "uv_size": [0.75, 1.25]},
								"south": {"uv": [5.25, 12.25], "uv_size": [0, 1.25]},
								"west": {"uv": [3, 9.5], "uv_size": [0.75, 1.25]},
								"up": {"uv": [12.25, 5], "uv_size": [0, 0.75]},
								"down": {"uv": [5.5, 13], "uv_size": [0, -0.75]}
							}
						},
						{
							"origin": [-17.14961, 58.5363, 19.11118],
							"size": [4.356, 7.2, 10.08],
							"pivot": [-14.97161, 44.16864, 7.16505],
							"rotation": [22.5, 0, 0],
							"uv": {
								"north": {"uv": [1, 9.25], "uv_size": [0.75, 1.25]},
								"east": {"uv": [6.25, 1.25], "uv_size": [1.75, 1.25]},
								"south": {"uv": [2, 9.25], "uv_size": [0.75, 1.25]},
								"west": {"uv": [6.25, 2.75], "uv_size": [1.75, 1.25]},
								"up": {"uv": [0, 7.25], "uv_size": [0.75, 1.75]},
								"down": {"uv": [1, 9], "uv_size": [0.75, -1.75]}
							}
						},
						{
							"origin": [-17.13161, 63.47334, -5.22553],
							"size": [4.32, 7.2, 10.08],
							"pivot": [-14.97161, 44.16864, 7.16505],
							"rotation": [-22.5, 0, 0],
							"uv": {
								"north": {"uv": [5.5, 9.25], "uv_size": [0.75, 1.25]},
								"east": {"uv": [6.25, 4.25], "uv_size": [1.75, 1.25]},
								"south": {"uv": [8.75, 9.25], "uv_size": [0.75, 1.25]},
								"west": {"uv": [6.25, 5.75], "uv_size": [1.75, 1.25]},
								"up": {"uv": [2, 7.25], "uv_size": [0.75, 1.75]},
								"down": {"uv": [6.25, 9], "uv_size": [0.75, -1.75]}
							}
						},
						{
							"origin": [-12.09161, 64.56791, 7.923],
							"size": [0, 5.76, 4.32],
							"uv": {
								"north": {"uv": [0, 12], "uv_size": [0, 1]},
								"east": {"uv": [10.75, 0], "uv_size": [-0.75, 1]},
								"south": {"uv": [0.25, 12], "uv_size": [0, 1]},
								"west": {"uv": [10, 0], "uv_size": [0.75, 1]},
								"up": {"uv": [12, 0], "uv_size": [0, 0.75]},
								"down": {"uv": [0.5, 12.75], "uv_size": [0, -0.75]}
							}
						},
						{
							"origin": [-14.97161, 56.17317, 14.09828],
							"size": [0, 5.76, 4.32],
							"pivot": [-14.97161, 44.16864, 7.16505],
							"rotation": [22.5, 0, 0],
							"uv": {
								"north": {"uv": [0, 12], "uv_size": [0, 1]},
								"east": {"uv": [10.75, 0], "uv_size": [-0.75, 1]},
								"south": {"uv": [0.25, 12], "uv_size": [0, 1]},
								"west": {"uv": [10, 0], "uv_size": [0.75, 1]},
								"up": {"uv": [12, 0], "uv_size": [0, 0.75]},
								"down": {"uv": [0.5, 12.75], "uv_size": [0, -0.75]}
							}
						},
						{
							"origin": [-14.97161, 54.97808, 5.29141],
							"size": [0, 4.32, 5.76],
							"pivot": [-14.97161, 44.16864, 7.16505],
							"rotation": [-22.5, 0, 0],
							"uv": {
								"north": {"uv": [12, 0.75], "uv_size": [0, -0.75]},
								"east": {"uv": [10.75, 0], "uv_size": [-0.75, 1]},
								"south": {"uv": [0.5, 12], "uv_size": [0, 0.75]},
								"west": {"uv": [10, 0], "uv_size": [0.75, 1]},
								"up": {"uv": [0.25, 13], "uv_size": [0, -1]},
								"down": {"uv": [0, 13], "uv_size": [0, -1]}
							}
						},
						{
							"origin": [-17.13161, 48.72569, 19.0544],
							"size": [4.32, 5.76, 0],
							"pivot": [-14.97161, 44.16864, 7.16505],
							"rotation": [45, 0, 0],
							"uv": {
								"north": {"uv": [10, 0], "uv_size": [0.75, 1]},
								"east": {"uv": [0, 12], "uv_size": [0, 1]},
								"south": {"uv": [10.75, 0], "uv_size": [-0.75, 1]},
								"west": {"uv": [0.25, 12], "uv_size": [0, 1]},
								"up": {"uv": [12, 0], "uv_size": [0, 0.75]},
								"down": {"uv": [0.5, 12.75], "uv_size": [0, -0.75]}
							}
						},
						{
							"origin": [-17.85161, 51.34697, 14.16423],
							"size": [5.76, 4.32, 0],
							"uv": {
								"north": {"uv": [10, 0], "uv_size": [0.75, 1]},
								"east": {"uv": [12, 0.75], "uv_size": [0, -0.75]},
								"south": {"uv": [10.75, 0], "uv_size": [-0.75, 1]},
								"west": {"uv": [0.5, 12], "uv_size": [0, 0.75]},
								"up": {"uv": [0.25, 13], "uv_size": [0, -1]},
								"down": {"uv": [0, 13], "uv_size": [0, -1]}
							}
						},
						{
							"origin": [-22.5551, 60.32015, 10.083],
							"size": [4.32, 5.76, 0],
							"pivot": [-14.97161, 44.16864, 7.16505],
							"rotation": [0, 0, 22.5],
							"uv": {
								"north": {"uv": [10, 0], "uv_size": [0.75, 1]},
								"east": {"uv": [3.25, 12], "uv_size": [0, 1]},
								"south": {"uv": [10.75, 0], "uv_size": [-0.75, 1]},
								"west": {"uv": [3.5, 12], "uv_size": [0, 1]},
								"up": {"uv": [3.75, 12], "uv_size": [0.75, 0]},
								"down": {"uv": [4.75, 12], "uv_size": [0.75, 0]}
							}
						},
						{
							"origin": [-4.62929, 65.06094, 10.083],
							"size": [4.32, 5.76, 0],
							"pivot": [-14.97161, 44.16864, 7.16505],
							"rotation": [0, 0, -22.5],
							"uv": {
								"north": {"uv": [10, 0], "uv_size": [0.75, 1]},
								"east": {"uv": [3.25, 12], "uv_size": [0, 1]},
								"south": {"uv": [10.75, 0], "uv_size": [-0.75, 1]},
								"west": {"uv": [3.5, 12], "uv_size": [0, 1]},
								"up": {"uv": [3.75, 12], "uv_size": [0.75, 0]},
								"down": {"uv": [4.75, 12], "uv_size": [0.75, 0]}
							}
						},
						{
							"origin": [-17.85161, 71.29943, -3.22364],
							"size": [5.76, 0, 4.32],
							"pivot": [-14.97161, 44.16864, 7.16505],
							"rotation": [-22.5, 0, 0],
							"uv": {
								"north": {"uv": [3.5, 12], "uv_size": [0, 1]},
								"east": {"uv": [5.5, 12], "uv_size": [-0.75, 0]},
								"south": {"uv": [3.25, 12], "uv_size": [0, 1]},
								"west": {"uv": [4.5, 12], "uv_size": [-0.75, 0]},
								"up": {"uv": [10.75, 1], "uv_size": [-0.75, -1]},
								"down": {"uv": [10, 1], "uv_size": [0.75, -1]}
							}
						},
						{
							"origin": [-17.85161, 62.18229, 7.6102],
							"size": [5.76, 0, 4.32],
							"uv": {
								"north": {"uv": [3.5, 12], "uv_size": [0, 1]},
								"east": {"uv": [5.5, 12], "uv_size": [-0.75, 0]},
								"south": {"uv": [3.25, 12], "uv_size": [0, 1]},
								"west": {"uv": [4.5, 12], "uv_size": [-0.75, 0]},
								"up": {"uv": [10.75, 1], "uv_size": [-0.75, -1]},
								"down": {"uv": [10, 1], "uv_size": [0.75, -1]}
							}
						},
						{
							"origin": [-29.63394, 65.06094, 10.119],
							"size": [4.32, 5.76, 0],
							"pivot": [-14.97161, 44.16864, 7.16505],
							"rotation": [0, 0, 22.5],
							"uv": {
								"north": {"uv": [10.75, 0], "uv_size": [-0.75, 1]},
								"east": {"uv": [3.5, 12], "uv_size": [0, 1]},
								"south": {"uv": [10, 0], "uv_size": [0.75, 1]},
								"west": {"uv": [3.25, 12], "uv_size": [0, 1]},
								"up": {"uv": [4.5, 12], "uv_size": [-0.75, 0]},
								"down": {"uv": [5.5, 12], "uv_size": [-0.75, 0]}
							}
						},
						{
							"origin": [-17.85161, 64.56791, 7.959],
							"size": [0, 5.76, 4.32],
							"uv": {
								"north": {"uv": [0, 12], "uv_size": [0, 1]},
								"east": {"uv": [10.75, 0], "uv_size": [-0.75, 1]},
								"south": {"uv": [0.25, 12], "uv_size": [0, 1]},
								"west": {"uv": [10, 0], "uv_size": [0.75, 1]},
								"up": {"uv": [12, 0], "uv_size": [0, 0.75]},
								"down": {"uv": [0.5, 12.75], "uv_size": [0, -0.75]}
							}
						},
						{
							"origin": [-11.70813, 60.32015, 10.119],
							"size": [4.32, 5.76, 0],
							"pivot": [-14.97161, 44.16864, 7.16505],
							"rotation": [0, 0, -22.5],
							"uv": {
								"north": {"uv": [10.75, 0], "uv_size": [-0.75, 1]},
								"east": {"uv": [3.5, 12], "uv_size": [0, 1]},
								"south": {"uv": [10, 0], "uv_size": [0.75, 1]},
								"west": {"uv": [3.25, 12], "uv_size": [0, 1]},
								"up": {"uv": [4.5, 12], "uv_size": [-0.75, 0]},
								"down": {"uv": [5.5, 12], "uv_size": [-0.75, 0]}
							}
						},
						{
							"origin": [-17.85161, 64.56791, 7.923],
							"size": [0, 5.76, 4.32],
							"uv": {
								"north": {"uv": [12, 6.75], "uv_size": [0, 1]},
								"east": {"uv": [0, 10.75], "uv_size": [0.75, 1]},
								"south": {"uv": [12, 8], "uv_size": [0, 1]},
								"west": {"uv": [1, 10.75], "uv_size": [0.75, 1]},
								"up": {"uv": [10.75, 12], "uv_size": [0, 0.75]},
								"down": {"uv": [11, 12.75], "uv_size": [0, -0.75]}
							}
						},
						{
							"origin": [-17.85161, 69.2341, 7.48924],
							"size": [5.76, 5.76, 5.76],
							"pivot": [-14.97161, 44.16864, 7.16505],
							"rotation": [-22.5, 0, 0],
							"uv": {
								"north": {"uv": [8.25, 2.75], "uv_size": [1, 1]},
								"east": {"uv": [3, 8.25], "uv_size": [1, 1]},
								"south": {"uv": [8.25, 4], "uv_size": [1, 1]},
								"west": {"uv": [4.25, 8.25], "uv_size": [1, 1]},
								"up": {"uv": [8.25, 5.25], "uv_size": [1, 1]},
								"down": {"uv": [8.75, 7.5], "uv_size": [1, -1]}
							}
						},
						{
							"origin": [-14.97161, 70.67185, 15.27279],
							"size": [0, 11.84, 17.28],
							"uv": {
								"north": {"uv": [2.5, 12.25], "uv_size": [0, 2.75]},
								"east": {"uv": [3, 0], "uv_size": [-3, 2.75]},
								"south": {"uv": [2.75, 12.25], "uv_size": [0, 2.75]},
								"west": {"uv": [0, 3], "uv_size": [3, 2.75]},
								"up": {"uv": [3, 12.25], "uv_size": [0, 3]},
								"down": {"uv": [4.75, 15.25], "uv_size": [0, -3]}
							}
						},
						{
							"origin": [-14.97161, 56.67185, 14.27279],
							"size": [0, 20.84, 28.28],
							"uv": {
								"north": {"uv": [2.5, 12.25], "uv_size": [0, 2.75]},
								"east": {"uv": [3, 0], "uv_size": [-3, 2.75]},
								"south": {"uv": [2.75, 12.25], "uv_size": [0, 2.75]},
								"west": {"uv": [10.75, 23], "uv_size": [5.25, 5.5]},
								"up": {"uv": [3, 12.25], "uv_size": [0, 3]},
								"down": {"uv": [4.75, 15.25], "uv_size": [0, -3]}
							}
						},
						{
							"origin": [-14.97161, 45.67185, -34.72721],
							"size": [0, 38.84, 47.28],
							"uv": {
								"north": {"uv": [2.5, 12.25], "uv_size": [0, 2.75]},
								"east": {"uv": [3, 0], "uv_size": [-3, 2.75]},
								"south": {"uv": [2.75, 12.25], "uv_size": [0, 2.75]},
								"west": {"uv": [16.25, 2.25], "uv_size": [11.75, 10.25]},
								"up": {"uv": [3, 12.25], "uv_size": [0, 3]},
								"down": {"uv": [4.75, 15.25], "uv_size": [0, -3]}
							}
						},
						{
							"origin": [-12.97161, 65.67185, 7.27279],
							"size": [0, 17.84, 19.28],
							"uv": {
								"north": {"uv": [2.5, 12.25], "uv_size": [0, 2.75]},
								"east": {"uv": [15.25, 0], "uv_size": [-2.5, 2.75]},
								"south": {"uv": [2.75, 12.25], "uv_size": [0, 2.75]},
								"west": {"uv": [12.5, 16], "uv_size": [7.25, 5.75]},
								"up": {"uv": [3, 12.25], "uv_size": [0, 3]},
								"down": {"uv": [4.75, 15.25], "uv_size": [0, -3]}
							}
						},
						{
							"origin": [-12.97161, 52.67185, 20.27279],
							"size": [0, 17.84, 6.28],
							"uv": {
								"north": {"uv": [2.5, 12.25], "uv_size": [0, 2.75]},
								"east": {"uv": [15.25, 0], "uv_size": [-2.5, 2.75]},
								"south": {"uv": [2.75, 12.25], "uv_size": [0, 2.75]},
								"west": {"uv": [23.5, 21.5], "uv_size": [2.5, 6.25]},
								"up": {"uv": [3, 12.25], "uv_size": [0, 3]},
								"down": {"uv": [4.75, 15.25], "uv_size": [0, -3]}
							}
						},
						{
							"origin": [-12.97161, 52.67185, 3.27279],
							"size": [0, 17.84, 6.28],
							"uv": {
								"north": {"uv": [2.5, 12.25], "uv_size": [0, 2.75]},
								"east": {"uv": [15.25, 0], "uv_size": [-2.5, 2.75]},
								"south": {"uv": [2.75, 12.25], "uv_size": [0, 2.75]},
								"west": {"uv": [23.5, 21.5], "uv_size": [2.5, 6.25]},
								"up": {"uv": [3, 12.25], "uv_size": [0, 3]},
								"down": {"uv": [4.75, 15.25], "uv_size": [0, -3]}
							}
						},
						{
							"origin": [-16.97161, 52.67185, 3.27279],
							"size": [0, 17.84, 6.28],
							"uv": {
								"north": {"uv": [2.5, 12.25], "uv_size": [0, 2.75]},
								"east": {"uv": [15.25, 0], "uv_size": [-2.5, 2.75]},
								"south": {"uv": [2.75, 12.25], "uv_size": [0, 2.75]},
								"west": {"uv": [23.5, 21.5], "uv_size": [2.5, 6.25]},
								"up": {"uv": [3, 12.25], "uv_size": [0, 3]},
								"down": {"uv": [4.75, 15.25], "uv_size": [0, -3]}
							}
						},
						{
							"origin": [-16.97161, 52.67185, 20.27279],
							"size": [0, 17.84, 6.28],
							"uv": {
								"north": {"uv": [2.5, 12.25], "uv_size": [0, 2.75]},
								"east": {"uv": [15.25, 0], "uv_size": [-2.5, 2.75]},
								"south": {"uv": [2.75, 12.25], "uv_size": [0, 2.75]},
								"west": {"uv": [23.5, 21.5], "uv_size": [2.5, 6.25]},
								"up": {"uv": [3, 12.25], "uv_size": [0, 3]},
								"down": {"uv": [4.75, 15.25], "uv_size": [0, -3]}
							}
						},
						{
							"origin": [-15.97161, 65.67185, 7.27279],
							"size": [0, 17.84, 19.28],
							"uv": {
								"north": {"uv": [2.5, 12.25], "uv_size": [0, 2.75]},
								"east": {"uv": [15.25, 0], "uv_size": [-2.5, 2.75]},
								"south": {"uv": [2.75, 12.25], "uv_size": [0, 2.75]},
								"west": {"uv": [12.5, 16], "uv_size": [7.25, 5.75]},
								"up": {"uv": [3, 12.25], "uv_size": [0, 3]},
								"down": {"uv": [4.75, 15.25], "uv_size": [0, -3]}
							}
						},
						{
							"origin": [-17.13161, 72.09595, 0.98971],
							"size": [4.32, 2.88, 4.32],
							"pivot": [-14.97161, 44.16864, 7.16505],
							"rotation": [-45, 0, 0],
							"uv": {
								"north": {"uv": [11.5, 1], "uv_size": [0.75, 0.5]},
								"east": {"uv": [11.5, 1.75], "uv_size": [0.75, 0.5]},
								"south": {"uv": [11.5, 2.5], "uv_size": [0.75, 0.5]},
								"west": {"uv": [11.5, 3.25], "uv_size": [0.75, 0.5]},
								"up": {"uv": [9.75, 10.75], "uv_size": [0.75, 0.75]},
								"down": {"uv": [10.75, 10.75], "uv_size": [0.75, -0.75]}
							}
						},
						{
							"origin": [-16.41161, 64.75233, 10.97979],
							"size": [2.88, 5.76, 5.4],
							"pivot": [-14.97161, 44.16864, 7.16505],
							"rotation": [22.5, 0, 0],
							"uv": {
								"north": {"uv": [6, 11.25], "uv_size": [0.5, 1]},
								"east": {"uv": [0, 6], "uv_size": [2.5, 1]},
								"south": {"uv": [6.75, 11.25], "uv_size": [0.5, 1]},
								"west": {"uv": [6.25, 0], "uv_size": [2.5, 1]},
								"up": {"uv": [7.25, 7.25], "uv_size": [0.5, 2.5]},
								"down": {"uv": [8, 9.75], "uv_size": [0.5, -2.5]}
							}
						},
						{
							"origin": [-15.69161, 65.61135, 16.93579],
							"size": [1.44, 2.88, 11.52],
							"pivot": [-14.97161, 44.16864, 7.16505],
							"rotation": [45, 0, 0],
							"uv": {
								"north": {"uv": [2.75, 6], "uv_size": [0.25, 0.5]},
								"east": {"uv": [8.25, 1.25], "uv_size": [2, 0.5]},
								"south": {"uv": [8.25, 6.5], "uv_size": [0.25, 0.5]},
								"west": {"uv": [8.25, 2], "uv_size": [2, 0.5]},
								"up": {"uv": [7.5, 11.25], "uv_size": [0.25, 2]},
								"down": {"uv": [8, 13.25], "uv_size": [0.25, -2]}
							}
						}
					]
				}
			]
		}
	]
}