{
	"format_version": "1.12.0",
	"minecraft:geometry": [
		{
			"description": {
				"identifier": "geometry.surge",
				"texture_width": 16,
				"texture_height": 16,
				"visible_bounds_width": 4,
				"visible_bounds_height": 3.5,
				"visible_bounds_offset": [0, 1.25, 0]
			},
			"bones": [
				{
					"name": "bone",
					"pivot": [-25, 8, -4],
					"rotation": [0, -90, 90],
					"cubes": [
						{
							"origin": [-42.27024, 34.9, -10.5],
							"size": [16, 0, 35],
							"uv": {
								"north": {"uv": [16, 0], "uv_size": [-5.5082, 0]},
								"east": {"uv": [16, 0], "uv_size": [-5.5082, 0]},
								"south": {"uv": [16, 0], "uv_size": [-5.5082, 0]},
								"west": {"uv": [16, 0], "uv_size": [-5.5082, 0]},
								"up": {"uv": [10.22951, 3.14754], "uv_size": [5.5082, 11.01639]},
								"down": {"uv": [10.4918, 0], "uv_size": [5.5082, 0]}
							}
						},
						{
							"origin": [-42.27024, 35.1, -10.5],
							"size": [16, 0, 35],
							"uv": {
								"north": {"uv": [16, 0], "uv_size": [-5.5082, 0]},
								"east": {"uv": [16, 0], "uv_size": [-5.5082, 0]},
								"south": {"uv": [16, 0], "uv_size": [-5.5082, 0]},
								"west": {"uv": [16, 0], "uv_size": [-5.5082, 0]},
								"up": {"uv": [10.22951, 3.14754], "uv_size": [5.5082, 11.01639]},
								"down": {"uv": [10.4918, 0], "uv_size": [5.5082, 0]}
							}
						},
						{
							"origin": [-41.07024, 35, -10.4],
							"size": [16, 0, 35],
							"pivot": [-23.77024, 20.975, 7],
							"rotation": [0, -70, 0],
							"uv": {
								"north": {"uv": [16, 0], "uv_size": [0, 16]},
								"east": {"uv": [16, 0], "uv_size": [0, 16]},
								"south": {"uv": [16, 0], "uv_size": [0, 16]},
								"west": {"uv": [16, 0], "uv_size": [0, 16]},
								"up": {"uv": [0, 3.14754], "uv_size": [5.5082, 11.01639]},
								"down": {"uv": [16, 0], "uv_size": [0, 16]}
							}
						}
					]
				},
				{
					"name": "bone2",
					"pivot": [-4.27024, 37, 0],
					"rotation": [0, -52.5, -180],
					"cubes": [
						{
							"origin": [-30.27024, 63.9, -18.5],
							"size": [16, 0, 35],
							"uv": {
								"north": {"uv": [16, 0], "uv_size": [-5.5082, 0]},
								"east": {"uv": [16, 0], "uv_size": [-5.5082, 0]},
								"south": {"uv": [16, 0], "uv_size": [-5.5082, 0]},
								"west": {"uv": [16, 0], "uv_size": [-5.5082, 0]},
								"up": {"uv": [10.22951, 3.14754], "uv_size": [5.5082, 11.01639]},
								"down": {"uv": [10.4918, 0], "uv_size": [5.5082, 0]}
							}
						},
						{
							"origin": [-30.27024, 64.1, -18.5],
							"size": [16, 0, 35],
							"uv": {
								"north": {"uv": [16, 0], "uv_size": [-5.5082, 0]},
								"east": {"uv": [16, 0], "uv_size": [-5.5082, 0]},
								"south": {"uv": [16, 0], "uv_size": [-5.5082, 0]},
								"west": {"uv": [16, 0], "uv_size": [-5.5082, 0]},
								"up": {"uv": [10.22951, 3.14754], "uv_size": [5.5082, 11.01639]},
								"down": {"uv": [10.4918, 0], "uv_size": [5.5082, 0]}
							}
						},
						{
							"origin": [-29.07024, 64, -18.4],
							"size": [16, 0, 35],
							"pivot": [-11.77024, 49.975, -1],
							"rotation": [0, -70, 0],
							"uv": {
								"north": {"uv": [16, 0], "uv_size": [0, 16]},
								"east": {"uv": [16, 0], "uv_size": [0, 16]},
								"south": {"uv": [16, 0], "uv_size": [0, 16]},
								"west": {"uv": [16, 0], "uv_size": [0, 16]},
								"up": {"uv": [0, 3.14754], "uv_size": [5.5082, 11.01639]},
								"down": {"uv": [16, 0], "uv_size": [0, 16]}
							}
						}
					]
				}
			]
		}
	]
}